reporting_period,reporting_date,customer_id,total_rentals,total_payment_amount
Day,2022-05-25,196,1,11.99
Day,2022-05-25,304,1,10.99
Day,2022-05-26,47,3,15.97
Day,2022-05-26,104,1,10.99
Day,2022-05-26,515,2,15.98
Day,2022-05-26,533,2,2.98
Day,2022-05-27,105,3,19.97
Day,2022-05-27,246,2,14.98
Day,2022-05-28,159,2,2.98
Day,2022-05-28,161,3,9.97
Day,2022-05-28,315,2,13.98
Day,2022-05-29,313,3,4.97
Day,2022-05-29,433,1,10.99
Day,2022-05-29,480,2,16.98
Day,2022-05-30,154,2,13.98
Day,2022-05-30,276,1,10.99
Day,2022-05-30,502,3,4.97
Day,2022-05-31,109,3,15.97
Day,2022-05-31,124,3,14.97
Day,2022-05-31,214,3,6.97
Day,2022-05-31,239,2,13.98
Day,2022-06-15,33,1,10.99
Day,2022-06-15,51,2,2.98
Day,2022-06-15,89,2,16.98
Day,2022-06-15,178,2,13.98
Day,2022-06-15,242,3,14.97
Day,2022-06-15,403,2,13.98
Day,2022-06-15,444,3,6.97
Day,2022-06-15,530,2,2.98
Day,2022-06-15,539,3,9.97
Day,2022-06-16,3,2,15.98
Day,2022-06-16,4,3,4.97
Day,2022-06-16,131,2,14.98
Day,2022-06-16,176,2,14.98
Day,2022-06-16,259,3,18.97
Day,2022-06-16,293,2,15.98
Day,2022-06-16,352,3,14.97
Day,2022-06-16,416,3,4.97
Day,2022-06-16,426,2,14.98
Day,2022-06-16,516,1,10.99
Day,2022-06-16,517,3,18.97
Day,2022-06-16,574,3,7.97
Day,2022-06-17,16,2,14.98
Day,2022-06-17,30,3,9.97
Day,2022-06-17,260,4,17.96
Day,2022-06-17,261,3,18.97
Day,2022-06-17,308,3,6.97
Day,2022-06-17,329,3,7.97
Day,2022-06-17,454,4,18.96
Day,2022-06-17,465,2,13.98
Day,2022-06-17,479,4,13.96
Day,2022-06-18,21,3,15.97
Day,2022-06-18,31,4,16.96
Day,2022-06-18,74,2,2.98
Day,2022-06-18,122,3,9.97
Day,2022-06-18,149,3,18.97
Day,2022-06-18,176,3,7.97
Day,2022-06-18,194,3,14.97
Day,2022-06-18,241,3,7.97
Day,2022-06-18,297,3,16.97
Day,2022-06-18,382,4,10.96
Day,2022-06-18,384,2,13.98
Day,2022-06-18,434,3,15.97
Day,2022-06-18,446,3,15.97
Day,2022-06-18,452,3,6.97
Day,2022-06-18,477,2,13.98
Day,2022-06-19,23,2,2.98
Day,2022-06-19,29,5,15.95
Day,2022-06-19,129,3,9.97
Day,2022-06-19,221,1,10.99
Day,2022-06-19,246,2,2.98
Day,2022-06-19,262,2,15.98
Day,2022-06-19,267,3,14.97
Day,2022-06-19,289,1,10.99
Day,2022-06-19,309,3,20.97
Day,2022-06-19,368,3,14.97
Day,2022-06-19,420,3,5.97
Day,2022-06-19,423,2,13.98
Day,2022-06-19,453,2,13.98
Day,2022-06-19,457,3,9.97
Day,2022-06-19,478,3,20.97
Day,2022-06-19,506,2,16.98
Day,2022-06-19,589,2,17.98
Day,2022-06-20,31,3,5.97
Day,2022-06-20,46,2,13.98
Day,2022-06-20,107,4,9.96
Day,2022-06-20,113,3,16.97
Day,2022-06-20,151,3,7.97
Day,2022-06-20,267,2,2.98
Day,2022-06-20,289,2,13.98
Day,2022-06-20,322,2,13.98
Day,2022-06-20,347,2,13.98
Day,2022-06-20,349,2,15.98
Day,2022-06-20,377,3,5.97
Day,2022-06-20,384,3,18.97
Day,2022-06-20,459,3,6.97
Day,2022-06-20,511,1,10.99
Day,2022-06-20,542,1,10.99
Day,2022-06-20,571,1,10.99
Day,2022-06-20,590,2,16.98
Day,2022-06-21,21,1,10.99
Day,2022-06-21,431,2,15.98
Day,2022-06-21,444,2,13.98
Day,2022-06-21,501,2,13.98
Day,2022-06-21,510,2,14.98
Day,2022-06-21,550,2,20.98
Day,2022-06-21,558,1,10.99
Day,2022-07-06,68,3,6.97
Day,2022-07-06,88,4,13.96
Day,2022-07-06,92,2,16.98
Day,2022-07-06,100,2,14.98
Day,2022-07-06,111,2,13.98
Day,2022-07-06,129,3,6.97
Day,2022-07-06,137,3,17.97
Day,2022-07-06,187,1,10.99
Day,2022-07-06,228,4,17.96
Day,2022-07-06,235,3,14.97
Day,2022-07-06,283,4,17.96
Day,2022-07-06,310,1,10.99
Day,2022-07-06,331,2,13.98
Day,2022-07-06,402,3,16.97
Day,2022-07-06,414,1,10.99
Day,2022-07-06,421,2,14.98
Day,2022-07-06,469,2,15.98
Day,2022-07-06,470,3,15.97
Day,2022-07-06,485,3,3.97
Day,2022-07-06,501,2,13.98
Day,2022-07-06,504,2,16.98
Day,2022-07-06,545,2,14.98
Day,2022-07-06,553,5,22.95
Day,2022-07-06,558,3,14.97
Day,2022-07-06,566,3,9.97
Day,2022-07-06,583,3,17.97
Day,2022-07-06,592,2,14.98
Day,2022-07-07,25,3,6.97
Day,2022-07-07,26,5,20.95
Day,2022-07-07,66,3,14.97
Day,2022-07-07,141,2,2.98
Day,2022-07-07,145,4,23.96
Day,2022-07-07,210,4,12.96
Day,2022-07-07,286,2,16.98
Day,2022-07-07,290,3,6.97
Day,2022-07-07,331,3,21.97
Day,2022-07-07,332,2,13.98
Day,2022-07-07,335,4,17.96
Day,2022-07-07,377,3,2.97
Day,2022-07-07,448,3,5.97
Day,2022-07-07,492,3,18.97
Day,2022-07-07,517,4,17.96
Day,2022-07-07,529,3,7.97
Day,2022-07-07,563,2,2.98
Day,2022-07-07,591,1,11.99
Day,2022-07-08,9,2,2.98
Day,2022-07-08,39,3,23.97
Day,2022-07-08,100,2,15.98
Day,2022-07-08,104,3,15.97
Day,2022-07-08,129,3,4.97
Day,2022-07-08,133,4,19.96
Day,2022-07-08,180,2,17.98
Day,2022-07-08,182,8,16.92
Day,2022-07-08,197,2,13.98
Day,2022-07-08,199,3,16.97
Day,2022-07-08,210,4,21.96
Day,2022-07-08,212,3,21.97
Day,2022-07-08,284,2,15.98
Day,2022-07-08,348,4,20.96
Day,2022-07-08,393,3,22.97
Day,2022-07-08,404,4,21.96
Day,2022-07-08,424,3,7.97
Day,2022-07-08,425,4,27.96
Day,2022-07-08,434,2,17.98
Day,2022-07-08,451,3,16.97
Day,2022-07-08,474,4,9.96
Day,2022-07-08,497,3,6.97
Day,2022-07-08,506,3,23.97
Day,2022-07-08,522,2,14.98
Day,2022-07-08,535,3,16.97
Day,2022-07-08,553,3,9.97
Day,2022-07-08,556,3,7.97
Day,2022-07-08,557,2,2.98
Day,2022-07-08,563,7,29.93
Day,2022-07-08,581,4,17.96
Day,2022-07-08,585,2,14.98
Day,2022-07-08,593,3,6.97
Day,2022-07-09,12,4,6.96
Day,2022-07-09,29,1,10.99
Day,2022-07-09,30,3,16.97
Day,2022-07-09,45,2,14.98
Day,2022-07-09,51,3,16.97
Day,2022-07-09,64,3,7.97
Day,2022-07-09,102,4,23.96
Day,2022-07-09,139,4,24.96
Day,2022-07-09,144,3,17.97
Day,2022-07-09,149,2,13.98
Day,2022-07-09,167,4,11.96
Day,2022-07-09,178,3,18.97
Day,2022-07-09,207,3,6.97
Day,2022-07-09,254,3,9.97
Day,2022-07-09,273,2,15.98
Day,2022-07-09,289,2,13.98
Day,2022-07-09,332,5,9.95
Day,2022-07-09,372,4,17.96
Day,2022-07-09,410,4,17.96
Day,2022-07-09,452,2,2.98
Day,2022-07-09,463,3,6.97
Day,2022-07-09,475,4,14.96
Day,2022-07-09,499,3,9.97
Day,2022-07-09,532,3,15.97
Day,2022-07-09,538,3,16.97
Day,2022-07-09,539,3,15.97
Day,2022-07-10,44,4,24.96
Day,2022-07-10,50,3,21.97
Day,2022-07-10,63,3,16.97
Day,2022-07-10,71,3,18.97
Day,2022-07-10,92,3,17.97
Day,2022-07-10,131,3,9.97
Day,2022-07-10,163,2,15.98
Day,2022-07-10,170,3,15.97
Day,2022-07-10,187,2,15.98
Day,2022-07-10,211,3,14.97
Day,2022-07-10,220,3,6.97
Day,2022-07-10,244,3,9.97
Day,2022-07-10,254,4,19.96
Day,2022-07-10,255,2,2.98
Day,2022-07-10,300,2,13.98
Day,2022-07-10,304,3,9.97
Day,2022-07-10,305,2,13.98
Day,2022-07-10,316,2,13.98
Day,2022-07-10,364,1,10.99
Day,2022-07-10,419,3,5.97
Day,2022-07-10,430,2,13.98
Day,2022-07-10,440,3,4.97
Day,2022-07-10,484,4,20.96
Day,2022-07-10,508,2,16.98
Day,2022-07-10,520,3,19.97
Day,2022-07-11,6,2,13.98
Day,2022-07-11,47,3,14.97
Day,2022-07-11,66,3,18.97
Day,2022-07-11,115,3,6.97
Day,2022-07-11,117,2,16.98
Day,2022-07-11,122,3,2.97
Day,2022-07-11,140,2,14.98
Day,2022-07-11,145,3,5.97
Day,2022-07-11,146,3,19.97
Day,2022-07-11,155,4,18.96
Day,2022-07-11,216,2,14.98
Day,2022-07-11,283,3,3.97
Day,2022-07-11,285,4,14.96
Day,2022-07-11,297,3,14.97
Day,2022-07-11,342,2,13.98
Day,2022-07-11,357,3,16.97
Day,2022-07-11,386,4,14.96
Day,2022-07-11,472,3,18.97
Day,2022-07-11,482,2,16.98
Day,2022-07-11,525,2,14.98
Day,2022-07-12,13,3,6.97
Day,2022-07-12,64,3,3.97
Day,2022-07-12,75,3,4.97
Day,2022-07-12,144,2,17.98
Day,2022-07-12,148,2,19.98
Day,2022-07-12,151,3,5.97
Day,2022-07-12,178,3,15.97
Day,2022-07-12,198,3,14.97
Day,2022-07-12,231,2,2.98
Day,2022-07-12,262,4,26.96
Day,2022-07-12,273,4,19.96
Day,2022-07-12,322,3,9.97
Day,2022-07-12,330,3,6.97
Day,2022-07-12,361,3,7.97
Day,2022-07-12,371,2,2.98
Day,2022-07-12,376,3,18.97
Day,2022-07-12,414,3,9.97
Day,2022-07-12,446,4,13.96
Day,2022-07-12,447,2,2.98
Day,2022-07-12,462,4,20.96
Day,2022-07-12,483,2,14.98
Day,2022-07-12,490,3,16.97
Day,2022-07-12,516,2,13.98
Day,2022-07-12,529,3,20.97
Day,2022-07-12,546,3,19.97
Day,2022-07-12,557,4,10.96
Day,2022-07-12,558,3,15.97
Day,2022-07-12,571,2,17.98
Day,2022-07-12,598,4,14.96
Day,2022-07-26,470,2,16.98
Day,2022-07-27,2,3,16.97
Day,2022-07-27,3,2,16.98
Day,2022-07-27,31,4,11.96
Day,2022-07-27,34,3,6.97
Day,2022-07-27,38,3,16.97
Day,2022-07-27,58,2,14.98
Day,2022-07-27,60,3,5.97
Day,2022-07-27,64,3,5.97
Day,2022-07-27,88,2,14.98
Day,2022-07-27,106,3,9.97
Day,2022-07-27,110,3,4.97
Day,2022-07-27,121,3,4.97
Day,2022-07-27,154,3,14.97
Day,2022-07-27,172,4,16.96
Day,2022-07-27,176,4,13.96
Day,2022-07-27,179,3,16.97
Day,2022-07-27,198,4,10.96
Day,2022-07-27,209,3,15.97
Day,2022-07-27,218,2,13.98
Day,2022-07-27,233,2,13.98
Day,2022-07-27,240,3,18.97
Day,2022-07-27,245,4,16.96
Day,2022-07-27,252,3,6.97
Day,2022-07-27,257,5,18.95
Day,2022-07-27,260,2,2.98
Day,2022-07-27,285,2,16.98
Day,2022-07-27,286,4,9.96
Day,2022-07-27,307,2,13.98
Day,2022-07-27,316,4,15.96
Day,2022-07-27,332,4,24.96
Day,2022-07-27,352,4,22.96
Day,2022-07-27,354,3,4.97
Day,2022-07-27,366,3,9.97
Day,2022-07-27,370,2,14.98
Day,2022-07-27,373,3,5.97
Day,2022-07-27,380,4,15.96
Day,2022-07-27,406,4,23.96
Day,2022-07-27,410,3,15.97
Day,2022-07-27,411,3,5.97
Day,2022-07-27,423,5,24.95
Day,2022-07-27,426,2,15.98
Day,2022-07-27,450,3,4.97
Day,2022-07-27,462,2,15.98
Day,2022-07-27,469,2,13.98
Day,2022-07-27,498,3,16.97
Day,2022-07-27,508,3,17.97
Day,2022-07-27,524,2,13.98
Day,2022-07-27,526,4,16.96
Day,2022-07-27,562,3,9.97
Day,2022-07-27,564,1,10.99
Day,2022-07-27,582,4,20.96
Day,2022-07-27,591,4,20.96
Day,2022-07-27,592,3,9.97
Day,2022-07-27,595,4,14.96
Day,2022-07-28,1,4,11.96
Day,2022-07-28,3,4,24.96
Day,2022-07-28,10,3,14.97
Day,2022-07-28,30,4,19.96
Day,2022-07-28,40,3,5.97
Day,2022-07-28,75,3,5.97
Day,2022-07-28,78,3,15.97
Day,2022-07-28,86,1,10.99
Day,2022-07-28,89,4,15.96
Day,2022-07-28,100,3,7.97
Day,2022-07-28,123,4,12.96
Day,2022-07-28,137,2,13.98
Day,2022-07-28,148,4,20.96
Day,2022-07-28,177,2,2.98
Day,2022-07-28,182,3,14.97
Day,2022-07-28,187,2,15.98
Day,2022-07-28,232,4,11.96
Day,2022-07-28,237,3,16.97
Day,2022-07-28,253,3,6.97
Day,2022-07-28,285,2,14.98
Day,2022-07-28,300,3,18.97
Day,2022-07-28,320,4,15.96
Day,2022-07-28,332,2,15.98
Day,2022-07-28,343,2,15.98
Day,2022-07-28,347,4,15.96
Day,2022-07-28,356,3,6.97
Day,2022-07-28,372,3,15.97
Day,2022-07-28,389,2,13.98
Day,2022-07-28,392,3,5.97
Day,2022-07-28,407,4,22.96
Day,2022-07-28,423,2,13.98
Day,2022-07-28,436,2,15.98
Day,2022-07-28,443,2,18.98
Day,2022-07-28,459,4,22.96
Day,2022-07-28,461,3,4.97
Day,2022-07-28,462,4,19.96
Day,2022-07-28,467,3,17.97
Day,2022-07-28,475,3,15.97
Day,2022-07-28,477,1,10.99
Day,2022-07-28,481,2,14.98
Day,2022-07-28,488,3,6.97
Day,2022-07-28,491,2,14.98
Day,2022-07-28,499,4,13.96
Day,2022-07-28,502,3,14.97
Day,2022-07-28,504,3,9.97
Day,2022-07-28,509,4,22.96
Day,2022-07-28,510,2,18.98
Day,2022-07-28,523,2,2.98
Day,2022-07-28,533,3,14.97
Day,2022-07-28,566,4,13.96
Day,2022-07-28,577,3,21.97
Day,2022-07-28,591,3,9.97
Day,2022-07-29,11,2,2.98
Day,2022-07-29,13,2,14.98
Day,2022-07-29,39,4,19.96
Day,2022-07-29,49,1,10.99
Day,2022-07-29,51,3,6.97
Day,2022-07-29,71,5,18.95
Day,2022-07-29,98,3,16.97
Day,2022-07-29,101,3,7.97
Day,2022-07-29,108,3,15.97
Day,2022-07-29,114,2,15.98
Day,2022-07-29,118,3,16.97
Day,2022-07-29,131,2,15.98
Day,2022-07-29,148,4,18.96
Day,2022-07-29,157,5,12.95
Day,2022-07-29,167,3,4.97
Day,2022-07-29,168,4,12.96
Day,2022-07-29,173,3,16.97
Day,2022-07-29,178,3,14.97
Day,2022-07-29,181,2,15.98
Day,2022-07-29,196,3,3.97
Day,2022-07-29,233,3,9.97
Day,2022-07-29,238,3,16.97
Day,2022-07-29,245,2,17.98
Day,2022-07-29,260,3,5.97
Day,2022-07-29,265,3,9.97
Day,2022-07-29,274,3,14.97
Day,2022-07-29,280,5,20.95
Day,2022-07-29,282,3,7.97
Day,2022-07-29,336,3,16.97
Day,2022-07-29,340,4,15.96
Day,2022-07-29,346,4,22.96
Day,2022-07-29,354,3,18.97
Day,2022-07-29,362,4,11.96
Day,2022-07-29,372,4,13.96
Day,2022-07-29,401,3,14.97
Day,2022-07-29,412,3,18.97
Day,2022-07-29,418,3,17.97
Day,2022-07-29,441,4,15.96
Day,2022-07-29,446,4,17.96
Day,2022-07-29,459,2,20.98
Day,2022-07-29,462,3,7.97
Day,2022-07-29,467,2,13.98
Day,2022-07-29,470,2,15.98
Day,2022-07-29,477,3,15.97
Day,2022-07-29,487,3,9.97
Day,2022-07-29,513,4,25.96
Day,2022-07-29,533,3,6.97
Day,2022-07-29,561,1,10.99
Day,2022-07-29,563,4,22.96
Day,2022-07-29,566,5,17.95
Day,2022-07-29,582,3,15.97
Day,2022-07-29,588,4,13.96
Day,2022-07-30,2,5,30.95
Day,2022-07-30,11,2,16.98
Day,2022-07-30,17,4,21.96
Day,2022-07-30,23,2,15.98
Day,2022-07-30,38,3,5.97
Day,2022-07-30,57,3,3.97
Day,2022-07-30,75,3,15.97
Day,2022-07-30,82,3,19.97
Day,2022-07-30,102,3,7.97
Day,2022-07-30,105,4,22.96
Day,2022-07-30,125,3,15.97
Day,2022-07-30,128,3,14.97
Day,2022-07-30,137,4,20.96
Day,2022-07-30,142,3,16.97
Day,2022-07-30,144,4,17.96
Day,2022-07-30,172,3,15.97
Day,2022-07-30,181,3,19.97
Day,2022-07-30,203,1,10.99
Day,2022-07-30,213,3,14.97
Day,2022-07-30,220,2,18.98
Day,2022-07-30,221,2,14.98
Day,2022-07-30,232,3,14.97
Day,2022-07-30,259,3,21.97
Day,2022-07-30,267,3,15.97
Day,2022-07-30,276,4,16.96
Day,2022-07-30,302,3,19.97
Day,2022-07-30,322,3,14.97
Day,2022-07-30,329,4,7.96
Day,2022-07-30,333,2,15.98
Day,2022-07-30,337,2,14.98
Day,2022-07-30,356,3,14.97
Day,2022-07-30,371,2,13.98
Day,2022-07-30,373,3,14.97
Day,2022-07-30,406,5,11.95
Day,2022-07-30,424,5,23.95
Day,2022-07-30,447,3,17.97
Day,2022-07-30,448,1,10.99
Day,2022-07-30,453,2,13.98
Day,2022-07-30,473,2,13.98
Day,2022-07-30,479,2,14.98
Day,2022-07-30,484,2,15.98
Day,2022-07-30,485,4,17.96
Day,2022-07-30,487,3,14.97
Day,2022-07-30,494,3,17.97
Day,2022-07-30,522,5,29.95
Day,2022-07-30,544,2,15.98
Day,2022-07-30,549,2,17.98
Day,2022-07-30,557,4,12.96
Day,2022-07-30,567,2,14.98
Day,2022-07-30,569,3,9.97
Day,2022-07-30,593,2,13.98
Day,2022-07-30,595,4,11.96
Day,2022-07-31,19,2,17.98
Day,2022-07-31,27,3,18.97
Day,2022-07-31,28,4,15.96
Day,2022-07-31,30,3,4.97
Day,2022-07-31,50,5,26.95
Day,2022-07-31,63,5,13.95
Day,2022-07-31,64,4,14.96
Day,2022-07-31,68,3,16.97
Day,2022-07-31,79,3,9.97
Day,2022-07-31,112,4,17.96
Day,2022-07-31,128,3,9.97
Day,2022-07-31,129,4,26.96
Day,2022-07-31,137,3,14.97
Day,2022-07-31,138,4,16.96
Day,2022-07-31,143,2,2.98
Day,2022-07-31,160,3,6.97
Day,2022-07-31,162,3,14.97
Day,2022-07-31,196,4,27.96
Day,2022-07-31,199,4,15.96
Day,2022-07-31,230,3,17.97
Day,2022-07-31,237,4,10.96
Day,2022-07-31,244,3,15.97
Day,2022-07-31,261,3,14.97
Day,2022-07-31,272,1,10.99
Day,2022-07-31,295,3,18.97
Day,2022-07-31,311,2,13.98
Day,2022-07-31,326,3,6.97
Day,2022-07-31,342,4,12.96
Day,2022-07-31,363,2,13.98
Day,2022-07-31,377,3,14.97
Day,2022-07-31,380,1,10.99
Day,2022-07-31,388,3,6.97
Day,2022-07-31,425,3,4.97
Day,2022-07-31,426,1,10.99
Day,2022-07-31,441,3,15.97
Day,2022-07-31,475,3,9.97
Day,2022-07-31,484,2,13.98
Day,2022-07-31,519,5,23.95
Day,2022-07-31,526,3,14.97
Day,2022-07-31,538,3,18.97
Day,2022-07-31,555,2,15.98
Day,2022-07-31,573,4,24.96
Day,2022-07-31,576,5,21.95
Day,2022-07-31,578,3,14.97
Day,2022-07-31,587,3,17.97
Day,2022-07-31,594,3,16.97
Day,2022-07-31,595,3,18.97
Day,2022-08-01,7,4,22.96
Day,2022-08-01,12,1,10.99
Day,2022-08-01,39,4,20.96
Day,2022-08-01,46,3,15.97
Day,2022-08-01,49,3,6.97
Day,2022-08-01,75,3,14.97
Day,2022-08-01,78,3,14.97
Day,2022-08-01,80,3,16.97
Day,2022-08-01,86,3,20.97
Day,2022-08-01,106,3,20.97
Day,2022-08-01,113,2,2.98
Day,2022-08-01,127,1,10.99
Day,2022-08-01,129,5,14.95
Day,2022-08-01,132,4,22.96
Day,2022-08-01,135,3,7.97
Day,2022-08-01,147,2,16.98
Day,2022-08-01,161,4,16.96
Day,2022-08-01,174,3,16.97
Day,2022-08-01,176,3,6.97
Day,2022-08-01,181,5,26.95
Day,2022-08-01,188,4,16.96
Day,2022-08-01,197,4,12.96
Day,2022-08-01,199,2,13.98
Day,2022-08-01,209,3,14.97
Day,2022-08-01,242,3,15.97
Day,2022-08-01,253,3,14.97
Day,2022-08-01,258,5,20.95
Day,2022-08-01,270,3,18.97
Day,2022-08-01,273,3,19.97
Day,2022-08-01,274,2,2.98
Day,2022-08-01,278,3,9.97
Day,2022-08-01,294,4,19.96
Day,2022-08-01,309,3,6.97
Day,2022-08-01,334,3,9.97
Day,2022-08-01,340,4,16.96
Day,2022-08-01,357,4,13.96
Day,2022-08-01,369,3,7.97
Day,2022-08-01,375,5,14.95
Day,2022-08-01,385,3,9.97
Day,2022-08-01,394,3,6.97
Day,2022-08-01,397,3,7.97
Day,2022-08-01,420,3,20.97
Day,2022-08-01,427,3,15.97
Day,2022-08-01,445,2,2.98
Day,2022-08-01,449,4,21.96
Day,2022-08-01,459,4,22.96
Day,2022-08-01,460,1,10.99
Day,2022-08-01,469,4,15.96
Day,2022-08-01,476,3,21.97
Day,2022-08-01,487,4,22.96
Day,2022-08-01,493,2,14.98
Day,2022-08-01,522,4,18.96
Day,2022-08-01,529,1,10.99
Day,2022-08-01,554,2,14.98
Day,2022-08-01,560,3,17.97
Day,2022-08-01,564,3,9.97
Day,2022-08-01,565,1,10.99
Day,2022-08-01,568,3,4.97
Day,2022-08-02,2,4,16.96
Day,2022-08-02,15,4,11.96
Day,2022-08-02,26,3,7.97
Day,2022-08-02,45,4,20.96
Day,2022-08-02,60,2,13.98
Day,2022-08-02,65,3,19.97
Day,2022-08-02,77,3,4.97
Day,2022-08-02,78,1,10.99
Day,2022-08-02,84,3,16.97
Day,2022-08-02,98,3,6.97
Day,2022-08-02,138,3,6.97
Day,2022-08-02,144,3,14.97
Day,2022-08-02,146,4,17.96
Day,2022-08-02,148,1,10.99
Day,2022-08-02,158,4,15.96
Day,2022-08-02,190,4,24.96
Day,2022-08-02,197,4,17.96
Day,2022-08-02,207,3,9.97
Day,2022-08-02,211,2,13.98
Day,2022-08-02,220,3,9.97
Day,2022-08-02,225,4,13.96
Day,2022-08-02,234,4,17.96
Day,2022-08-02,237,2,16.98
Day,2022-08-02,245,3,2.97
Day,2022-08-02,266,3,16.97
Day,2022-08-02,326,4,13.96
Day,2022-08-02,349,3,18.97
Day,2022-08-02,361,4,15.96
Day,2022-08-02,371,1,10.99
Day,2022-08-02,372,2,14.98
Day,2022-08-02,383,3,6.97
Day,2022-08-02,403,4,21.96
Day,2022-08-02,407,3,17.97
Day,2022-08-02,410,3,18.97
Day,2022-08-02,413,3,6.97
Day,2022-08-02,417,3,15.97
Day,2022-08-02,418,4,11.96
Day,2022-08-02,419,4,13.96
Day,2022-08-02,445,2,17.98
Day,2022-08-02,451,3,16.97
Day,2022-08-02,468,1,10.99
Day,2022-08-02,473,4,16.96
Day,2022-08-02,502,5,12.95
Day,2022-08-02,513,3,9.97
Day,2022-08-02,531,4,26.96
Day,2022-08-02,540,4,24.96
Day,2022-08-02,547,4,14.96
Day,2022-08-02,552,3,14.97
Day,2022-08-02,565,3,14.97
Day,2022-08-02,572,4,13.96
Day,2022-08-02,597,4,16.96
Day,2022-08-16,264,3,7.97
Day,2022-08-16,526,1,10.99
Day,2022-08-17,5,2,13.98
Day,2022-08-17,27,3,21.97
Day,2022-08-17,69,3,9.97
Day,2022-08-17,72,4,13.96
Day,2022-08-17,77,2,14.98
Day,2022-08-17,80,2,2.98
Day,2022-08-17,112,3,16.97
Day,2022-08-17,113,2,13.98
Day,2022-08-17,125,4,15.96
Day,2022-08-17,126,3,9.97
Day,2022-08-17,136,1,10.99
Day,2022-08-17,146,3,17.97
Day,2022-08-17,178,3,17.97
Day,2022-08-17,198,6,22.94
Day,2022-08-17,207,2,13.98
Day,2022-08-17,270,3,6.97
Day,2022-08-17,272,3,16.97
Day,2022-08-17,283,3,4.97
Day,2022-08-17,303,3,6.97
Day,2022-08-17,319,5,16.95
Day,2022-08-17,321,3,17.97
Day,2022-08-17,350,3,14.97
Day,2022-08-17,388,3,4.97
Day,2022-08-17,391,3,7.97
Day,2022-08-17,403,3,9.97
Day,2022-08-17,435,3,5.97
Day,2022-08-17,448,2,18.98
Day,2022-08-17,465,3,16.97
Day,2022-08-17,499,3,14.97
Day,2022-08-17,515,3,15.97
Day,2022-08-17,516,2,2.98
Day,2022-08-17,535,2,16.98
Day,2022-08-17,536,3,16.97
Day,2022-08-17,554,4,20.96
Day,2022-08-17,555,4,15.96
Day,2022-08-17,563,2,2.98
Day,2022-08-17,566,2,2.98
Day,2022-08-17,573,3,9.97
Day,2022-08-18,28,3,6.97
Day,2022-08-18,29,4,21.96
Day,2022-08-18,30,3,6.97
Day,2022-08-18,34,3,6.97
Day,2022-08-18,44,3,15.97
Day,2022-08-18,46,4,15.96
Day,2022-08-18,47,2,15.98
Day,2022-08-18,75,5,14.95
Day,2022-08-18,78,2,13.98
Day,2022-08-18,87,3,15.97
Day,2022-08-18,117,3,14.97
Day,2022-08-18,121,3,7.97
Day,2022-08-18,172,2,13.98
Day,2022-08-18,186,2,14.98
Day,2022-08-18,187,3,26.97
Day,2022-08-18,247,3,17.97
Day,2022-08-18,266,4,17.96
Day,2022-08-18,276,3,15.97
Day,2022-08-18,292,1,10.99
Day,2022-08-18,297,1,10.99
Day,2022-08-18,347,2,13.98
Day,2022-08-18,365,3,16.97
Day,2022-08-18,371,2,17.98
Day,2022-08-18,373,3,14.97
Day,2022-08-18,388,4,17.96
Day,2022-08-18,394,2,14.98
Day,2022-08-18,397,6,14.94
Day,2022-08-18,404,2,14.98
Day,2022-08-18,419,2,13.98
Day,2022-08-18,459,2,14.98
Day,2022-08-18,462,3,14.97
Day,2022-08-18,467,3,15.97
Day,2022-08-18,470,3,23.97
Day,2022-08-18,474,4,13.96
Day,2022-08-18,489,2,13.98
Day,2022-08-18,514,4,13.96
Day,2022-08-18,520,3,16.97
Day,2022-08-18,535,5,11.95
Day,2022-08-18,545,3,16.97
Day,2022-08-18,575,3,22.97
Day,2022-08-18,584,3,17.97
Day,2022-08-18,591,4,21.96
Day,2022-08-19,13,4,14.96
Day,2022-08-19,15,2,14.98
Day,2022-08-19,21,4,21.96
Day,2022-08-19,23,3,14.97
Day,2022-08-19,24,3,7.97
Day,2022-08-19,104,4,11.96
Day,2022-08-19,128,4,10.96
Day,2022-08-19,131,4,18.96
Day,2022-08-19,133,3,9.97
Day,2022-08-19,140,1,10.99
Day,2022-08-19,148,2,13.98
Day,2022-08-19,150,5,21.95
Day,2022-08-19,171,4,14.96
Day,2022-08-19,176,2,13.98
Day,2022-08-19,181,4,15.96
Day,2022-08-19,206,3,18.97
Day,2022-08-19,214,3,15.97
Day,2022-08-19,242,2,14.98
Day,2022-08-19,254,4,13.96
Day,2022-08-19,257,5,20.95
Day,2022-08-19,267,2,14.98
Day,2022-08-19,279,4,18.96
Day,2022-08-19,280,3,20.97
Day,2022-08-19,288,3,6.97
Day,2022-08-19,289,4,17.96
Day,2022-08-19,311,3,5.97
Day,2022-08-19,340,3,7.97
Day,2022-08-19,356,4,14.96
Day,2022-08-19,373,3,9.97
Day,2022-08-19,387,3,15.97
Day,2022-08-19,405,2,2.98
Day,2022-08-19,410,2,13.98
Day,2022-08-19,414,5,17.95
Day,2022-08-19,430,4,9.96
Day,2022-08-19,434,2,17.98
Day,2022-08-19,436,2,17.98
Day,2022-08-19,442,3,9.97
Day,2022-08-19,451,4,8.96
Day,2022-08-19,456,2,13.98
Day,2022-08-19,462,2,13.98
Day,2022-08-19,480,3,15.97
Day,2022-08-19,495,3,7.97
Day,2022-08-19,512,2,13.98
Day,2022-08-19,532,3,18.97
Day,2022-08-19,550,1,10.99
Day,2022-08-19,562,2,13.98
Day,2022-08-20,15,3,14.97
Day,2022-08-20,19,3,22.97
Day,2022-08-20,21,3,23.97
Day,2022-08-20,36,3,9.97
Day,2022-08-20,53,3,6.97
Day,2022-08-20,56,2,14.98
Day,2022-08-20,72,3,6.97
Day,2022-08-20,93,4,19.96
Day,2022-08-20,112,3,17.97
Day,2022-08-20,129,4,21.96
Day,2022-08-20,156,3,6.97
Day,2022-08-20,158,3,6.97
Day,2022-08-20,170,2,15.98
Day,2022-08-20,175,2,13.98
Day,2022-08-20,179,3,16.97
Day,2022-08-20,197,2,13.98
Day,2022-08-20,200,2,16.98
Day,2022-08-20,201,3,16.97
Day,2022-08-20,207,4,25.96
Day,2022-08-20,214,3,6.97
Day,2022-08-20,237,3,20.97
Day,2022-08-20,244,3,6.97
Day,2022-08-20,258,3,14.97
Day,2022-08-20,259,3,17.97
Day,2022-08-20,260,4,10.96
Day,2022-08-20,273,3,15.97
Day,2022-08-20,274,3,17.97
Day,2022-08-20,275,4,6.96
Day,2022-08-20,296,4,12.96
Day,2022-08-20,306,4,16.96
Day,2022-08-20,322,2,14.98
Day,2022-08-20,328,3,14.97
Day,2022-08-20,342,4,15.96
Day,2022-08-20,348,4,12.96
Day,2022-08-20,362,2,13.98
Day,2022-08-20,372,2,18.98
Day,2022-08-20,390,6,27.94
Day,2022-08-20,408,3,14.97
Day,2022-08-20,422,3,7.97
Day,2022-08-20,436,4,13.96
Day,2022-08-20,444,3,4.97
Day,2022-08-20,454,4,27.96
Day,2022-08-20,459,2,15.98
Day,2022-08-20,471,3,18.97
Day,2022-08-20,481,3,9.97
Day,2022-08-20,506,2,2.98
Day,2022-08-20,518,2,13.98
Day,2022-08-21,13,2,17.98
Day,2022-08-21,26,4,23.96
Day,2022-08-21,34,2,13.98
Day,2022-08-21,38,3,14.97
Day,2022-08-21,49,3,15.97
Day,2022-08-21,51,3,16.97
Day,2022-08-21,66,4,13.96
Day,2022-08-21,69,3,7.97
Day,2022-08-21,116,1,11.99
Day,2022-08-21,118,2,13.98
Day,2022-08-21,119,4,14.96
Day,2022-08-21,120,3,19.97
Day,2022-08-21,121,4,25.96
Day,2022-08-21,148,4,15.96
Day,2022-08-21,150,4,14.96
Day,2022-08-21,155,3,14.97
Day,2022-08-21,192,4,24.96
Day,2022-08-21,205,4,15.96
Day,2022-08-21,210,2,14.98
Day,2022-08-21,221,3,14.97
Day,2022-08-21,226,4,13.96
Day,2022-08-21,236,3,17.97
Day,2022-08-21,238,2,13.98
Day,2022-08-21,253,3,17.97
Day,2022-08-21,260,3,17.97
Day,2022-08-21,265,3,18.97
Day,2022-08-21,275,4,19.96
Day,2022-08-21,279,4,17.96
Day,2022-08-21,295,3,14.97
Day,2022-08-21,300,2,17.98
Day,2022-08-21,314,3,14.97
Day,2022-08-21,324,2,16.98
Day,2022-08-21,345,1,10.99
Day,2022-08-21,349,2,13.98
Day,2022-08-21,362,5,30.95
Day,2022-08-21,366,4,15.96
Day,2022-08-21,367,2,17.98
Day,2022-08-21,372,3,9.97
Day,2022-08-21,388,1,10.99
Day,2022-08-21,396,4,15.96
Day,2022-08-21,401,2,2.98
Day,2022-08-21,417,3,14.97
Day,2022-08-21,442,3,3.97
Day,2022-08-21,453,4,18.96
Day,2022-08-21,457,2,17.98
Day,2022-08-21,468,5,32.95
Day,2022-08-21,472,3,14.97
Day,2022-08-21,473,4,11.96
Day,2022-08-21,524,3,7.97
Day,2022-08-21,526,2,14.98
Day,2022-08-21,544,3,18.97
Day,2022-08-21,550,3,16.97
Day,2022-08-21,558,2,13.98
Day,2022-08-21,560,4,12.96
Day,2022-08-21,579,3,5.97
Day,2022-08-22,20,3,9.97
Day,2022-08-22,29,2,13.98
Day,2022-08-22,52,3,15.97
Day,2022-08-22,54,1,10.99
Day,2022-08-22,91,3,9.97
Day,2022-08-22,119,3,15.97
Day,2022-08-22,139,4,18.96
Day,2022-08-22,148,4,22.96
Day,2022-08-22,161,4,15.96
Day,2022-08-22,187,2,13.98
Day,2022-08-22,188,3,6.97
Day,2022-08-22,193,3,16.97
Day,2022-08-22,198,3,16.97
Day,2022-08-22,204,3,17.97
Day,2022-08-22,241,3,6.97
Day,2022-08-22,259,2,13.98
Day,2022-08-22,277,2,16.98
Day,2022-08-22,287,3,7.97
Day,2022-08-22,293,2,13.98
Day,2022-08-22,336,1,10.99
Day,2022-08-22,340,3,15.97
Day,2022-08-22,363,3,15.97
Day,2022-08-22,374,4,20.96
Day,2022-08-22,379,3,14.97
Day,2022-08-22,390,3,18.97
Day,2022-08-22,404,5,27.95
Day,2022-08-22,407,2,2.98
Day,2022-08-22,410,3,9.97
Day,2022-08-22,422,4,14.96
Day,2022-08-22,439,2,14.98
Day,2022-08-22,445,3,15.97
Day,2022-08-22,448,2,14.98
Day,2022-08-22,461,6,25.94
Day,2022-08-22,488,3,9.97
Day,2022-08-22,494,4,26.96
Day,2022-08-22,503,4,11.96
Day,2022-08-22,512,4,13.96
Day,2022-08-22,513,4,24.96
Day,2022-08-22,532,2,2.98
Day,2022-08-22,541,5,18.95
Day,2022-08-22,551,3,14.97
Day,2022-08-22,588,3,9.97
Day,2022-08-23,22,3,16.97
Day,2022-08-23,31,2,13.98
Day,2022-08-23,45,2,18.98
Day,2022-08-23,60,3,9.97
Day,2022-08-23,74,3,6.97
Day,2022-08-23,76,1,10.99
Day,2022-08-23,80,2,14.98
Day,2022-08-23,81,4,14.96
Day,2022-08-23,93,3,5.97
Day,2022-08-23,103,5,25.95
Day,2022-08-23,114,4,8.96
Day,2022-08-23,123,3,9.97
Day,2022-08-23,137,3,17.97
Day,2022-08-23,147,3,20.97
Day,2022-08-23,158,3,14.97
Day,2022-08-23,195,1,11.99
Day,2022-08-23,200,3,17.97
Day,2022-08-23,215,4,9.96
Day,2022-08-23,226,4,16.96
Day,2022-08-23,233,2,2.98
Day,2022-08-23,256,3,15.97
Day,2022-08-23,262,4,14.96
Day,2022-08-23,293,2,13.98
Day,2022-08-23,302,4,16.96
Day,2022-08-23,311,2,18.98
Day,2022-08-23,327,3,23.97
Day,2022-08-23,334,3,9.97
Day,2022-08-23,346,5,19.95
Day,2022-08-23,350,2,2.98
Day,2022-08-23,353,3,5.97
Day,2022-08-23,389,2,15.98
Day,2022-08-23,412,2,13.98
Day,2022-08-23,439,3,7.97
Day,2022-08-23,446,2,2.98
Day,2022-08-23,462,3,6.97
Day,2022-08-23,468,3,5.97
Day,2022-08-23,469,3,17.97
Day,2022-08-23,503,4,12.96
Day,2022-08-23,504,2,13.98
Day,2022-08-23,563,3,9.97
Day,2022-08-23,567,1,10.99
Day,2022-08-23,595,3,6.97
Day,2022-08-23,599,3,14.97
Month,2022-05-01,5,3,9.97
Month,2022-05-01,7,5,20.95
Month,2022-05-01,14,5,20.95
Month,2022-05-01,16,4,10.96
Month,2022-05-01,19,6,26.94
Month,2022-05-01,22,3,18.97
Month,2022-05-01,32,3,14.97
Month,2022-05-01,44,5,12.95
Month,2022-05-01,47,3,15.97
Month,2022-05-01,49,4,13.96
Month,2022-05-01,50,5,24.95
Month,2022-05-01,51,3,14.97
Month,2022-05-01,53,6,26.94
Month,2022-05-01,55,3,15.97
Month,2022-05-01,56,4,19.96
Month,2022-05-01,57,2,14.98
Month,2022-05-01,58,3,9.97
Month,2022-05-01,60,3,9.97
Month,2022-05-01,76,2,2.98
Month,2022-05-01,77,5,14.95
Month,2022-05-01,83,3,4.97
Month,2022-05-01,85,2,14.98
Month,2022-05-01,89,3,9.97
Month,2022-05-01,93,3,14.97
Month,2022-05-01,102,3,7.97
Month,2022-05-01,103,2,17.98
Month,2022-05-01,104,2,14.98
Month,2022-05-01,105,4,26.96
Month,2022-05-01,109,7,27.93
Month,2022-05-01,115,3,4.97
Month,2022-05-01,124,4,15.96
Month,2022-05-01,126,3,14.97
Month,2022-05-01,131,3,15.97
Month,2022-05-01,134,4,16.96
Month,2022-05-01,142,3,19.97
Month,2022-05-01,154,3,19.97
Month,2022-05-01,159,4,9.96
Month,2022-05-01,161,6,17.94
Month,2022-05-01,170,3,9.97
Month,2022-05-01,176,5,21.95
Month,2022-05-01,184,3,9.97
Month,2022-05-01,185,3,4.97
Month,2022-05-01,186,2,2.98
Month,2022-05-01,196,4,22.96
Month,2022-05-01,197,8,20.92
Month,2022-05-01,198,5,16.95
Month,2022-05-01,201,3,16.97
Month,2022-05-01,204,4,12.96
Month,2022-05-01,207,6,17.94
Month,2022-05-01,214,5,12.95
Month,2022-05-01,222,5,19.95
Month,2022-05-01,231,3,21.97
Month,2022-05-01,239,6,33.94
Month,2022-05-01,245,6,28.94
Month,2022-05-01,246,5,30.95
Month,2022-05-01,247,3,15.97
Month,2022-05-01,249,4,18.96
Month,2022-05-01,250,5,18.95
Month,2022-05-01,251,6,19.94
Month,2022-05-01,256,5,14.95
Month,2022-05-01,259,3,15.97
Month,2022-05-01,261,4,16.96
Month,2022-05-01,267,3,16.97
Month,2022-05-01,269,6,18.94
Month,2022-05-01,272,4,15.96
Month,2022-05-01,274,6,24.94
Month,2022-05-01,276,2,14.98
Month,2022-05-01,282,3,9.97
Month,2022-05-01,287,3,6.97
Month,2022-05-01,288,4,21.96
Month,2022-05-01,293,3,14.97
Month,2022-05-01,296,4,18.96
Month,2022-05-01,299,2,14.98
Month,2022-05-01,300,3,9.97
Month,2022-05-01,304,3,14.97
Month,2022-05-01,307,4,18.96
Month,2022-05-01,311,5,26.95
Month,2022-05-01,312,4,17.96
Month,2022-05-01,313,4,9.96
Month,2022-05-01,315,2,13.98
Month,2022-05-01,316,3,15.97
Month,2022-05-01,319,3,16.97
Month,2022-05-01,321,3,15.97
Month,2022-05-01,326,3,15.97
Month,2022-05-01,334,2,15.98
Month,2022-05-01,337,3,20.97
Month,2022-05-01,354,3,3.97
Month,2022-05-01,359,3,15.97
Month,2022-05-01,368,4,17.96
Month,2022-05-01,369,4,18.96
Month,2022-05-01,371,6,25.94
Month,2022-05-01,374,3,4.97
Month,2022-05-01,375,4,21.96
Month,2022-05-01,381,3,6.97
Month,2022-05-01,384,4,11.96
Month,2022-05-01,387,4,21.96
Month,2022-05-01,391,5,24.95
Month,2022-05-01,399,3,17.97
Month,2022-05-01,400,4,18.96
Month,2022-05-01,412,4,10.96
Month,2022-05-01,416,3,7.97
Month,2022-05-01,417,3,18.97
Month,2022-05-01,429,5,26.95
Month,2022-05-01,432,3,22.97
Month,2022-05-01,433,2,19.98
Month,2022-05-01,436,3,17.97
Month,2022-05-01,446,3,6.97
Month,2022-05-01,449,3,18.97
Month,2022-05-01,451,3,6.97
Month,2022-05-01,452,3,7.97
Month,2022-05-01,460,4,11.96
Month,2022-05-01,468,5,20.95
Month,2022-05-01,469,5,18.95
Month,2022-05-01,472,4,9.96
Month,2022-05-01,480,3,17.97
Month,2022-05-01,498,3,14.97
Month,2022-05-01,500,3,18.97
Month,2022-05-01,501,2,2.98
Month,2022-05-01,502,4,7.96
Month,2022-05-01,503,4,15.96
Month,2022-05-01,504,3,15.97
Month,2022-05-01,506,7,28.93
Month,2022-05-01,509,2,13.98
Month,2022-05-01,510,3,19.97
Month,2022-05-01,515,2,15.98
Month,2022-05-01,528,5,17.95
Month,2022-05-01,535,4,12.96
Month,2022-05-01,548,3,15.97
Month,2022-05-01,549,4,14.96
Month,2022-05-01,551,5,20.95
Month,2022-05-01,569,5,20.95
Month,2022-05-01,571,2,13.98
Month,2022-05-01,575,5,16.95
Month,2022-05-01,584,3,14.97
Month,2022-05-01,586,2,13.98
Month,2022-05-01,594,4,21.96
Month,2022-05-01,596,6,22.94
Month,2022-06-01,1,7,31.93
Month,2022-06-01,3,4,25.96
Month,2022-06-01,4,6,16.94
Month,2022-06-01,5,5,19.95
Month,2022-06-01,6,4,8.96
Month,2022-06-01,7,5,10.95
Month,2022-06-01,10,5,15.95
Month,2022-06-01,11,3,15.97
Month,2022-06-01,12,6,26.94
Month,2022-06-01,13,4,19.96
Month,2022-06-01,15,3,9.97
Month,2022-06-01,16,4,23.96
Month,2022-06-01,17,3,20.97
Month,2022-06-01,18,4,25.96
Month,2022-06-01,20,4,14.96
Month,2022-06-01,21,5,31.95
Month,2022-06-01,23,5,16.95
Month,2022-06-01,24,5,24.95
Month,2022-06-01,25,6,33.94
Month,2022-06-01,26,7,41.93
Month,2022-06-01,27,8,30.92
Month,2022-06-01,28,5,13.95
Month,2022-06-01,29,7,21.93
Month,2022-06-01,30,4,12.96
Month,2022-06-01,31,11,35.89
Month,2022-06-01,32,4,15.96
Month,2022-06-01,33,2,19.98
Month,2022-06-01,35,6,17.94
Month,2022-06-01,38,5,15.95
Month,2022-06-01,39,6,26.94
Month,2022-06-01,40,4,16.96
Month,2022-06-01,42,4,12.96
Month,2022-06-01,44,4,15.96
Month,2022-06-01,45,5,17.95
Month,2022-06-01,46,7,32.93
Month,2022-06-01,47,3,17.97
Month,2022-06-01,49,5,23.95
Month,2022-06-01,50,4,11.96
Month,2022-06-01,51,2,2.98
Month,2022-06-01,52,4,13.96
Month,2022-06-01,53,5,10.95
Month,2022-06-01,54,4,19.96
Month,2022-06-01,55,5,18.95
Month,2022-06-01,56,4,13.96
Month,2022-06-01,57,5,20.95
Month,2022-06-01,58,3,6.97
Month,2022-06-01,62,7,24.93
Month,2022-06-01,66,7,29.93
Month,2022-06-01,67,4,13.96
Month,2022-06-01,68,5,25.95
Month,2022-06-01,74,4,12.96
Month,2022-06-01,75,5,29.95
Month,2022-06-01,76,6,12.94
Month,2022-06-01,77,5,21.95
Month,2022-06-01,78,3,17.97
Month,2022-06-01,80,3,15.97
Month,2022-06-01,82,5,20.95
Month,2022-06-01,83,4,20.96
Month,2022-06-01,84,6,14.94
Month,2022-06-01,85,6,19.94
Month,2022-06-01,86,7,24.93
Month,2022-06-01,87,5,25.95
Month,2022-06-01,89,5,30.95
Month,2022-06-01,91,4,12.96
Month,2022-06-01,92,3,14.97
Month,2022-06-01,94,5,19.95
Month,2022-06-01,95,4,8.96
Month,2022-06-01,96,7,21.93
Month,2022-06-01,98,6,25.94
Month,2022-06-01,100,4,18.96
Month,2022-06-01,103,4,7.96
Month,2022-06-01,104,4,8.96
Month,2022-06-01,107,7,24.93
Month,2022-06-01,108,5,24.95
Month,2022-06-01,109,5,25.95
Month,2022-06-01,111,6,22.94
Month,2022-06-01,112,4,15.96
Month,2022-06-01,113,6,27.94
Month,2022-06-01,114,4,19.96
Month,2022-06-01,116,6,20.94
Month,2022-06-01,119,3,16.97
Month,2022-06-01,120,6,29.94
Month,2022-06-01,122,7,25.93
Month,2022-06-01,123,5,14.95
Month,2022-06-01,125,4,19.96
Month,2022-06-01,129,6,19.94
Month,2022-06-01,130,6,21.94
Month,2022-06-01,131,2,14.98
Month,2022-06-01,132,6,19.94
Month,2022-06-01,133,4,13.96
Month,2022-06-01,134,4,17.96
Month,2022-06-01,135,3,5.97
Month,2022-06-01,137,4,19.96
Month,2022-06-01,138,3,9.97
Month,2022-06-01,139,4,14.96
Month,2022-06-01,140,4,15.96
Month,2022-06-01,141,3,20.97
Month,2022-06-01,143,5,16.95
Month,2022-06-01,144,6,22.94
Month,2022-06-01,146,7,25.93
Month,2022-06-01,147,4,16.96
Month,2022-06-01,148,5,22.95
Month,2022-06-01,149,7,32.93
Month,2022-06-01,151,5,13.95
Month,2022-06-01,153,4,12.96
Month,2022-06-01,155,5,27.95
Month,2022-06-01,156,4,16.96
Month,2022-06-01,158,4,21.96
Month,2022-06-01,162,5,12.95
Month,2022-06-01,163,6,29.94
Month,2022-06-01,164,3,16.97
Month,2022-06-01,166,4,13.96
Month,2022-06-01,167,3,15.97
Month,2022-06-01,171,7,32.93
Month,2022-06-01,172,3,3.97
Month,2022-06-01,173,5,16.95
Month,2022-06-01,174,4,16.96
Month,2022-06-01,176,8,42.92
Month,2022-06-01,177,5,14.95
Month,2022-06-01,178,8,44.92
Month,2022-06-01,181,4,19.96
Month,2022-06-01,182,4,13.96
Month,2022-06-01,183,4,14.96
Month,2022-06-01,185,3,14.97
Month,2022-06-01,186,6,25.94
Month,2022-06-01,187,7,23.93
Month,2022-06-01,188,4,13.96
Month,2022-06-01,189,5,13.95
Month,2022-06-01,190,5,19.95
Month,2022-06-01,191,6,17.94
Month,2022-06-01,193,6,35.94
Month,2022-06-01,194,5,19.95
Month,2022-06-01,196,8,31.92
Month,2022-06-01,197,8,31.92
Month,2022-06-01,200,7,31.93
Month,2022-06-01,201,5,25.95
Month,2022-06-01,202,4,9.96
Month,2022-06-01,203,4,18.96
Month,2022-06-01,204,6,31.94
Month,2022-06-01,205,4,14.96
Month,2022-06-01,208,5,11.95
Month,2022-06-01,209,4,19.96
Month,2022-06-01,211,2,15.98
Month,2022-06-01,212,4,14.96
Month,2022-06-01,213,9,35.91
Month,2022-06-01,215,6,23.94
Month,2022-06-01,216,5,15.95
Month,2022-06-01,217,3,14.97
Month,2022-06-01,218,3,4.97
Month,2022-06-01,221,5,23.95
Month,2022-06-01,222,2,15.98
Month,2022-06-01,224,3,15.97
Month,2022-06-01,227,4,12.96
Month,2022-06-01,228,4,13.96
Month,2022-06-01,229,4,14.96
Month,2022-06-01,230,6,20.94
Month,2022-06-01,233,4,13.96
Month,2022-06-01,234,8,36.92
Month,2022-06-01,236,8,37.92
Month,2022-06-01,237,5,12.95
Month,2022-06-01,239,5,23.95
Month,2022-06-01,240,3,14.97
Month,2022-06-01,241,5,11.95
Month,2022-06-01,242,6,29.94
Month,2022-06-01,244,3,16.97
Month,2022-06-01,246,5,12.95
Month,2022-06-01,249,5,19.95
Month,2022-06-01,251,3,17.97
Month,2022-06-01,253,6,29.94
Month,2022-06-01,254,5,13.95
Month,2022-06-01,255,4,15.96
Month,2022-06-01,256,7,30.93
Month,2022-06-01,259,4,24.96
Month,2022-06-01,260,8,34.92
Month,2022-06-01,261,6,23.94
Month,2022-06-01,262,4,20.96
Month,2022-06-01,264,4,13.96
Month,2022-06-01,265,3,15.97
Month,2022-06-01,266,4,20.96
Month,2022-06-01,267,8,30.92
Month,2022-06-01,268,8,26.92
Month,2022-06-01,270,4,21.96
Month,2022-06-01,272,3,16.97
Month,2022-06-01,273,5,21.95
Month,2022-06-01,275,4,12.96
Month,2022-06-01,277,7,28.93
Month,2022-06-01,278,4,11.96
Month,2022-06-01,279,5,16.95
Month,2022-06-01,280,3,9.97
Month,2022-06-01,282,4,13.96
Month,2022-06-01,283,5,17.95
Month,2022-06-01,286,2,13.98
Month,2022-06-01,287,3,20.97
Month,2022-06-01,289,6,37.94
Month,2022-06-01,290,4,16.96
Month,2022-06-01,292,4,14.96
Month,2022-06-01,293,7,35.93
Month,2022-06-01,295,9,32.91
Month,2022-06-01,296,3,6.97
Month,2022-06-01,297,5,23.95
Month,2022-06-01,299,7,31.93
Month,2022-06-01,303,4,20.96
Month,2022-06-01,304,4,20.96
Month,2022-06-01,305,4,18.96
Month,2022-06-01,307,6,22.94
Month,2022-06-01,308,5,19.95
Month,2022-06-01,309,4,25.96
Month,2022-06-01,310,6,27.94
Month,2022-06-01,313,3,15.97
Month,2022-06-01,316,7,35.93
Month,2022-06-01,318,4,14.96
Month,2022-06-01,319,6,21.94
Month,2022-06-01,320,5,23.95
Month,2022-06-01,322,7,40.93
Month,2022-06-01,326,4,15.96
Month,2022-06-01,327,6,30.94
Month,2022-06-01,328,5,21.95
Month,2022-06-01,329,9,28.91
Month,2022-06-01,330,5,21.95
Month,2022-06-01,333,4,14.96
Month,2022-06-01,336,8,25.92
Month,2022-06-01,338,7,34.93
Month,2022-06-01,339,5,25.95
Month,2022-06-01,340,8,35.92
Month,2022-06-01,341,7,37.93
Month,2022-06-01,342,3,14.97
Month,2022-06-01,343,7,30.93
Month,2022-06-01,344,3,9.97
Month,2022-06-01,345,4,11.96
Month,2022-06-01,347,5,31.95
Month,2022-06-01,349,4,19.96
Month,2022-06-01,350,4,8.96
Month,2022-06-01,351,3,9.97
Month,2022-06-01,352,5,20.95
Month,2022-06-01,353,3,17.97
Month,2022-06-01,354,4,15.96
Month,2022-06-01,357,4,16.96
Month,2022-06-01,358,6,18.94
Month,2022-06-01,359,4,12.96
Month,2022-06-01,360,4,18.96
Month,2022-06-01,361,4,12.96
Month,2022-06-01,362,5,14.95
Month,2022-06-01,363,5,22.95
Month,2022-06-01,364,5,19.95
Month,2022-06-01,365,5,17.95
Month,2022-06-01,366,2,2.98
Month,2022-06-01,368,6,30.94
Month,2022-06-01,371,7,23.93
Month,2022-06-01,374,4,11.96
Month,2022-06-01,377,5,14.95
Month,2022-06-01,378,4,23.96
Month,2022-06-01,379,3,17.97
Month,2022-06-01,380,8,27.92
Month,2022-06-01,381,5,16.95
Month,2022-06-01,382,5,15.95
Month,2022-06-01,383,6,27.94
Month,2022-06-01,384,7,34.93
Month,2022-06-01,385,3,4.97
Month,2022-06-01,386,5,16.95
Month,2022-06-01,387,6,14.94
Month,2022-06-01,388,5,26.95
Month,2022-06-01,390,5,25.95
Month,2022-06-01,391,5,10.95
Month,2022-06-01,392,4,17.96
Month,2022-06-01,393,5,19.95
Month,2022-06-01,395,6,15.94
Month,2022-06-01,398,3,19.97
Month,2022-06-01,403,6,35.94
Month,2022-06-01,404,4,15.96
Month,2022-06-01,405,6,26.94
Month,2022-06-01,406,7,26.93
Month,2022-06-01,409,2,14.98
Month,2022-06-01,410,6,22.94
Month,2022-06-01,411,3,4.97
Month,2022-06-01,414,3,20.97
Month,2022-06-01,416,5,12.95
Month,2022-06-01,420,3,5.97
Month,2022-06-01,422,4,14.96
Month,2022-06-01,423,5,27.95
Month,2022-06-01,426,5,19.95
Month,2022-06-01,427,5,18.95
Month,2022-06-01,428,5,14.95
Month,2022-06-01,429,4,19.96
Month,2022-06-01,430,6,15.94
Month,2022-06-01,431,7,35.93
Month,2022-06-01,434,7,28.93
Month,2022-06-01,438,6,17.94
Month,2022-06-01,439,6,23.94
Month,2022-06-01,442,4,18.96
Month,2022-06-01,444,6,25.94
Month,2022-06-01,446,6,20.94
Month,2022-06-01,447,4,13.96
Month,2022-06-01,448,5,24.95
Month,2022-06-01,450,7,22.93
Month,2022-06-01,451,7,22.93
Month,2022-06-01,452,7,22.93
Month,2022-06-01,453,3,18.97
Month,2022-06-01,454,10,52.9
Month,2022-06-01,455,4,7.96
Month,2022-06-01,456,7,25.93
Month,2022-06-01,457,9,30.91
Month,2022-06-01,459,7,25.93
Month,2022-06-01,462,3,20.97
Month,2022-06-01,463,4,15.96
Month,2022-06-01,465,4,17.96
Month,2022-06-01,466,5,28.95
Month,2022-06-01,467,4,30.96
Month,2022-06-01,468,6,23.94
Month,2022-06-01,470,3,9.97
Month,2022-06-01,471,5,20.95
Month,2022-06-01,472,6,24.94
Month,2022-06-01,473,4,13.96
Month,2022-06-01,474,2,16.98
Month,2022-06-01,476,4,12.96
Month,2022-06-01,477,4,25.96
Month,2022-06-01,478,6,31.94
Month,2022-06-01,479,6,23.94
Month,2022-06-01,481,4,13.96
Month,2022-06-01,483,3,14.97
Month,2022-06-01,484,4,18.96
Month,2022-06-01,486,4,16.96
Month,2022-06-01,489,4,17.96
Month,2022-06-01,491,7,31.93
Month,2022-06-01,492,4,21.96
Month,2022-06-01,493,4,12.96
Month,2022-06-01,495,4,19.96
Month,2022-06-01,497,4,22.96
Month,2022-06-01,498,6,19.94
Month,2022-06-01,499,4,14.96
Month,2022-06-01,500,5,25.95
Month,2022-06-01,501,2,13.98
Month,2022-06-01,502,3,9.97
Month,2022-06-01,505,4,24.96
Month,2022-06-01,506,5,27.95
Month,2022-06-01,507,3,14.97
Month,2022-06-01,510,8,33.92
Month,2022-06-01,511,4,21.96
Month,2022-06-01,512,3,14.97
Month,2022-06-01,514,6,14.94
Month,2022-06-01,515,6,25.94
Month,2022-06-01,516,6,22.94
Month,2022-06-01,517,5,22.95
Month,2022-06-01,519,3,17.97
Month,2022-06-01,522,4,16.96
Month,2022-06-01,523,4,24.96
Month,2022-06-01,524,3,9.97
Month,2022-06-01,526,9,41.91
Month,2022-06-01,527,4,7.96
Month,2022-06-01,529,3,3.97
Month,2022-06-01,530,3,5.97
Month,2022-06-01,533,6,18.94
Month,2022-06-01,534,5,15.95
Month,2022-06-01,537,4,23.96
Month,2022-06-01,538,4,18.96
Month,2022-06-01,539,3,9.97
Month,2022-06-01,540,5,18.95
Month,2022-06-01,542,2,15.98
Month,2022-06-01,543,5,21.95
Month,2022-06-01,544,4,16.96
Month,2022-06-01,546,4,12.96
Month,2022-06-01,548,3,5.97
Month,2022-06-01,550,6,39.94
Month,2022-06-01,553,3,19.97
Month,2022-06-01,554,4,21.96
Month,2022-06-01,556,5,25.95
Month,2022-06-01,558,5,27.95
Month,2022-06-01,559,4,12.96
Month,2022-06-01,561,9,33.91
Month,2022-06-01,562,4,17.96
Month,2022-06-01,565,3,16.97
Month,2022-06-01,566,4,16.96
Month,2022-06-01,568,5,17.95
Month,2022-06-01,570,7,32.93
Month,2022-06-01,571,6,32.94
Month,2022-06-01,573,4,20.96
Month,2022-06-01,574,5,15.95
Month,2022-06-01,576,7,33.93
Month,2022-06-01,578,3,14.97
Month,2022-06-01,583,6,29.94
Month,2022-06-01,585,4,13.96
Month,2022-06-01,587,4,15.96
Month,2022-06-01,588,5,24.95
Month,2022-06-01,589,5,30.95
Month,2022-06-01,590,5,30.95
Month,2022-06-01,592,5,24.95
Month,2022-06-01,593,4,20.96
Month,2022-06-01,594,6,23.94
Month,2022-06-01,597,3,7.97
Month,2022-06-01,599,4,20.96
Month,2022-07-01,1,12,50.88
Month,2022-07-01,2,14,75.86
Month,2022-07-01,3,13,68.87
Month,2022-07-01,4,5,21.95
Month,2022-07-01,5,16,59.84
Month,2022-07-01,6,9,26.91
Month,2022-07-01,7,11,59.89
Month,2022-07-01,8,12,35.88
Month,2022-07-01,9,9,28.91
Month,2022-07-01,10,11,45.89
Month,2022-07-01,11,11,53.89
Month,2022-07-01,12,13,39.87
Month,2022-07-01,13,13,61.87
Month,2022-07-01,14,12,50.88
Month,2022-07-01,15,9,40.91
Month,2022-07-01,16,10,34.9
Month,2022-07-01,17,9,43.91
Month,2022-07-01,18,9,33.91
Month,2022-07-01,19,6,34.94
Month,2022-07-01,20,10,42.9
Month,2022-07-01,21,8,26.92
Month,2022-07-01,22,7,31.93
Month,2022-07-01,23,13,60.87
Month,2022-07-01,24,9,26.91
Month,2022-07-01,25,12,39.88
Month,2022-07-01,26,13,46.87
Month,2022-07-01,27,12,46.88
Month,2022-07-01,28,14,51.86
Month,2022-07-01,29,11,46.89
Month,2022-07-01,30,19,73.81
Month,2022-07-01,31,11,48.89
Month,2022-07-01,32,15,58.85
Month,2022-07-01,33,8,29.92
Month,2022-07-01,34,9,33.91
Month,2022-07-01,35,16,68.84
Month,2022-07-01,36,13,40.87
Month,2022-07-01,37,6,36.94
Month,2022-07-01,38,18,65.82
Month,2022-07-01,39,15,73.85
Month,2022-07-01,40,11,40.89
Month,2022-07-01,41,14,63.86
Month,2022-07-01,42,16,61.84
Month,2022-07-01,43,12,47.88
Month,2022-07-01,44,10,53.9
Month,2022-07-01,45,9,37.91
Month,2022-07-01,46,8,32.92
Month,2022-07-01,47,10,47.9
Month,2022-07-01,48,8,44.92
Month,2022-07-01,49,13,69.87
Month,2022-07-01,50,17,80.83
Month,2022-07-01,51,12,58.88
Month,2022-07-01,52,12,48.88
Month,2022-07-01,53,7,31.93
Month,2022-07-01,54,7,21.93
Month,2022-07-01,55,7,36.93
Month,2022-07-01,56,9,37.91
Month,2022-07-01,57,14,44.86
Month,2022-07-01,58,9,38.91
Month,2022-07-01,59,11,60.89
Month,2022-07-01,60,8,27.92
Month,2022-07-01,61,6,32.94
Month,2022-07-01,62,5,16.95
Month,2022-07-01,63,14,64.86
Month,2022-07-01,64,20,60.8
Month,2022-07-01,65,9,37.91
Month,2022-07-01,66,13,60.87
Month,2022-07-01,67,8,30.92
Month,2022-07-01,68,10,43.9
Month,2022-07-01,69,11,47.89
Month,2022-07-01,70,7,26.93
Month,2022-07-01,71,18,70.82
Month,2022-07-01,72,10,36.9
Month,2022-07-01,73,10,46.9
Month,2022-07-01,74,10,47.9
Month,2022-07-01,75,20,70.8
Month,2022-07-01,76,9,25.91
Month,2022-07-01,77,8,20.92
Month,2022-07-01,78,14,52.86
Month,2022-07-01,79,13,53.87
Month,2022-07-01,80,12,61.88
Month,2022-07-01,81,6,23.94
Month,2022-07-01,82,11,64.89
Month,2022-07-01,83,9,31.91
Month,2022-07-01,84,12,64.88
Month,2022-07-01,85,8,26.92
Month,2022-07-01,86,12,64.88
Month,2022-07-01,87,12,61.88
Month,2022-07-01,88,11,44.89
Month,2022-07-01,89,17,68.83
Month,2022-07-01,90,13,59.87
Month,2022-07-01,91,19,59.81
Month,2022-07-01,92,15,78.85
Month,2022-07-01,93,6,21.94
Month,2022-07-01,94,7,28.93
Month,2022-07-01,95,9,43.91
Month,2022-07-01,96,12,49.88
Month,2022-07-01,97,12,40.88
Month,2022-07-01,98,9,40.91
Month,2022-07-01,99,15,56.85
Month,2022-07-01,100,13,69.87
Month,2022-07-01,101,12,53.88
Month,2022-07-01,102,21,84.79
Month,2022-07-01,103,15,68.85
Month,2022-07-01,104,10,44.9
Month,2022-07-01,105,10,48.9
Month,2022-07-01,106,10,41.9
Month,2022-07-01,107,14,61.86
Month,2022-07-01,108,13,51.87
Month,2022-07-01,109,8,26.92
Month,2022-07-01,110,7,22.93
Month,2022-07-01,111,9,29.91
Month,2022-07-01,112,11,50.89
Month,2022-07-01,113,12,48.88
Month,2022-07-01,114,15,61.85
Month,2022-07-01,115,15,50.85
Month,2022-07-01,116,10,41.9
Month,2022-07-01,117,5,26.95
Month,2022-07-01,118,11,37.89
Month,2022-07-01,119,10,44.9
Month,2022-07-01,120,13,48.87
Month,2022-07-01,121,9,31.91
Month,2022-07-01,122,15,61.85
Month,2022-07-01,123,10,45.9
Month,2022-07-01,124,8,37.92
Month,2022-07-01,125,16,65.84
Month,2022-07-01,126,13,48.87
Month,2022-07-01,127,8,39.92
Month,2022-07-01,128,16,65.84
Month,2022-07-01,129,15,55.85
Month,2022-07-01,130,8,31.92
Month,2022-07-01,131,12,49.88
Month,2022-07-01,132,14,44.86
Month,2022-07-01,133,13,47.87
Month,2022-07-01,134,6,18.94
Month,2022-07-01,135,14,57.86
Month,2022-07-01,136,6,24.94
Month,2022-07-01,137,19,96.81
Month,2022-07-01,138,16,52.84
Month,2022-07-01,139,12,51.88
Month,2022-07-01,140,7,29.93
Month,2022-07-01,141,11,41.89
Month,2022-07-01,142,10,41.9
Month,2022-07-01,143,9,33.91
Month,2022-07-01,144,18,93.82
Month,2022-07-01,145,15,55.85
Month,2022-07-01,146,7,36.93
Month,2022-07-01,147,13,31.87
Month,2022-07-01,148,22,100.78
Month,2022-07-01,149,11,54.89
Month,2022-07-01,150,4,17.96
Month,2022-07-01,151,10,29.9
Month,2022-07-01,152,6,25.94
Month,2022-07-01,153,10,39.9
Month,2022-07-01,154,14,55.86
Month,2022-07-01,155,10,42.9
Month,2022-07-01,156,9,34.91
Month,2022-07-01,157,18,57.82
Month,2022-07-01,158,13,45.87
Month,2022-07-01,159,10,38.9
Month,2022-07-01,160,9,28.91
Month,2022-07-01,161,10,41.9
Month,2022-07-01,162,7,32.93
Month,2022-07-01,163,11,40.89
Month,2022-07-01,164,10,38.9
Month,2022-07-01,165,12,49.88
Month,2022-07-01,166,13,56.87
Month,2022-07-01,167,15,48.85
Month,2022-07-01,168,17,70.83
Month,2022-07-01,169,10,49.9
Month,2022-07-01,170,12,56.88
Month,2022-07-01,171,9,33.91
Month,2022-07-01,172,13,65.87
Month,2022-07-01,173,14,57.86
Month,2022-07-01,174,7,32.93
Month,2022-07-01,175,11,46.89
Month,2022-07-01,176,12,55.88
Month,2022-07-01,177,7,22.93
Month,2022-07-01,178,18,85.82
Month,2022-07-01,179,14,68.86
Month,2022-07-01,180,10,40.9
Month,2022-07-01,181,12,72.88
Month,2022-07-01,182,17,49.83
Month,2022-07-01,183,11,34.89
Month,2022-07-01,184,9,36.91
Month,2022-07-01,185,12,50.88
Month,2022-07-01,186,8,26.92
Month,2022-07-01,187,11,63.89
Month,2022-07-01,188,8,31.92
Month,2022-07-01,189,10,37.9
Month,2022-07-01,190,7,27.93
Month,2022-07-01,191,9,39.91
Month,2022-07-01,192,10,35.9
Month,2022-07-01,193,6,27.94
Month,2022-07-01,194,5,25.95
Month,2022-07-01,195,11,47.89
Month,2022-07-01,196,15,68.85
Month,2022-07-01,197,8,35.92
Month,2022-07-01,198,15,52.85
Month,2022-07-01,199,13,55.87
Month,2022-07-01,200,10,37.9
Month,2022-07-01,201,5,16.95
Month,2022-07-01,202,13,52.87
Month,2022-07-01,203,7,40.93
Month,2022-07-01,204,14,48.86
Month,2022-07-01,205,8,45.92
Month,2022-07-01,206,13,60.87
Month,2022-07-01,207,15,58.85
Month,2022-07-01,208,13,46.87
Month,2022-07-01,209,17,82.83
Month,2022-07-01,210,18,73.82
Month,2022-07-01,211,16,62.84
Month,2022-07-01,212,7,40.93
Month,2022-07-01,213,12,51.88
Month,2022-07-01,214,8,35.92
Month,2022-07-01,215,7,31.93
Month,2022-07-01,216,6,32.94
Month,2022-07-01,217,9,33.91
Month,2022-07-01,218,8,37.92
Month,2022-07-01,219,15,64.85
Month,2022-07-01,220,12,59.88
Month,2022-07-01,221,11,51.89
Month,2022-07-01,222,11,46.89
Month,2022-07-01,223,7,32.93
Month,2022-07-01,224,9,27.91
Month,2022-07-01,225,17,80.83
Month,2022-07-01,226,9,41.91
Month,2022-07-01,227,12,44.88
Month,2022-07-01,228,15,54.85
Month,2022-07-01,229,13,49.87
Month,2022-07-01,230,15,58.85
Month,2022-07-01,231,11,36.89
Month,2022-07-01,232,14,57.86
Month,2022-07-01,233,13,55.87
Month,2022-07-01,234,3,14.97
Month,2022-07-01,235,14,57.86
Month,2022-07-01,236,20,73.8
Month,2022-07-01,237,15,64.85
Month,2022-07-01,238,9,42.91
Month,2022-07-01,239,12,48.88
Month,2022-07-01,240,12,51.88
Month,2022-07-01,241,15,53.85
Month,2022-07-01,242,9,38.91
Month,2022-07-01,243,13,45.87
Month,2022-07-01,244,14,54.86
Month,2022-07-01,245,16,72.84
Month,2022-07-01,246,7,32.93
Month,2022-07-01,247,7,33.93
Month,2022-07-01,248,6,18.94
Month,2022-07-01,249,8,47.92
Month,2022-07-01,250,7,19.93
Month,2022-07-01,251,11,41.89
Month,2022-07-01,252,10,20.9
Month,2022-07-01,253,9,33.91
Month,2022-07-01,254,13,55.87
Month,2022-07-01,255,7,23.93
Month,2022-07-01,256,6,12.94
Month,2022-07-01,257,18,88.82
Month,2022-07-01,258,10,44.9
Month,2022-07-01,259,10,53.9
Month,2022-07-01,260,12,36.88
Month,2022-07-01,261,7,28.93
Month,2022-07-01,262,11,47.89
Month,2022-07-01,263,13,43.87
Month,2022-07-01,264,11,45.89
Month,2022-07-01,265,16,70.84
Month,2022-07-01,266,5,20.95
Month,2022-07-01,267,11,45.89
Month,2022-07-01,268,12,53.88
Month,2022-07-01,269,9,46.91
Month,2022-07-01,270,7,30.93
Month,2022-07-01,271,9,30.91
Month,2022-07-01,272,6,36.94
Month,2022-07-01,273,15,67.85
Month,2022-07-01,274,10,45.9
Month,2022-07-01,275,9,32.91
Month,2022-07-01,276,11,45.89
Month,2022-07-01,277,12,46.88
Month,2022-07-01,278,9,37.91
Month,2022-07-01,279,9,42.91
Month,2022-07-01,280,11,34.89
Month,2022-07-01,281,8,27.92
Month,2022-07-01,282,15,64.85
Month,2022-07-01,283,17,50.83
Month,2022-07-01,284,12,60.88
Month,2022-07-01,285,13,68.87
Month,2022-07-01,286,17,76.83
Month,2022-07-01,287,11,40.89
Month,2022-07-01,288,9,22.91
Month,2022-07-01,289,12,49.88
Month,2022-07-01,290,15,53.85
Month,2022-07-01,291,12,52.88
Month,2022-07-01,292,16,74.84
Month,2022-07-01,293,10,46.9
Month,2022-07-01,294,11,48.89
Month,2022-07-01,295,18,87.82
Month,2022-07-01,296,12,54.88
Month,2022-07-01,297,13,48.87
Month,2022-07-01,298,10,32.9
Month,2022-07-01,299,12,45.88
Month,2022-07-01,300,14,59.86
Month,2022-07-01,301,10,48.9
Month,2022-07-01,302,15,67.85
Month,2022-07-01,303,10,39.9
Month,2022-07-01,304,12,52.88
Month,2022-07-01,305,10,44.9
Month,2022-07-01,306,15,60.85
Month,2022-07-01,307,13,62.87
Month,2022-07-01,308,6,27.94
Month,2022-07-01,309,16,76.84
Month,2022-07-01,310,8,41.92
Month,2022-07-01,311,8,45.92
Month,2022-07-01,312,11,48.89
Month,2022-07-01,313,7,24.93
Month,2022-07-01,314,18,67.82
Month,2022-07-01,315,8,47.92
Month,2022-07-01,316,12,55.88
Month,2022-07-01,317,12,50.88
Month,2022-07-01,318,6,24.94
Month,2022-07-01,319,12,52.88
Month,2022-07-01,320,11,39.89
Month,2022-07-01,321,10,50.9
Month,2022-07-01,322,12,45.88
Month,2022-07-01,323,15,58.85
Month,2022-07-01,324,12,50.88
Month,2022-07-01,325,10,41.9
Month,2022-07-01,326,12,46.88
Month,2022-07-01,327,5,12.95
Month,2022-07-01,328,6,24.94
Month,2022-07-01,329,13,52.87
Month,2022-07-01,330,12,41.88
Month,2022-07-01,331,13,70.87
Month,2022-07-01,332,17,78.83
Month,2022-07-01,333,13,51.87
Month,2022-07-01,334,12,57.88
Month,2022-07-01,335,15,55.85
Month,2022-07-01,336,12,52.88
Month,2022-07-01,337,12,62.88
Month,2022-07-01,338,10,40.9
Month,2022-07-01,339,13,52.87
Month,2022-07-01,340,9,30.91
Month,2022-07-01,341,7,29.93
Month,2022-07-01,342,12,45.88
Month,2022-07-01,343,9,54.91
Month,2022-07-01,344,6,28.94
Month,2022-07-01,345,10,49.9
Month,2022-07-01,346,15,83.85
Month,2022-07-01,347,17,65.83
Month,2022-07-01,348,16,70.84
Month,2022-07-01,349,12,45.88
Month,2022-07-01,350,8,24.92
Month,2022-07-01,351,13,50.87
Month,2022-07-01,352,9,43.91
Month,2022-07-01,353,5,18.95
Month,2022-07-01,354,19,67.81
Month,2022-07-01,355,11,52.89
Month,2022-07-01,356,13,50.87
Month,2022-07-01,357,12,42.88
Month,2022-07-01,358,8,22.92
Month,2022-07-01,359,9,39.91
Month,2022-07-01,360,17,69.83
Month,2022-07-01,361,10,29.9
Month,2022-07-01,362,15,61.85
Month,2022-07-01,363,15,69.85
Month,2022-07-01,364,8,35.92
Month,2022-07-01,365,10,44.9
Month,2022-07-01,366,20,85.8
Month,2022-07-01,367,11,46.89
Month,2022-07-01,368,12,51.88
Month,2022-07-01,369,12,45.88
Month,2022-07-01,370,8,27.92
Month,2022-07-01,371,12,46.88
Month,2022-07-01,372,16,77.84
Month,2022-07-01,373,16,68.84
Month,2022-07-01,374,10,38.9
Month,2022-07-01,375,5,22.95
Month,2022-07-01,376,15,69.85
Month,2022-07-01,377,12,50.88
Month,2022-07-01,378,8,20.92
Month,2022-07-01,379,6,30.94
Month,2022-07-01,380,14,58.86
Month,2022-07-01,381,14,37.86
Month,2022-07-01,382,10,39.9
Month,2022-07-01,383,9,26.91
Month,2022-07-01,384,8,18.92
Month,2022-07-01,385,11,44.89
Month,2022-07-01,386,13,54.87
Month,2022-07-01,387,5,21.95
Month,2022-07-01,388,11,35.89
Month,2022-07-01,389,11,50.89
Month,2022-07-01,390,14,56.86
Month,2022-07-01,391,12,45.88
Month,2022-07-01,392,8,23.92
Month,2022-07-01,393,13,60.87
Month,2022-07-01,394,10,38.9
Month,2022-07-01,395,7,24.93
Month,2022-07-01,396,13,46.87
Month,2022-07-01,397,13,50.87
Month,2022-07-01,398,7,33.93
Month,2022-07-01,399,8,30.92
Month,2022-07-01,400,11,54.89
Month,2022-07-01,401,9,35.91
Month,2022-07-01,402,12,52.88
Month,2022-07-01,403,11,56.89
Month,2022-07-01,404,14,59.86
Month,2022-07-01,405,11,29.89
Month,2022-07-01,406,18,68.82
Month,2022-07-01,407,11,49.89
Month,2022-07-01,408,12,45.88
Month,2022-07-01,409,15,58.85
Month,2022-07-01,410,14,54.86
Month,2022-07-01,411,12,32.88
Month,2022-07-01,412,7,26.93
Month,2022-07-01,413,6,20.94
Month,2022-07-01,414,10,40.9
Month,2022-07-01,415,11,40.89
Month,2022-07-01,416,10,36.9
Month,2022-07-01,417,7,35.93
Month,2022-07-01,418,10,45.9
Month,2022-07-01,419,13,39.87
Month,2022-07-01,420,11,39.89
Month,2022-07-01,421,13,62.87
Month,2022-07-01,422,7,21.93
Month,2022-07-01,423,13,58.87
Month,2022-07-01,424,16,58.84
Month,2022-07-01,425,17,67.83
Month,2022-07-01,426,11,65.89
Month,2022-07-01,427,10,49.9
Month,2022-07-01,428,11,49.89
Month,2022-07-01,429,9,45.91
Month,2022-07-01,430,7,33.93
Month,2022-07-01,431,5,17.95
Month,2022-07-01,432,12,56.88
Month,2022-07-01,433,14,65.86
Month,2022-07-01,434,9,40.91
Month,2022-07-01,435,10,43.9
Month,2022-07-01,436,12,52.88
Month,2022-07-01,437,10,44.9
Month,2022-07-01,438,14,54.86
Month,2022-07-01,439,12,45.88
Month,2022-07-01,440,12,47.88
Month,2022-07-01,441,17,66.83
Month,2022-07-01,442,16,60.84
Month,2022-07-01,443,10,54.9
Month,2022-07-01,444,8,27.92
Month,2022-07-01,445,10,29.9
Month,2022-07-01,446,16,61.84
Month,2022-07-01,447,11,50.89
Month,2022-07-01,448,10,43.9
Month,2022-07-01,449,8,36.92
Month,2022-07-01,450,7,26.93
Month,2022-07-01,451,7,37.93
Month,2022-07-01,452,13,45.87
Month,2022-07-01,453,10,46.9
Month,2022-07-01,454,11,45.89
Month,2022-07-01,455,9,45.91
Month,2022-07-01,456,7,24.93
Month,2022-07-01,457,7,27.93
Month,2022-07-01,458,9,31.91
Month,2022-07-01,459,18,89.82
Month,2022-07-01,460,8,41.92
Month,2022-07-01,461,11,26.89
Month,2022-07-01,462,16,74.84
Month,2022-07-01,463,10,30.9
Month,2022-07-01,464,6,32.94
Month,2022-07-01,465,3,7.97
Month,2022-07-01,466,7,23.93
Month,2022-07-01,467,13,66.87
Month,2022-07-01,468,14,58.86
Month,2022-07-01,469,18,80.82
Month,2022-07-01,470,17,96.83
Month,2022-07-01,471,9,29.91
Month,2022-07-01,472,9,48.91
Month,2022-07-01,473,13,57.87
Month,2022-07-01,474,10,31.9
Month,2022-07-01,475,15,71.85
Month,2022-07-01,476,9,39.91
Month,2022-07-01,477,10,58.9
Month,2022-07-01,478,7,28.93
Month,2022-07-01,479,15,79.85
Month,2022-07-01,480,8,43.92
Month,2022-07-01,481,12,52.88
Month,2022-07-01,482,12,69.88
Month,2022-07-01,483,9,48.91
Month,2022-07-01,484,15,77.85
Month,2022-07-01,485,18,63.82
Month,2022-07-01,486,12,58.88
Month,2022-07-01,487,14,46.86
Month,2022-07-01,488,11,50.89
Month,2022-07-01,489,5,17.95
Month,2022-07-01,490,14,64.86
Month,2022-07-01,491,11,60.89
Month,2022-07-01,492,7,26.93
Month,2022-07-01,493,8,42.92
Month,2022-07-01,494,18,80.82
Month,2022-07-01,495,11,56.89
Month,2022-07-01,496,8,29.92
Month,2022-07-01,497,14,67.86
Month,2022-07-01,498,15,51.85
Month,2022-07-01,499,12,43.88
Month,2022-07-01,500,11,38.89
Month,2022-07-01,501,9,36.91
Month,2022-07-01,502,15,73.85
Month,2022-07-01,503,10,41.9
Month,2022-07-01,504,11,57.89
Month,2022-07-01,505,5,23.95
Month,2022-07-01,506,10,46.9
Month,2022-07-01,507,15,49.85
Month,2022-07-01,508,14,74.86
Month,2022-07-01,509,10,46.9
Month,2022-07-01,510,10,46.9
Month,2022-07-01,511,11,35.89
Month,2022-07-01,512,9,36.91
Month,2022-07-01,513,13,60.87
Month,2022-07-01,514,4,17.96
Month,2022-07-01,515,8,30.92
Month,2022-07-01,516,9,46.91
Month,2022-07-01,517,12,50.88
Month,2022-07-01,518,13,55.87
Month,2022-07-01,519,13,51.87
Month,2022-07-01,520,14,60.86
Month,2022-07-01,521,9,31.91
Month,2022-07-01,522,18,96.82
Month,2022-07-01,523,10,41.9
Month,2022-07-01,524,8,48.92
Month,2022-07-01,525,11,49.89
Month,2022-07-01,526,20,89.8
Month,2022-07-01,527,9,26.91
Month,2022-07-01,528,11,56.89
Month,2022-07-01,529,13,53.87
Month,2022-07-01,530,8,25.92
Month,2022-07-01,531,14,64.86
Month,2022-07-01,532,14,69.86
Month,2022-07-01,533,13,58.87
Month,2022-07-01,534,7,25.93
Month,2022-07-01,535,11,48.89
Month,2022-07-01,536,12,51.88
Month,2022-07-01,537,12,40.88
Month,2022-07-01,538,14,51.86
Month,2022-07-01,539,12,55.88
Month,2022-07-01,540,9,39.91
Month,2022-07-01,541,7,33.93
Month,2022-07-01,542,8,47.92
Month,2022-07-01,543,8,27.92
Month,2022-07-01,544,6,29.94
Month,2022-07-01,545,9,42.91
Month,2022-07-01,546,10,39.9
Month,2022-07-01,547,10,41.9
Month,2022-07-01,548,6,29.94
Month,2022-07-01,549,9,41.91
Month,2022-07-01,550,11,44.89
Month,2022-07-01,551,8,28.92
Month,2022-07-01,552,9,48.91
Month,2022-07-01,553,16,68.84
Month,2022-07-01,554,4,16.96
Month,2022-07-01,555,6,29.94
Month,2022-07-01,556,7,22.93
Month,2022-07-01,557,10,26.9
Month,2022-07-01,558,15,70.85
Month,2022-07-01,559,12,41.88
Month,2022-07-01,560,14,59.86
Month,2022-07-01,561,7,29.93
Month,2022-07-01,562,9,38.91
Month,2022-07-01,563,16,60.84
Month,2022-07-01,564,9,37.91
Month,2022-07-01,565,11,34.89
Month,2022-07-01,566,18,71.82
Month,2022-07-01,567,11,40.89
Month,2022-07-01,568,8,23.92
Month,2022-07-01,569,8,27.92
Month,2022-07-01,570,14,44.86
Month,2022-07-01,571,9,48.91
Month,2022-07-01,572,12,51.88
Month,2022-07-01,573,15,70.85
Month,2022-07-01,574,15,64.85
Month,2022-07-01,575,9,36.91
Month,2022-07-01,576,15,63.85
Month,2022-07-01,577,11,52.89
Month,2022-07-01,578,12,48.88
Month,2022-07-01,579,14,65.86
Month,2022-07-01,580,15,49.85
Month,2022-07-01,581,14,57.86
Month,2022-07-01,582,10,53.9
Month,2022-07-01,583,12,68.88
Month,2022-07-01,584,12,44.88
Month,2022-07-01,585,13,70.87
Month,2022-07-01,586,6,23.94
Month,2022-07-01,587,10,48.9
Month,2022-07-01,588,14,52.86
Month,2022-07-01,589,10,37.9
Month,2022-07-01,590,14,56.86
Month,2022-07-01,591,15,75.85
Month,2022-07-01,592,15,61.85
Month,2022-07-01,593,12,44.88
Month,2022-07-01,594,14,65.86
Month,2022-07-01,595,19,86.81
Month,2022-07-01,596,6,21.94
Month,2022-07-01,597,7,26.93
Month,2022-07-01,598,16,64.84
Month,2022-07-01,599,7,29.93
Month,2022-08-01,1,11,31.89
Month,2022-08-01,2,11,44.89
Month,2022-08-01,3,7,35.93
Month,2022-08-01,4,11,42.89
Month,2022-08-01,5,13,53.87
Month,2022-08-01,6,12,48.88
Month,2022-08-01,7,12,59.88
Month,2022-08-01,8,8,35.92
Month,2022-08-01,9,8,31.92
Month,2022-08-01,10,8,32.92
Month,2022-08-01,11,8,28.92
Month,2022-08-01,12,7,26.93
Month,2022-08-01,13,10,49.9
Month,2022-08-01,14,9,35.91
Month,2022-08-01,15,18,79.82
Month,2022-08-01,16,10,48.9
Month,2022-08-01,17,6,22.94
Month,2022-08-01,18,6,18.94
Month,2022-08-01,19,9,54.91
Month,2022-08-01,20,13,45.87
Month,2022-08-01,21,17,79.83
Month,2022-08-01,22,10,54.9
Month,2022-08-01,23,8,25.92
Month,2022-08-01,24,9,33.91
Month,2022-08-01,25,9,30.91
Month,2022-08-01,26,12,57.88
Month,2022-08-01,27,10,45.9
Month,2022-08-01,28,10,36.9
Month,2022-08-01,29,16,68.84
Month,2022-08-01,30,11,36.89
Month,2022-08-01,31,4,19.96
Month,2022-08-01,32,7,37.93
Month,2022-08-01,33,9,37.91
Month,2022-08-01,34,12,43.88
Month,2022-08-01,35,8,31.92
Month,2022-08-01,36,11,48.89
Month,2022-08-01,37,12,43.88
Month,2022-08-01,38,11,45.89
Month,2022-08-01,39,8,40.92
Month,2022-08-01,40,11,47.89
Month,2022-08-01,41,7,31.93
Month,2022-08-01,42,7,30.93
Month,2022-08-01,43,7,32.93
Month,2022-08-01,44,6,26.94
Month,2022-08-01,45,12,68.88
Month,2022-08-01,46,16,65.84
Month,2022-08-01,47,6,26.94
Month,2022-08-01,48,4,11.96
Month,2022-08-01,49,6,22.94
Month,2022-08-01,50,9,51.91
Month,2022-08-01,51,16,61.84
Month,2022-08-01,52,11,38.89
Month,2022-08-01,53,10,37.9
Month,2022-08-01,54,14,64.86
Month,2022-08-01,55,7,28.93
Month,2022-08-01,56,12,58.88
Month,2022-08-01,57,6,28.94
Month,2022-08-01,58,11,58.89
Month,2022-08-01,59,10,47.9
Month,2022-08-01,60,10,40.9
Month,2022-08-01,61,7,24.93
Month,2022-08-01,62,9,36.91
Month,2022-08-01,63,10,46.9
Month,2022-08-01,64,7,21.93
Month,2022-08-01,65,9,46.91
Month,2022-08-01,66,13,48.87
Month,2022-08-01,67,8,41.92
Month,2022-08-01,68,7,24.93
Month,2022-08-01,69,9,32.91
Month,2022-08-01,70,9,43.91
Month,2022-08-01,71,7,31.93
Month,2022-08-01,72,16,46.84
Month,2022-08-01,73,9,33.91
Month,2022-08-01,74,12,35.88
Month,2022-08-01,75,11,39.89
Month,2022-08-01,76,6,35.94
Month,2022-08-01,77,10,42.9
Month,2022-08-01,78,14,70.86
Month,2022-08-01,79,4,11.96
Month,2022-08-01,80,14,56.86
Month,2022-08-01,81,11,47.89
Month,2022-08-01,82,8,32.92
Month,2022-08-01,83,8,38.92
Month,2022-08-01,84,12,48.88
Month,2022-08-01,85,7,25.93
Month,2022-08-01,86,13,56.87
Month,2022-08-01,87,10,44.9
Month,2022-08-01,88,6,25.94
Month,2022-08-01,89,7,24.93
Month,2022-08-01,90,12,41.88
Month,2022-08-01,91,10,29.9
Month,2022-08-01,92,8,28.92
Month,2022-08-01,93,12,48.88
Month,2022-08-01,94,6,17.94
Month,2022-08-01,95,4,19.96
Month,2022-08-01,96,8,33.92
Month,2022-08-01,98,9,35.91
Month,2022-08-01,99,5,24.95
Month,2022-08-01,100,5,11.95
Month,2022-08-01,101,10,31.9
Month,2022-08-01,102,7,32.93
Month,2022-08-01,103,10,51.9
Month,2022-08-01,104,8,23.92
Month,2022-08-01,105,9,32.91
Month,2022-08-01,106,9,43.91
Month,2022-08-01,107,5,25.95
Month,2022-08-01,108,9,44.91
Month,2022-08-01,109,6,26.94
Month,2022-08-01,110,4,17.96
Month,2022-08-01,111,9,38.91
Month,2022-08-01,112,13,62.87
Month,2022-08-01,113,9,34.91
Month,2022-08-01,114,10,39.9
Month,2022-08-01,115,8,21.92
Month,2022-08-01,116,10,43.9
Month,2022-08-01,117,10,36.9
Month,2022-08-01,118,6,27.94
Month,2022-08-01,119,18,77.82
Month,2022-08-01,120,10,50.9
Month,2022-08-01,121,14,67.86
Month,2022-08-01,122,8,32.92
Month,2022-08-01,123,8,36.92
Month,2022-08-01,124,5,17.95
Month,2022-08-01,125,11,45.89
Month,2022-08-01,126,11,50.89
Month,2022-08-01,127,11,53.89
Month,2022-08-01,128,12,43.88
Month,2022-08-01,129,13,48.87
Month,2022-08-01,130,8,33.92
Month,2022-08-01,131,13,47.87
Month,2022-08-01,132,8,30.92
Month,2022-08-01,133,8,26.92
Month,2022-08-01,134,8,33.92
Month,2022-08-01,135,10,35.9
Month,2022-08-01,136,7,31.93
Month,2022-08-01,137,15,74.85
Month,2022-08-01,138,13,43.87
Month,2022-08-01,139,11,46.89
Month,2022-08-01,140,7,37.93
Month,2022-08-01,141,17,64.83
Month,2022-08-01,142,10,26.9
Month,2022-08-01,143,6,32.94
Month,2022-08-01,144,16,72.84
Month,2022-08-01,145,9,37.91
Month,2022-08-01,146,13,63.87
Month,2022-08-01,147,15,76.85
Month,2022-08-01,148,18,87.82
Month,2022-08-01,149,7,28.93
Month,2022-08-01,150,16,68.84
Month,2022-08-01,151,10,37.9
Month,2022-08-01,152,11,37.89
Month,2022-08-01,153,10,41.9
Month,2022-08-01,154,10,45.9
Month,2022-08-01,155,7,27.93
Month,2022-08-01,156,10,37.9
Month,2022-08-01,157,10,48.9
Month,2022-08-01,158,13,47.87
Month,2022-08-01,159,5,17.95
Month,2022-08-01,160,15,66.85
Month,2022-08-01,161,12,45.88
Month,2022-08-01,162,4,12.96
Month,2022-08-01,163,10,43.9
Month,2022-08-01,165,6,24.94
Month,2022-08-01,166,10,50.9
Month,2022-08-01,167,11,43.89
Month,2022-08-01,168,13,52.87
Month,2022-08-01,169,8,28.92
Month,2022-08-01,170,9,42.91
Month,2022-08-01,171,9,37.91
Month,2022-08-01,172,13,58.87
Month,2022-08-01,173,8,36.92
Month,2022-08-01,174,8,31.92
Month,2022-08-01,175,9,41.91
Month,2022-08-01,176,12,52.88
Month,2022-08-01,177,11,33.89
Month,2022-08-01,178,12,58.88
Month,2022-08-01,179,10,38.9
Month,2022-08-01,180,9,43.91
Month,2022-08-01,181,16,71.84
Month,2022-08-01,182,8,38.92
Month,2022-08-01,183,7,25.93
Month,2022-08-01,184,9,39.91
Month,2022-08-01,185,5,13.95
Month,2022-08-01,186,14,55.86
Month,2022-08-01,187,9,63.91
Month,2022-08-01,188,12,43.88
Month,2022-08-01,189,6,35.94
Month,2022-08-01,190,12,49.88
Month,2022-08-01,192,10,52.9
Month,2022-08-01,193,10,38.9
Month,2022-08-01,194,5,20.95
Month,2022-08-01,195,8,38.92
Month,2022-08-01,196,8,27.92
Month,2022-08-01,197,15,56.85
Month,2022-08-01,198,16,70.84
Month,2022-08-01,199,7,27.93
Month,2022-08-01,200,8,53.92
Month,2022-08-01,201,12,48.88
Month,2022-08-01,202,9,40.91
Month,2022-08-01,203,8,27.92
Month,2022-08-01,204,11,53.89
Month,2022-08-01,205,6,19.94
Month,2022-08-01,206,11,53.89
Month,2022-08-01,207,12,56.88
Month,2022-08-01,208,5,21.95
Month,2022-08-01,209,8,44.92
Month,2022-08-01,210,10,56.9
Month,2022-08-01,211,14,62.86
Month,2022-08-01,212,9,35.91
Month,2022-08-01,213,5,19.95
Month,2022-08-01,214,14,53.86
Month,2022-08-01,215,10,24.9
Month,2022-08-01,216,9,35.91
Month,2022-08-01,217,9,37.91
Month,2022-08-01,218,7,24.93
Month,2022-08-01,219,7,25.93
Month,2022-08-01,220,12,48.88
Month,2022-08-01,221,10,44.9
Month,2022-08-01,223,7,33.93
Month,2022-08-01,224,10,32.9
Month,2022-08-01,225,6,22.94
Month,2022-08-01,226,10,37.9
Month,2022-08-01,227,5,15.95
Month,2022-08-01,228,4,13.96
Month,2022-08-01,229,7,27.93
Month,2022-08-01,230,10,38.9
Month,2022-08-01,231,11,50.89
Month,2022-08-01,232,7,18.93
Month,2022-08-01,233,6,19.94
Month,2022-08-01,234,13,53.87
Month,2022-08-01,235,6,20.94
Month,2022-08-01,236,10,53.9
Month,2022-08-01,237,11,60.89
Month,2022-08-01,238,7,32.93
Month,2022-08-01,239,11,35.89
Month,2022-08-01,240,8,39.92
Month,2022-08-01,241,12,44.88
Month,2022-08-01,242,14,59.86
Month,2022-08-01,243,7,18.93
Month,2022-08-01,244,12,45.88
Month,2022-08-01,245,6,18.94
Month,2022-08-01,246,6,30.94
Month,2022-08-01,247,11,48.89
Month,2022-08-01,248,4,8.96
Month,2022-08-01,249,6,20.94
Month,2022-08-01,250,7,29.93
Month,2022-08-01,251,10,39.9
Month,2022-08-01,252,6,20.94
Month,2022-08-01,253,11,52.89
Month,2022-08-01,254,12,37.88
Month,2022-08-01,255,7,30.93
Month,2022-08-01,256,12,53.88
Month,2022-08-01,257,14,47.86
Month,2022-08-01,258,11,52.89
Month,2022-08-01,259,15,73.85
Month,2022-08-01,260,10,41.9
Month,2022-08-01,261,9,37.91
Month,2022-08-01,262,12,45.88
Month,2022-08-01,263,11,60.89
Month,2022-08-01,264,8,29.92
Month,2022-08-01,265,9,45.91
Month,2022-08-01,266,17,71.83
Month,2022-08-01,267,11,49.89
Month,2022-08-01,268,9,42.91
Month,2022-08-01,269,10,45.9
Month,2022-08-01,270,12,44.88
Month,2022-08-01,271,7,25.93
Month,2022-08-01,272,7,28.93
Month,2022-08-01,273,13,62.87
Month,2022-08-01,274,16,69.84
Month,2022-08-01,275,16,59.84
Month,2022-08-01,276,11,43.89
Month,2022-08-01,277,12,61.88
Month,2022-08-01,278,12,33.88
Month,2022-08-01,279,13,61.87
Month,2022-08-01,280,12,68.88
Month,2022-08-01,282,4,13.96
Month,2022-08-01,283,6,17.94
Month,2022-08-01,284,8,41.92
Month,2022-08-01,285,10,48.9
Month,2022-08-01,286,7,19.93
Month,2022-08-01,287,10,38.9
Month,2022-08-01,288,10,29.9
Month,2022-08-01,289,12,54.88
Month,2022-08-01,290,7,26.93
Month,2022-08-01,291,5,20.95
Month,2022-08-01,292,6,27.94
Month,2022-08-01,293,11,60.89
Month,2022-08-01,294,12,56.88
Month,2022-08-01,295,9,36.91
Month,2022-08-01,296,10,45.9
Month,2022-08-01,297,13,50.87
Month,2022-08-01,298,11,45.89
Month,2022-08-01,299,9,38.91
Month,2022-08-01,300,11,58.89
Month,2022-08-01,301,5,22.95
Month,2022-08-01,302,11,45.89
Month,2022-08-01,303,8,25.92
Month,2022-08-01,304,7,26.93
Month,2022-08-01,305,10,42.9
Month,2022-08-01,306,13,58.87
Month,2022-08-01,307,7,29.93
Month,2022-08-01,308,13,53.87
Month,2022-08-01,309,9,36.91
Month,2022-08-01,310,5,26.95
Month,2022-08-01,311,7,34.93
Month,2022-08-01,312,9,32.91
Month,2022-08-01,313,9,38.91
Month,2022-08-01,314,11,45.89
Month,2022-08-01,315,5,16.95
Month,2022-08-01,316,7,24.93
Month,2022-08-01,317,11,44.89
Month,2022-08-01,319,9,40.91
Month,2022-08-01,320,4,7.96
Month,2022-08-01,321,7,42.93
Month,2022-08-01,322,7,35.93
Month,2022-08-01,323,10,32.9
Month,2022-08-01,324,9,41.91
Month,2022-08-01,325,8,30.92
Month,2022-08-01,326,6,17.94
Month,2022-08-01,327,13,58.87
Month,2022-08-01,328,11,40.89
Month,2022-08-01,329,10,45.9
Month,2022-08-01,330,5,15.95
Month,2022-08-01,331,9,34.91
Month,2022-08-01,332,9,28.91
Month,2022-08-01,333,9,37.91
Month,2022-08-01,334,12,49.88
Month,2022-08-01,335,6,16.94
Month,2022-08-01,336,9,39.91
Month,2022-08-01,337,11,47.89
Month,2022-08-01,338,10,37.9
Month,2022-08-01,339,11,42.89
Month,2022-08-01,340,14,52.86
Month,2022-08-01,341,8,31.92
Month,2022-08-01,342,17,69.83
Month,2022-08-01,343,7,20.93
Month,2022-08-01,344,7,25.93
Month,2022-08-01,345,7,42.93
Month,2022-08-01,346,12,49.88
Month,2022-08-01,347,8,44.92
Month,2022-08-01,348,15,60.85
Month,2022-08-01,349,11,64.89
Month,2022-08-01,350,9,29.91
Month,2022-08-01,351,7,26.93
Month,2022-08-01,352,7,28.93
Month,2022-08-01,353,9,28.91
Month,2022-08-01,354,8,33.92
Month,2022-08-01,355,5,10.95
Month,2022-08-01,356,13,56.87
Month,2022-08-01,357,7,20.93
Month,2022-08-01,358,6,33.94
Month,2022-08-01,359,8,27.92
Month,2022-08-01,360,11,55.89
Month,2022-08-01,361,13,42.87
Month,2022-08-01,362,11,63.89
Month,2022-08-01,363,8,46.92
Month,2022-08-01,364,9,33.91
Month,2022-08-01,365,6,29.94
Month,2022-08-01,366,13,51.87
Month,2022-08-01,367,8,49.92
Month,2022-08-01,368,13,56.87
Month,2022-08-01,369,7,21.93
Month,2022-08-01,370,10,35.9
Month,2022-08-01,371,10,52.9
Month,2022-08-01,372,13,62.87
Month,2022-08-01,373,15,76.85
Month,2022-08-01,374,10,44.9
Month,2022-08-01,375,12,51.88
Month,2022-08-01,376,10,37.9
Month,2022-08-01,377,9,27.91
Month,2022-08-01,378,6,25.94
Month,2022-08-01,379,12,47.88
Month,2022-08-01,380,13,45.87
Month,2022-08-01,381,13,44.87
Month,2022-08-01,382,7,29.93
Month,2022-08-01,383,10,38.9
Month,2022-08-01,384,6,23.94
Month,2022-08-01,385,10,43.9
Month,2022-08-01,386,10,37.9
Month,2022-08-01,387,11,42.89
Month,2022-08-01,388,11,50.89
Month,2022-08-01,389,11,54.89
Month,2022-08-01,390,12,59.88
Month,2022-08-01,391,8,22.92
Month,2022-08-01,392,11,49.89
Month,2022-08-01,393,11,34.89
Month,2022-08-01,394,8,28.92
Month,2022-08-01,395,6,16.94
Month,2022-08-01,396,10,44.9
Month,2022-08-01,397,12,38.88
Month,2022-08-01,398,5,19.95
Month,2022-08-01,399,8,33.92
Month,2022-08-01,400,10,38.9
Month,2022-08-01,401,9,25.91
Month,2022-08-01,402,4,11.96
Month,2022-08-01,403,15,64.85
Month,2022-08-01,404,11,57.89
Month,2022-08-01,405,12,43.88
Month,2022-08-01,406,6,25.94
Month,2022-08-01,407,13,50.87
Month,2022-08-01,408,12,46.88
Month,2022-08-01,409,5,23.95
Month,2022-08-01,410,17,86.83
Month,2022-08-01,411,8,30.92
Month,2022-08-01,412,8,43.92
Month,2022-08-01,413,11,33.89
Month,2022-08-01,414,10,34.9
Month,2022-08-01,415,9,39.91
Month,2022-08-01,416,13,63.87
Month,2022-08-01,417,13,48.87
Month,2022-08-01,418,17,52.83
Month,2022-08-01,419,10,43.9
Month,2022-08-01,420,6,28.94
Month,2022-08-01,421,8,40.92
Month,2022-08-01,422,13,56.87
Month,2022-08-01,423,8,33.92
Month,2022-08-01,424,9,36.91
Month,2022-08-01,425,7,23.93
Month,2022-08-01,426,10,39.9
Month,2022-08-01,427,8,38.92
Month,2022-08-01,430,7,21.93
Month,2022-08-01,431,9,35.91
Month,2022-08-01,432,5,22.95
Month,2022-08-01,433,9,47.91
Month,2022-08-01,434,10,52.9
Month,2022-08-01,435,11,32.89
Month,2022-08-01,436,14,63.86
Month,2022-08-01,437,7,28.93
Month,2022-08-01,438,9,47.91
Month,2022-08-01,439,15,67.85
Month,2022-08-01,440,8,30.92
Month,2022-08-01,441,7,25.93
Month,2022-08-01,442,9,24.91
Month,2022-08-01,443,10,35.9
Month,2022-08-01,444,14,51.86
Month,2022-08-01,445,14,66.86
Month,2022-08-01,446,5,16.95
Month,2022-08-01,447,12,44.88
Month,2022-08-01,448,10,54.9
Month,2022-08-01,449,6,34.94
Month,2022-08-01,450,10,34.9
Month,2022-08-01,451,16,60.84
Month,2022-08-01,452,8,25.92
Month,2022-08-01,453,10,45.9
Month,2022-08-01,454,11,44.89
Month,2022-08-01,455,9,31.91
Month,2022-08-01,456,10,44.9
Month,2022-08-01,457,9,43.91
Month,2022-08-01,458,8,27.92
Month,2022-08-01,459,12,67.88
Month,2022-08-01,460,12,54.88
Month,2022-08-01,461,14,52.86
Month,2022-08-01,462,12,56.88
Month,2022-08-01,463,10,42.9
Month,2022-08-01,464,6,26.94
Month,2022-08-01,465,9,42.91
Month,2022-08-01,466,10,48.9
Month,2022-08-01,467,11,36.89
Month,2022-08-01,468,14,71.86
Month,2022-08-01,469,15,66.85
Month,2022-08-01,470,11,50.89
Month,2022-08-01,471,12,55.88
Month,2022-08-01,472,10,52.9
Month,2022-08-01,473,14,50.86
Month,2022-08-01,474,12,42.88
Month,2022-08-01,475,7,25.93
Month,2022-08-01,476,6,33.94
Month,2022-08-01,477,7,21.93
Month,2022-08-01,478,6,25.94
Month,2022-08-01,479,7,29.93
Month,2022-08-01,480,9,37.91
Month,2022-08-01,481,11,37.89
Month,2022-08-01,482,12,51.88
Month,2022-08-01,483,5,17.95
Month,2022-08-01,484,8,31.92
Month,2022-08-01,485,8,36.92
Month,2022-08-01,486,7,24.93
Month,2022-08-01,487,11,68.89
Month,2022-08-01,488,9,34.91
Month,2022-08-01,489,10,55.9
Month,2022-08-01,490,7,36.93
Month,2022-08-01,491,7,27.93
Month,2022-08-01,492,4,13.96
Month,2022-08-01,493,9,45.91
Month,2022-08-01,494,11,51.89
Month,2022-08-01,495,8,32.92
Month,2022-08-01,496,9,46.91
Month,2022-08-01,497,8,25.92
Month,2022-08-01,499,13,61.87
Month,2022-08-01,500,9,31.91
Month,2022-08-01,501,8,35.92
Month,2022-08-01,502,12,46.88
Month,2022-08-01,503,15,48.85
Month,2022-08-01,504,12,50.88
Month,2022-08-01,505,8,27.92
Month,2022-08-01,506,13,48.87
Month,2022-08-01,507,5,24.95
Month,2022-08-01,508,7,40.93
Month,2022-08-01,509,6,31.94
Month,2022-08-01,510,5,21.95
Month,2022-08-01,511,7,34.93
Month,2022-08-01,512,13,62.87
Month,2022-08-01,513,14,69.86
Month,2022-08-01,514,11,36.89
Month,2022-08-01,515,12,53.88
Month,2022-08-01,516,7,16.93
Month,2022-08-01,517,7,26.93
Month,2022-08-01,518,10,45.9
Month,2022-08-01,519,6,29.94
Month,2022-08-01,520,14,53.86
Month,2022-08-01,521,11,41.89
Month,2022-08-01,522,10,47.9
Month,2022-08-01,523,6,20.94
Month,2022-08-01,524,6,22.94
Month,2022-08-01,525,5,12.95
Month,2022-08-01,526,13,76.87
Month,2022-08-01,527,10,43.9
Month,2022-08-01,528,7,28.93
Month,2022-08-01,529,12,57.88
Month,2022-08-01,530,9,35.91
Month,2022-08-01,531,8,42.92
Month,2022-08-01,532,14,69.86
Month,2022-08-01,533,10,51.9
Month,2022-08-01,534,9,36.91
Month,2022-08-01,535,15,63.85
Month,2022-08-01,536,8,46.92
Month,2022-08-01,537,7,28.93
Month,2022-08-01,538,9,38.91
Month,2022-08-01,539,5,18.95
Month,2022-08-01,540,10,53.9
Month,2022-08-01,541,13,51.87
Month,2022-08-01,542,6,20.94
Month,2022-08-01,543,7,23.93
Month,2022-08-01,544,10,45.9
Month,2022-08-01,545,9,38.91
Month,2022-08-01,546,9,37.91
Month,2022-08-01,547,9,36.91
Month,2022-08-01,548,6,26.94
Month,2022-08-01,549,6,17.94
Month,2022-08-01,550,13,63.87
Month,2022-08-01,551,11,37.89
Month,2022-08-01,552,9,34.91
Month,2022-08-01,553,4,13.96
Month,2022-08-01,554,12,56.88
Month,2022-08-01,555,10,42.9
Month,2022-08-01,556,6,23.94
Month,2022-08-01,557,8,19.92
Month,2022-08-01,558,8,36.92
Month,2022-08-01,559,12,55.88
Month,2022-08-01,560,11,56.89
Month,2022-08-01,561,8,21.92
Month,2022-08-01,562,9,40.91
Month,2022-08-01,563,9,32.91
Month,2022-08-01,564,12,41.88
Month,2022-08-01,565,13,66.87
Month,2022-08-01,566,10,41.9
Month,2022-08-01,567,7,36.93
Month,2022-08-01,568,7,21.93
Month,2022-08-01,569,17,72.83
Month,2022-08-01,571,7,25.93
Month,2022-08-01,572,9,35.91
Month,2022-08-01,573,9,25.91
Month,2022-08-01,574,7,27.93
Month,2022-08-01,575,12,61.88
Month,2022-08-01,576,8,31.92
Month,2022-08-01,577,12,44.88
Month,2022-08-01,578,6,31.94
Month,2022-08-01,579,9,31.91
Month,2022-08-01,580,10,47.9
Month,2022-08-01,581,8,27.92
Month,2022-08-01,582,10,43.9
Month,2022-08-01,583,5,18.95
Month,2022-08-01,584,13,58.87
Month,2022-08-01,585,6,27.94
Month,2022-08-01,586,9,22.91
Month,2022-08-01,587,9,36.91
Month,2022-08-01,588,8,29.92
Month,2022-08-01,589,10,49.9
Month,2022-08-01,590,4,17.96
Month,2022-08-01,591,9,49.91
Month,2022-08-01,592,8,23.92
Month,2022-08-01,593,8,35.92
Month,2022-08-01,594,3,18.97
Month,2022-08-01,595,8,15.92
Month,2022-08-01,596,13,46.87
Month,2022-08-01,597,12,47.88
Month,2022-08-01,598,5,15.95
Month,2022-08-01,599,7,27.93
Year,2022-01-01,1,32,118.68
Year,2022-01-01,2,27,128.73
Year,2022-01-01,3,26,135.74
Year,2022-01-01,4,22,81.78
Year,2022-01-01,5,38,144.62
Year,2022-01-01,6,28,93.72
Year,2022-01-01,7,33,151.67
Year,2022-01-01,8,24,92.76
Year,2022-01-01,9,23,89.77
Year,2022-01-01,10,25,99.75
Year,2022-01-01,11,24,106.76
Year,2022-01-01,12,28,103.72
Year,2022-01-01,13,27,131.73
Year,2022-01-01,14,28,117.72
Year,2022-01-01,15,32,134.68
Year,2022-01-01,16,28,118.72
Year,2022-01-01,17,21,98.79
Year,2022-01-01,18,22,91.78
Year,2022-01-01,19,24,125.76
Year,2022-01-01,20,30,115.7
Year,2022-01-01,21,34,150.66
Year,2022-01-01,22,22,113.78
Year,2022-01-01,23,30,119.7
Year,2022-01-01,24,25,95.75
Year,2022-01-01,25,29,115.71
Year,2022-01-01,26,34,152.66
Year,2022-01-01,27,31,126.69
Year,2022-01-01,28,32,111.68
Year,2022-01-01,29,36,140.64
Year,2022-01-01,30,34,123.66
Year,2022-01-01,31,26,104.74
Year,2022-01-01,32,29,127.71
Year,2022-01-01,33,21,91.79
Year,2022-01-01,34,24,89.76
Year,2022-01-01,35,32,129.68
Year,2022-01-01,36,27,92.73
Year,2022-01-01,37,23,95.77
Year,2022-01-01,38,34,127.66
Year,2022-01-01,39,29,141.71
Year,2022-01-01,40,27,110.73
Year,2022-01-01,41,24,111.76
Year,2022-01-01,42,30,117.7
Year,2022-01-01,43,24,99.76
Year,2022-01-01,44,26,114.74
Year,2022-01-01,45,27,127.73
Year,2022-01-01,46,34,142.66
Year,2022-01-01,47,22,108.78
Year,2022-01-01,48,17,76.83
Year,2022-01-01,49,28,130.72
Year,2022-01-01,50,35,169.65
Year,2022-01-01,51,33,138.67
Year,2022-01-01,52,29,107.71
Year,2022-01-01,53,30,115.7
Year,2022-01-01,54,28,120.72
Year,2022-01-01,55,22,100.78
Year,2022-01-01,56,30,135.7
Year,2022-01-01,57,27,109.73
Year,2022-01-01,58,27,115.73
Year,2022-01-01,59,27,133.73
Year,2022-01-01,60,25,98.75
Year,2022-01-01,61,14,58.86
Year,2022-01-01,62,23,84.77
Year,2022-01-01,63,25,112.75
Year,2022-01-01,64,33,100.67
Year,2022-01-01,65,22,103.78
Year,2022-01-01,66,34,144.66
Year,2022-01-01,67,22,99.78
Year,2022-01-01,68,22,94.78
Year,2022-01-01,69,25,96.75
Year,2022-01-01,70,18,80.82
Year,2022-01-01,71,30,129.7
Year,2022-01-01,72,30,99.7
Year,2022-01-01,73,24,97.76
Year,2022-01-01,74,26,96.74
Year,2022-01-01,75,41,155.59
Year,2022-01-01,76,23,77.77
Year,2022-01-01,77,28,100.72
Year,2022-01-01,78,31,141.69
Year,2022-01-01,79,22,84.78
Year,2022-01-01,80,30,137.7
Year,2022-01-01,81,21,85.79
Year,2022-01-01,82,26,130.74
Year,2022-01-01,83,25,101.75
Year,2022-01-01,84,33,141.67
Year,2022-01-01,85,23,87.77
Year,2022-01-01,86,33,148.67
Year,2022-01-01,87,30,145.7
Year,2022-01-01,88,21,87.79
Year,2022-01-01,89,32,134.68
Year,2022-01-01,90,28,110.72
Year,2022-01-01,91,35,113.65
Year,2022-01-01,92,28,133.72
Year,2022-01-01,93,23,91.77
Year,2022-01-01,94,21,79.79
Year,2022-01-01,95,18,77.82
Year,2022-01-01,96,27,105.73
Year,2022-01-01,97,18,58.82
Year,2022-01-01,98,25,106.75
Year,2022-01-01,99,24,91.76
Year,2022-01-01,100,24,102.76
Year,2022-01-01,101,24,96.76
Year,2022-01-01,102,33,137.67
Year,2022-01-01,103,31,146.69
Year,2022-01-01,104,24,92.76
Year,2022-01-01,105,26,120.74
Year,2022-01-01,106,23,100.77
Year,2022-01-01,107,30,126.7
Year,2022-01-01,108,30,132.7
Year,2022-01-01,109,26,107.74
Year,2022-01-01,110,14,59.86
Year,2022-01-01,111,26,97.74
Year,2022-01-01,112,30,133.7
Year,2022-01-01,113,29,113.71
Year,2022-01-01,114,33,139.67
Year,2022-01-01,115,30,91.7
Year,2022-01-01,116,27,111.73
Year,2022-01-01,117,19,71.81
Year,2022-01-01,118,21,82.79
Year,2022-01-01,119,34,153.66
Year,2022-01-01,120,32,143.68
Year,2022-01-01,121,26,109.74
Year,2022-01-01,122,32,126.68
Year,2022-01-01,123,24,100.76
Year,2022-01-01,124,18,73.82
Year,2022-01-01,125,32,135.68
Year,2022-01-01,126,28,117.72
Year,2022-01-01,127,24,107.76
Year,2022-01-01,128,32,127.68
Year,2022-01-01,129,34,124.66
Year,2022-01-01,130,24,93.76
Year,2022-01-01,131,30,128.7
Year,2022-01-01,132,28,95.72
Year,2022-01-01,133,27,98.73
Year,2022-01-01,134,22,87.78
Year,2022-01-01,135,30,110.7
Year,2022-01-01,136,15,62.85
Year,2022-01-01,137,39,194.61
Year,2022-01-01,138,34,110.66
Year,2022-01-01,139,27,113.73
Year,2022-01-01,140,18,83.82
Year,2022-01-01,141,32,130.68
Year,2022-01-01,142,26,94.74
Year,2022-01-01,143,22,89.78
Year,2022-01-01,144,42,195.58
Year,2022-01-01,145,27,100.73
Year,2022-01-01,146,29,139.71
Year,2022-01-01,147,34,127.66
Year,2022-01-01,148,46,216.54
Year,2022-01-01,149,26,121.74
Year,2022-01-01,150,25,105.75
Year,2022-01-01,151,27,92.73
Year,2022-01-01,152,21,83.79
Year,2022-01-01,153,24,94.76
Year,2022-01-01,154,30,130.7
Year,2022-01-01,155,25,109.75
Year,2022-01-01,156,25,101.75
Year,2022-01-01,157,31,113.69
Year,2022-01-01,158,32,126.68
Year,2022-01-01,159,21,68.79
Year,2022-01-01,160,27,106.73
Year,2022-01-01,161,30,112.7
Year,2022-01-01,162,20,71.8
Year,2022-01-01,163,29,122.71
Year,2022-01-01,164,16,66.84
Year,2022-01-01,165,21,86.79
Year,2022-01-01,166,28,123.72
Year,2022-01-01,167,32,119.68
Year,2022-01-01,168,34,135.66
Year,2022-01-01,169,22,95.78
Year,2022-01-01,170,26,119.74
Year,2022-01-01,171,26,114.74
Year,2022-01-01,172,32,140.68
Year,2022-01-01,173,29,119.71
Year,2022-01-01,174,21,92.79
Year,2022-01-01,175,24,98.76
Year,2022-01-01,176,37,173.63
Year,2022-01-01,177,23,71.77
Year,2022-01-01,178,39,194.61
Year,2022-01-01,179,29,133.71
Year,2022-01-01,180,23,98.77
Year,2022-01-01,181,34,174.66
Year,2022-01-01,182,31,107.69
Year,2022-01-01,183,23,76.77
Year,2022-01-01,184,23,90.77
Year,2022-01-01,185,23,84.77
Year,2022-01-01,186,31,114.69
Year,2022-01-01,187,28,159.72
Year,2022-01-01,188,25,92.75
Year,2022-01-01,189,22,93.78
Year,2022-01-01,190,27,110.73
Year,2022-01-01,191,20,74.8
Year,2022-01-01,192,23,99.77
Year,2022-01-01,193,25,109.75
Year,2022-01-01,194,17,79.83
Year,2022-01-01,195,19,86.81
Year,2022-01-01,196,35,151.65
Year,2022-01-01,197,39,145.61
Year,2022-01-01,198,37,141.63
Year,2022-01-01,199,25,103.75
Year,2022-01-01,200,27,136.73
Year,2022-01-01,201,25,108.75
Year,2022-01-01,202,26,103.74
Year,2022-01-01,203,20,88.8
Year,2022-01-01,204,35,147.65
Year,2022-01-01,205,18,80.82
Year,2022-01-01,206,27,126.73
Year,2022-01-01,207,34,137.66
Year,2022-01-01,208,26,91.74
Year,2022-01-01,209,32,161.68
Year,2022-01-01,210,31,137.69
Year,2022-01-01,211,34,151.66
Year,2022-01-01,212,20,91.8
Year,2022-01-01,213,28,111.72
Year,2022-01-01,214,31,116.69
Year,2022-01-01,215,26,91.74
Year,2022-01-01,216,23,95.77
Year,2022-01-01,217,23,98.77
Year,2022-01-01,218,18,67.82
Year,2022-01-01,219,26,101.74
Year,2022-01-01,220,27,114.73
Year,2022-01-01,221,27,125.73
Year,2022-01-01,222,21,91.79
Year,2022-01-01,223,17,80.83
Year,2022-01-01,224,22,76.78
Year,2022-01-01,225,26,120.74
Year,2022-01-01,226,21,87.79
Year,2022-01-01,227,24,87.76
Year,2022-01-01,228,27,92.73
Year,2022-01-01,229,25,93.75
Year,2022-01-01,230,33,124.67
Year,2022-01-01,231,26,110.74
Year,2022-01-01,232,25,95.75
Year,2022-01-01,233,23,89.77
Year,2022-01-01,234,26,111.74
Year,2022-01-01,235,24,88.76
Year,2022-01-01,236,42,175.58
Year,2022-01-01,237,33,144.67
Year,2022-01-01,238,21,94.79
Year,2022-01-01,239,34,142.66
Year,2022-01-01,240,26,117.74
Year,2022-01-01,241,34,122.66
Year,2022-01-01,242,32,140.68
Year,2022-01-01,243,24,82.76
Year,2022-01-01,244,32,129.68
Year,2022-01-01,245,32,132.68
Year,2022-01-01,246,23,107.77
Year,2022-01-01,247,22,104.78
Year,2022-01-01,248,14,45.86
Year,2022-01-01,249,23,107.77
Year,2022-01-01,250,20,73.8
Year,2022-01-01,251,31,120.69
Year,2022-01-01,252,22,64.78
Year,2022-01-01,253,29,127.71
Year,2022-01-01,254,32,116.68
Year,2022-01-01,255,18,70.82
Year,2022-01-01,256,30,112.7
Year,2022-01-01,257,37,151.63
Year,2022-01-01,258,24,110.76
Year,2022-01-01,259,32,168.68
Year,2022-01-01,260,31,122.69
Year,2022-01-01,261,26,107.74
Year,2022-01-01,262,28,119.72
Year,2022-01-01,263,29,122.71
Year,2022-01-01,264,24,92.76
Year,2022-01-01,265,29,133.71
Year,2022-01-01,266,28,118.72
Year,2022-01-01,267,35,151.65
Year,2022-01-01,268,29,123.71
Year,2022-01-01,269,30,129.7
Year,2022-01-01,270,25,104.75
Year,2022-01-01,271,18,68.82
Year,2022-01-01,272,20,98.8
Year,2022-01-01,273,35,157.65
Year,2022-01-01,274,35,152.65
Year,2022-01-01,275,30,108.7
Year,2022-01-01,276,27,117.73
Year,2022-01-01,277,32,144.68
Year,2022-01-01,278,26,88.74
Year,2022-01-01,279,30,130.7
Year,2022-01-01,280,27,118.73
Year,2022-01-01,281,14,50.86
Year,2022-01-01,282,27,103.73
Year,2022-01-01,283,28,86.72
Year,2022-01-01,284,28,126.72
Year,2022-01-01,285,25,127.75
Year,2022-01-01,286,27,117.73
Year,2022-01-01,287,28,108.72
Year,2022-01-01,288,24,80.76
Year,2022-01-01,289,30,142.7
Year,2022-01-01,290,27,100.73
Year,2022-01-01,291,23,95.77
Year,2022-01-01,292,27,118.73
Year,2022-01-01,293,31,158.69
Year,2022-01-01,294,26,113.74
Year,2022-01-01,295,38,162.62
Year,2022-01-01,296,30,129.7
Year,2022-01-01,297,33,128.67
Year,2022-01-01,298,25,96.75
Year,2022-01-01,299,30,131.7
Year,2022-01-01,300,31,137.69
Year,2022-01-01,301,21,92.79
Year,2022-01-01,302,29,127.71
Year,2022-01-01,303,25,95.75
Year,2022-01-01,304,26,115.74
Year,2022-01-01,305,25,109.75
Year,2022-01-01,306,32,138.68
Year,2022-01-01,307,30,134.7
Year,2022-01-01,308,25,105.75
Year,2022-01-01,309,31,147.69
Year,2022-01-01,310,20,97.8
Year,2022-01-01,311,23,120.77
Year,2022-01-01,312,26,104.74
Year,2022-01-01,313,23,89.77
Year,2022-01-01,314,33,131.67
Year,2022-01-01,315,17,84.83
Year,2022-01-01,316,29,132.71
Year,2022-01-01,317,28,114.72
Year,2022-01-01,318,12,52.88
Year,2022-01-01,319,30,132.7
Year,2022-01-01,320,20,71.8
Year,2022-01-01,321,22,116.78
Year,2022-01-01,322,28,128.72
Year,2022-01-01,323,31,114.69
Year,2022-01-01,324,25,103.75
Year,2022-01-01,325,22,91.78
Year,2022-01-01,326,25,96.75
Year,2022-01-01,327,26,112.74
Year,2022-01-01,328,23,90.77
Year,2022-01-01,329,32,127.68
Year,2022-01-01,330,25,94.75
Year,2022-01-01,331,27,122.73
Year,2022-01-01,332,28,118.72
Year,2022-01-01,333,27,109.73
Year,2022-01-01,334,30,135.7
Year,2022-01-01,335,23,78.77
Year,2022-01-01,336,30,119.7
Year,2022-01-01,337,29,143.71
Year,2022-01-01,338,28,114.72
Year,2022-01-01,339,30,127.7
Year,2022-01-01,340,31,119.69
Year,2022-01-01,341,22,99.78
Year,2022-01-01,342,32,130.68
Year,2022-01-01,343,25,114.75
Year,2022-01-01,344,18,73.82
Year,2022-01-01,345,23,106.77
Year,2022-01-01,346,32,155.68
Year,2022-01-01,347,30,142.7
Year,2022-01-01,348,36,146.64
Year,2022-01-01,349,29,138.71
Year,2022-01-01,350,23,73.77
Year,2022-01-01,351,24,89.76
Year,2022-01-01,352,23,99.77
Year,2022-01-01,353,18,72.82
Year,2022-01-01,354,36,129.64
Year,2022-01-01,355,20,72.8
Year,2022-01-01,356,30,121.7
Year,2022-01-01,357,26,89.74
Year,2022-01-01,358,21,80.79
Year,2022-01-01,359,25,101.75
Year,2022-01-01,360,34,150.66
Year,2022-01-01,361,31,100.69
Year,2022-01-01,362,32,145.68
Year,2022-01-01,363,29,143.71
Year,2022-01-01,364,23,95.77
Year,2022-01-01,365,23,103.77
Year,2022-01-01,366,37,152.63
Year,2022-01-01,367,22,101.78
Year,2022-01-01,368,35,157.65
Year,2022-01-01,369,25,88.75
Year,2022-01-01,370,19,70.81
Year,2022-01-01,371,35,149.65
Year,2022-01-01,372,34,158.66
Year,2022-01-01,373,35,161.65
Year,2022-01-01,374,28,103.72
Year,2022-01-01,375,24,110.76
Year,2022-01-01,376,28,110.72
Year,2022-01-01,377,26,93.74
Year,2022-01-01,378,19,71.81
Year,2022-01-01,379,23,106.77
Year,2022-01-01,380,36,136.64
Year,2022-01-01,381,35,106.65
Year,2022-01-01,382,24,91.76
Year,2022-01-01,383,27,103.73
Year,2022-01-01,384,25,89.75
Year,2022-01-01,385,26,101.74
Year,2022-01-01,386,29,117.71
Year,2022-01-01,387,26,101.74
Year,2022-01-01,388,30,124.7
Year,2022-01-01,389,26,124.74
Year,2022-01-01,390,33,152.67
Year,2022-01-01,391,30,104.7
Year,2022-01-01,392,23,91.77
Year,2022-01-01,393,31,121.69
Year,2022-01-01,394,22,84.78
Year,2022-01-01,395,19,57.81
Year,2022-01-01,396,27,111.73
Year,2022-01-01,397,28,98.72
Year,2022-01-01,398,16,78.84
Year,2022-01-01,399,21,91.79
Year,2022-01-01,400,28,124.72
Year,2022-01-01,401,21,73.79
Year,2022-01-01,402,20,79.8
Year,2022-01-01,403,34,161.66
Year,2022-01-01,404,30,139.7
Year,2022-01-01,405,32,109.68
Year,2022-01-01,406,32,122.68
Year,2022-01-01,407,27,112.73
Year,2022-01-01,408,30,116.7
Year,2022-01-01,409,23,104.77
Year,2022-01-01,410,38,167.62
Year,2022-01-01,411,26,80.74
Year,2022-01-01,412,21,85.79
Year,2022-01-01,413,21,75.79
Year,2022-01-01,414,25,105.75
Year,2022-01-01,415,23,93.77
Year,2022-01-01,416,31,121.69
Year,2022-01-01,417,25,110.75
Year,2022-01-01,418,30,107.7
Year,2022-01-01,419,25,89.75
Year,2022-01-01,420,21,79.79
Year,2022-01-01,421,27,119.73
Year,2022-01-01,422,26,97.74
Year,2022-01-01,423,26,120.74
Year,2022-01-01,424,30,110.7
Year,2022-01-01,425,26,104.74
Year,2022-01-01,426,27,126.73
Year,2022-01-01,427,24,114.76
Year,2022-01-01,428,20,78.8
Year,2022-01-01,429,21,105.79
Year,2022-01-01,430,22,79.78
Year,2022-01-01,431,23,95.77
Year,2022-01-01,432,23,116.77
Year,2022-01-01,433,25,133.75
Year,2022-01-01,434,27,128.73
Year,2022-01-01,435,25,91.75
Year,2022-01-01,436,30,144.7
Year,2022-01-01,437,23,99.77
Year,2022-01-01,438,33,134.67
Year,2022-01-01,439,36,151.64
Year,2022-01-01,440,22,88.78
Year,2022-01-01,441,28,112.72
Year,2022-01-01,442,32,118.68
Year,2022-01-01,443,22,98.78
Year,2022-01-01,444,30,115.7
Year,2022-01-01,445,26,102.74
Year,2022-01-01,446,30,106.7
Year,2022-01-01,447,29,113.71
Year,2022-01-01,448,29,135.71
Year,2022-01-01,449,20,99.8
Year,2022-01-01,450,26,89.74
Year,2022-01-01,451,33,128.67
Year,2022-01-01,452,32,107.68
Year,2022-01-01,453,23,111.77
Year,2022-01-01,454,33,151.67
Year,2022-01-01,455,24,87.76
Year,2022-01-01,456,25,100.75
Year,2022-01-01,457,28,114.72
Year,2022-01-01,458,19,66.81
Year,2022-01-01,459,38,186.62
Year,2022-01-01,460,25,109.75
Year,2022-01-01,461,28,97.72
Year,2022-01-01,462,33,159.67
Year,2022-01-01,463,25,91.75
Year,2022-01-01,464,16,73.84
Year,2022-01-01,465,17,69.83
Year,2022-01-01,466,23,104.77
Year,2022-01-01,467,29,139.71
Year,2022-01-01,468,39,175.61
Year,2022-01-01,469,40,177.6
Year,2022-01-01,470,32,160.68
Year,2022-01-01,471,27,109.73
Year,2022-01-01,472,30,141.7
Year,2022-01-01,473,34,134.66
Year,2022-01-01,474,26,100.74
Year,2022-01-01,475,24,103.76
Year,2022-01-01,476,22,95.78
Year,2022-01-01,477,22,109.78
Year,2022-01-01,478,19,86.81
Year,2022-01-01,479,31,146.69
Year,2022-01-01,480,22,101.78
Year,2022-01-01,481,28,110.72
Year,2022-01-01,482,29,138.71
Year,2022-01-01,483,18,88.82
Year,2022-01-01,484,30,139.7
Year,2022-01-01,485,29,115.71
Year,2022-01-01,486,26,113.74
Year,2022-01-01,487,26,119.74
Year,2022-01-01,488,22,95.78
Year,2022-01-01,489,21,99.79
Year,2022-01-01,490,24,117.76
Year,2022-01-01,491,27,124.73
Year,2022-01-01,492,16,65.84
Year,2022-01-01,493,23,112.77
Year,2022-01-01,494,31,140.69
Year,2022-01-01,495,26,120.74
Year,2022-01-01,496,21,88.79
Year,2022-01-01,497,28,129.72
Year,2022-01-01,498,27,97.73
Year,2022-01-01,499,30,123.7
Year,2022-01-01,500,28,115.72
Year,2022-01-01,501,21,89.79
Year,2022-01-01,502,34,138.66
Year,2022-01-01,503,32,115.68
Year,2022-01-01,504,28,133.72
Year,2022-01-01,505,20,87.8
Year,2022-01-01,506,35,152.65
Year,2022-01-01,507,25,95.75
Year,2022-01-01,508,25,127.75
Year,2022-01-01,509,20,100.8
Year,2022-01-01,510,26,122.74
Year,2022-01-01,511,24,99.76
Year,2022-01-01,512,26,115.74
Year,2022-01-01,513,31,148.69
Year,2022-01-01,514,22,74.78
Year,2022-01-01,515,28,126.72
Year,2022-01-01,516,26,98.74
Year,2022-01-01,517,25,105.75
Year,2022-01-01,518,26,111.74
Year,2022-01-01,519,23,103.77
Year,2022-01-01,520,32,134.68
Year,2022-01-01,521,23,80.77
Year,2022-01-01,522,33,167.67
Year,2022-01-01,523,22,93.78
Year,2022-01-01,524,19,87.81
Year,2022-01-01,525,19,74.81
Year,2022-01-01,526,45,221.55
Year,2022-01-01,527,24,81.76
Year,2022-01-01,528,25,111.75
Year,2022-01-01,529,29,118.71
Year,2022-01-01,530,22,71.78
Year,2022-01-01,531,25,118.75
Year,2022-01-01,532,32,152.68
Year,2022-01-01,533,33,141.67
Year,2022-01-01,534,24,88.76
Year,2022-01-01,535,32,135.68
Year,2022-01-01,536,25,117.75
Year,2022-01-01,537,25,103.75
Year,2022-01-01,538,29,117.71
Year,2022-01-01,539,22,90.78
Year,2022-01-01,540,24,112.76
Year,2022-01-01,541,24,108.76
Year,2022-01-01,542,18,94.82
Year,2022-01-01,543,22,82.78
Year,2022-01-01,544,22,98.78
Year,2022-01-01,545,21,89.79
Year,2022-01-01,546,25,103.75
Year,2022-01-01,547,23,99.77
Year,2022-01-01,548,19,79.81
Year,2022-01-01,549,20,77.8
Year,2022-01-01,550,32,159.68
Year,2022-01-01,551,26,96.74
Year,2022-01-01,552,21,90.79
Year,2022-01-01,553,24,107.76
Year,2022-01-01,554,22,101.78
Year,2022-01-01,555,17,74.83
Year,2022-01-01,556,21,83.79
Year,2022-01-01,557,24,73.76
Year,2022-01-01,558,28,135.72
Year,2022-01-01,559,28,110.72
Year,2022-01-01,560,30,132.7
Year,2022-01-01,561,27,96.73
Year,2022-01-01,562,25,109.75
Year,2022-01-01,563,29,110.71
Year,2022-01-01,564,24,91.76
Year,2022-01-01,565,29,126.71
Year,2022-01-01,566,34,141.66
Year,2022-01-01,567,20,85.8
Year,2022-01-01,568,21,66.79
Year,2022-01-01,569,32,134.68
Year,2022-01-01,570,26,99.74
Year,2022-01-01,571,24,121.76
Year,2022-01-01,572,25,108.75
Year,2022-01-01,573,29,120.71
Year,2022-01-01,574,28,109.72
Year,2022-01-01,575,29,126.71
Year,2022-01-01,576,34,139.66
Year,2022-01-01,577,27,117.73
Year,2022-01-01,578,22,96.78
Year,2022-01-01,579,27,111.73
Year,2022-01-01,580,27,99.73
Year,2022-01-01,581,27,107.73
Year,2022-01-01,582,25,113.75
Year,2022-01-01,583,23,117.77
Year,2022-01-01,584,30,129.7
Year,2022-01-01,585,24,117.76
Year,2022-01-01,586,19,64.81
Year,2022-01-01,587,26,108.74
Year,2022-01-01,588,29,115.71
Year,2022-01-01,589,28,129.72
Year,2022-01-01,590,25,112.75
Year,2022-01-01,591,27,134.73
Year,2022-01-01,592,29,111.71
Year,2022-01-01,593,26,113.74
Year,2022-01-01,594,27,130.73
Year,2022-01-01,595,30,117.7
Year,2022-01-01,596,28,96.72
Year,2022-01-01,597,24,90.76
Year,2022-01-01,598,22,83.78
Year,2022-01-01,599,19,83.81
Day,2015-01-01,,,0
Day,2015-01-02,,,0
Day,2015-01-03,,,0
Day,2015-01-04,,,0
Day,2015-01-05,,,0
Day,2015-01-06,,,0
Day,2015-01-07,,,0
Day,2015-01-08,,,0
Day,2015-01-09,,,0
Day,2015-01-10,,,0
Day,2015-01-11,,,0
Day,2015-01-12,,,0
Day,2015-01-13,,,0
Day,2015-01-14,,,0
Day,2015-01-15,,,0
Day,2015-01-16,,,0
Day,2015-01-17,,,0
Day,2015-01-18,,,0
Day,2015-01-19,,,0
Day,2015-01-20,,,0
Day,2015-01-21,,,0
Day,2015-01-22,,,0
Day,2015-01-23,,,0
Day,2015-01-24,,,0
Day,2015-01-25,,,0
Day,2015-01-26,,,0
Day,2015-01-27,,,0
Day,2015-01-28,,,0
Day,2015-01-29,,,0
Day,2015-01-30,,,0
Day,2015-01-31,,,0
Day,2015-02-01,,,0
Day,2015-02-02,,,0
Day,2015-02-03,,,0
Day,2015-02-04,,,0
Day,2015-02-05,,,0
Day,2015-02-06,,,0
Day,2015-02-07,,,0
Day,2015-02-08,,,0
Day,2015-02-09,,,0
Day,2015-02-10,,,0
Day,2015-02-11,,,0
Day,2015-02-12,,,0
Day,2015-02-13,,,0
Day,2015-02-14,,,0
Day,2015-02-15,,,0
Day,2015-02-16,,,0
Day,2015-02-17,,,0
Day,2015-02-18,,,0
Day,2015-02-19,,,0
Day,2015-02-20,,,0
Day,2015-02-21,,,0
Day,2015-02-22,,,0
Day,2015-02-23,,,0
Day,2015-02-24,,,0
Day,2015-02-25,,,0
Day,2015-02-26,,,0
Day,2015-02-27,,,0
Day,2015-02-28,,,0
Day,2015-03-01,,,0
Day,2015-03-02,,,0
Day,2015-03-03,,,0
Day,2015-03-04,,,0
Day,2015-03-05,,,0
Day,2015-03-06,,,0
Day,2015-03-07,,,0
Day,2015-03-08,,,0
Day,2015-03-09,,,0
Day,2015-03-10,,,0
Day,2015-03-11,,,0
Day,2015-03-12,,,0
Day,2015-03-13,,,0
Day,2015-03-14,,,0
Day,2015-03-15,,,0
Day,2015-03-16,,,0
Day,2015-03-17,,,0
Day,2015-03-18,,,0
Day,2015-03-19,,,0
Day,2015-03-20,,,0
Day,2015-03-21,,,0
Day,2015-03-22,,,0
Day,2015-03-23,,,0
Day,2015-03-24,,,0
Day,2015-03-25,,,0
Day,2015-03-26,,,0
Day,2015-03-27,,,0
Day,2015-03-28,,,0
Day,2015-03-29,,,0
Day,2015-03-30,,,0
Day,2015-03-31,,,0
Day,2015-04-01,,,0
Day,2015-04-02,,,0
Day,2015-04-03,,,0
Day,2015-04-04,,,0
Day,2015-04-05,,,0
Day,2015-04-06,,,0
Day,2015-04-07,,,0
Day,2015-04-08,,,0
Day,2015-04-09,,,0
Day,2015-04-10,,,0
Day,2015-04-11,,,0
Day,2015-04-12,,,0
Day,2015-04-13,,,0
Day,2015-04-14,,,0
Day,2015-04-15,,,0
Day,2015-04-16,,,0
Day,2015-04-17,,,0
Day,2015-04-18,,,0
Day,2015-04-19,,,0
Day,2015-04-20,,,0
Day,2015-04-21,,,0
Day,2015-04-22,,,0
Day,2015-04-23,,,0
Day,2015-04-24,,,0
Day,2015-04-25,,,0
Day,2015-04-26,,,0
Day,2015-04-27,,,0
Day,2015-04-28,,,0
Day,2015-04-29,,,0
Day,2015-04-30,,,0
Day,2015-05-01,,,0
Day,2015-05-02,,,0
Day,2015-05-03,,,0
Day,2015-05-04,,,0
Day,2015-05-05,,,0
Day,2015-05-06,,,0
Day,2015-05-07,,,0
Day,2015-05-08,,,0
Day,2015-05-09,,,0
Day,2015-05-10,,,0
Day,2015-05-11,,,0
Day,2015-05-12,,,0
Day,2015-05-13,,,0
Day,2015-05-14,,,0
Day,2015-05-15,,,0
Day,2015-05-16,,,0
Day,2015-05-17,,,0
Day,2015-05-18,,,0
Day,2015-05-19,,,0
Day,2015-05-20,,,0
Day,2015-05-21,,,0
Day,2015-05-22,,,0
Day,2015-05-23,,,0
Day,2015-05-24,,,0
Day,2015-05-25,,,0
Day,2015-05-26,,,0
Day,2015-05-27,,,0
Day,2015-05-28,,,0
Day,2015-05-29,,,0
Day,2015-05-30,,,0
Day,2015-05-31,,,0
Day,2015-06-01,,,0
Day,2015-06-02,,,0
Day,2015-06-03,,,0
Day,2015-06-04,,,0
Day,2015-06-05,,,0
Day,2015-06-06,,,0
Day,2015-06-07,,,0
Day,2015-06-08,,,0
Day,2015-06-09,,,0
Day,2015-06-10,,,0
Day,2015-06-11,,,0
Day,2015-06-12,,,0
Day,2015-06-13,,,0
Day,2015-06-14,,,0
Day,2015-06-15,,,0
Day,2015-06-16,,,0
Day,2015-06-17,,,0
Day,2015-06-18,,,0
Day,2015-06-19,,,0
Day,2015-06-20,,,0
Day,2015-06-21,,,0
Day,2015-06-22,,,0
Day,2015-06-23,,,0
Day,2015-06-24,,,0
Day,2015-06-25,,,0
Day,2015-06-26,,,0
Day,2015-06-27,,,0
Day,2015-06-28,,,0
Day,2015-06-29,,,0
Day,2015-06-30,,,0
Day,2015-07-01,,,0
Day,2015-07-02,,,0
Day,2015-07-03,,,0
Day,2015-07-04,,,0
Day,2015-07-05,,,0
Day,2015-07-06,,,0
Day,2015-07-07,,,0
Day,2015-07-08,,,0
Day,2015-07-09,,,0
Day,2015-07-10,,,0
Day,2015-07-11,,,0
Day,2015-07-12,,,0
Day,2015-07-13,,,0
Day,2015-07-14,,,0
Day,2015-07-15,,,0
Day,2015-07-16,,,0
Day,2015-07-17,,,0
Day,2015-07-18,,,0
Day,2015-07-19,,,0
Day,2015-07-20,,,0
Day,2015-07-21,,,0
Day,2015-07-22,,,0
Day,2015-07-23,,,0
Day,2015-07-24,,,0
Day,2015-07-25,,,0
Day,2015-07-26,,,0
Day,2015-07-27,,,0
Day,2015-07-28,,,0
Day,2015-07-29,,,0
Day,2015-07-30,,,0
Day,2015-07-31,,,0
Day,2015-08-01,,,0
Day,2015-08-02,,,0
Day,2015-08-03,,,0
Day,2015-08-04,,,0
Day,2015-08-05,,,0
Day,2015-08-06,,,0
Day,2015-08-07,,,0
Day,2015-08-08,,,0
Day,2015-08-09,,,0
Day,2015-08-10,,,0
Day,2015-08-11,,,0
Day,2015-08-12,,,0
Day,2015-08-13,,,0
Day,2015-08-14,,,0
Day,2015-08-15,,,0
Day,2015-08-16,,,0
Day,2015-08-17,,,0
Day,2015-08-18,,,0
Day,2015-08-19,,,0
Day,2015-08-20,,,0
Day,2015-08-21,,,0
Day,2015-08-22,,,0
Day,2015-08-23,,,0
Day,2015-08-24,,,0
Day,2015-08-25,,,0
Day,2015-08-26,,,0
Day,2015-08-27,,,0
Day,2015-08-28,,,0
Day,2015-08-29,,,0
Day,2015-08-30,,,0
Day,2015-08-31,,,0
Day,2015-09-01,,,0
Day,2015-09-02,,,0
Day,2015-09-03,,,0
Day,2015-09-04,,,0
Day,2015-09-05,,,0
Day,2015-09-06,,,0
Day,2015-09-07,,,0
Day,2015-09-08,,,0
Day,2015-09-09,,,0
Day,2015-09-10,,,0
Day,2015-09-11,,,0
Day,2015-09-12,,,0
Day,2015-09-13,,,0
Day,2015-09-14,,,0
Day,2015-09-15,,,0
Day,2015-09-16,,,0
Day,2015-09-17,,,0
Day,2015-09-18,,,0
Day,2015-09-19,,,0
Day,2015-09-20,,,0
Day,2015-09-21,,,0
Day,2015-09-22,,,0
Day,2015-09-23,,,0
Day,2015-09-24,,,0
Day,2015-09-25,,,0
Day,2015-09-26,,,0
Day,2015-09-27,,,0
Day,2015-09-28,,,0
Day,2015-09-29,,,0
Day,2015-09-30,,,0
Day,2015-10-01,,,0
Day,2015-10-02,,,0
Day,2015-10-03,,,0
Day,2015-10-04,,,0
Day,2015-10-05,,,0
Day,2015-10-06,,,0
Day,2015-10-07,,,0
Day,2015-10-08,,,0
Day,2015-10-09,,,0
Day,2015-10-10,,,0
Day,2015-10-11,,,0
Day,2015-10-12,,,0
Day,2015-10-13,,,0
Day,2015-10-14,,,0
Day,2015-10-15,,,0
Day,2015-10-16,,,0
Day,2015-10-17,,,0
Day,2015-10-18,,,0
Day,2015-10-19,,,0
Day,2015-10-20,,,0
Day,2015-10-21,,,0
Day,2015-10-22,,,0
Day,2015-10-23,,,0
Day,2015-10-24,,,0
Day,2015-10-25,,,0
Day,2015-10-26,,,0
Day,2015-10-27,,,0
Day,2015-10-28,,,0
Day,2015-10-29,,,0
Day,2015-10-30,,,0
Day,2015-10-31,,,0
Day,2015-11-01,,,0
Day,2015-11-02,,,0
Day,2015-11-03,,,0
Day,2015-11-04,,,0
Day,2015-11-05,,,0
Day,2015-11-06,,,0
Day,2015-11-07,,,0
Day,2015-11-08,,,0
Day,2015-11-09,,,0
Day,2015-11-10,,,0
Day,2015-11-11,,,0
Day,2015-11-12,,,0
Day,2015-11-13,,,0
Day,2015-11-14,,,0
Day,2015-11-15,,,0
Day,2015-11-16,,,0
Day,2015-11-17,,,0
Day,2015-11-18,,,0
Day,2015-11-19,,,0
Day,2015-11-20,,,0
Day,2015-11-21,,,0
Day,2015-11-22,,,0
Day,2015-11-23,,,0
Day,2015-11-24,,,0
Day,2015-11-25,,,0
Day,2015-11-26,,,0
Day,2015-11-27,,,0
Day,2015-11-28,,,0
Day,2015-11-29,,,0
Day,2015-11-30,,,0
Day,2015-12-01,,,0
Day,2015-12-02,,,0
Day,2015-12-03,,,0
Day,2015-12-04,,,0
Day,2015-12-05,,,0
Day,2015-12-06,,,0
Day,2015-12-07,,,0
Day,2015-12-08,,,0
Day,2015-12-09,,,0
Day,2015-12-10,,,0
Day,2015-12-11,,,0
Day,2015-12-12,,,0
Day,2015-12-13,,,0
Day,2015-12-14,,,0
Day,2015-12-15,,,0
Day,2015-12-16,,,0
Day,2015-12-17,,,0
Day,2015-12-18,,,0
Day,2015-12-19,,,0
Day,2015-12-20,,,0
Day,2015-12-21,,,0
Day,2015-12-22,,,0
Day,2015-12-23,,,0
Day,2015-12-24,,,0
Day,2015-12-25,,,0
Day,2015-12-26,,,0
Day,2015-12-27,,,0
Day,2015-12-28,,,0
Day,2015-12-29,,,0
Day,2015-12-30,,,0
Day,2015-12-31,,,0
Day,2016-01-01,,,0
Day,2016-01-02,,,0
Day,2016-01-03,,,0
Day,2016-01-04,,,0
Day,2016-01-05,,,0
Day,2016-01-06,,,0
Day,2016-01-07,,,0
Day,2016-01-08,,,0
Day,2016-01-09,,,0
Day,2016-01-10,,,0
Day,2016-01-11,,,0
Day,2016-01-12,,,0
Day,2016-01-13,,,0
Day,2016-01-14,,,0
Day,2016-01-15,,,0
Day,2016-01-16,,,0
Day,2016-01-17,,,0
Day,2016-01-18,,,0
Day,2016-01-19,,,0
Day,2016-01-20,,,0
Day,2016-01-21,,,0
Day,2016-01-22,,,0
Day,2016-01-23,,,0
Day,2016-01-24,,,0
Day,2016-01-25,,,0
Day,2016-01-26,,,0
Day,2016-01-27,,,0
Day,2016-01-28,,,0
Day,2016-01-29,,,0
Day,2016-01-30,,,0
Day,2016-01-31,,,0
Day,2016-02-01,,,0
Day,2016-02-02,,,0
Day,2016-02-03,,,0
Day,2016-02-04,,,0
Day,2016-02-05,,,0
Day,2016-02-06,,,0
Day,2016-02-07,,,0
Day,2016-02-08,,,0
Day,2016-02-09,,,0
Day,2016-02-10,,,0
Day,2016-02-11,,,0
Day,2016-02-12,,,0
Day,2016-02-13,,,0
Day,2016-02-14,,,0
Day,2016-02-15,,,0
Day,2016-02-16,,,0
Day,2016-02-17,,,0
Day,2016-02-18,,,0
Day,2016-02-19,,,0
Day,2016-02-20,,,0
Day,2016-02-21,,,0
Day,2016-02-22,,,0
Day,2016-02-23,,,0
Day,2016-02-24,,,0
Day,2016-02-25,,,0
Day,2016-02-26,,,0
Day,2016-02-27,,,0
Day,2016-02-28,,,0
Day,2016-02-29,,,0
Day,2016-03-01,,,0
Day,2016-03-02,,,0
Day,2016-03-03,,,0
Day,2016-03-04,,,0
Day,2016-03-05,,,0
Day,2016-03-06,,,0
Day,2016-03-07,,,0
Day,2016-03-08,,,0
Day,2016-03-09,,,0
Day,2016-03-10,,,0
Day,2016-03-11,,,0
Day,2016-03-12,,,0
Day,2016-03-13,,,0
Day,2016-03-14,,,0
Day,2016-03-15,,,0
Day,2016-03-16,,,0
Day,2016-03-17,,,0
Day,2016-03-18,,,0
Day,2016-03-19,,,0
Day,2016-03-20,,,0
Day,2016-03-21,,,0
Day,2016-03-22,,,0
Day,2016-03-23,,,0
Day,2016-03-24,,,0
Day,2016-03-25,,,0
Day,2016-03-26,,,0
Day,2016-03-27,,,0
Day,2016-03-28,,,0
Day,2016-03-29,,,0
Day,2016-03-30,,,0
Day,2016-03-31,,,0
Day,2016-04-01,,,0
Day,2016-04-02,,,0
Day,2016-04-03,,,0
Day,2016-04-04,,,0
Day,2016-04-05,,,0
Day,2016-04-06,,,0
Day,2016-04-07,,,0
Day,2016-04-08,,,0
Day,2016-04-09,,,0
Day,2016-04-10,,,0
Day,2016-04-11,,,0
Day,2016-04-12,,,0
Day,2016-04-13,,,0
Day,2016-04-14,,,0
Day,2016-04-15,,,0
Day,2016-04-16,,,0
Day,2016-04-17,,,0
Day,2016-04-18,,,0
Day,2016-04-19,,,0
Day,2016-04-20,,,0
Day,2016-04-21,,,0
Day,2016-04-22,,,0
Day,2016-04-23,,,0
Day,2016-04-24,,,0
Day,2016-04-25,,,0
Day,2016-04-26,,,0
Day,2016-04-27,,,0
Day,2016-04-28,,,0
Day,2016-04-29,,,0
Day,2016-04-30,,,0
Day,2016-05-01,,,0
Day,2016-05-02,,,0
Day,2016-05-03,,,0
Day,2016-05-04,,,0
Day,2016-05-05,,,0
Day,2016-05-06,,,0
Day,2016-05-07,,,0
Day,2016-05-08,,,0
Day,2016-05-09,,,0
Day,2016-05-10,,,0
Day,2016-05-11,,,0
Day,2016-05-12,,,0
Day,2016-05-13,,,0
Day,2016-05-14,,,0
Day,2016-05-15,,,0
Day,2016-05-16,,,0
Day,2016-05-17,,,0
Day,2016-05-18,,,0
Day,2016-05-19,,,0
Day,2016-05-20,,,0
Day,2016-05-21,,,0
Day,2016-05-22,,,0
Day,2016-05-23,,,0
Day,2016-05-24,,,0
Day,2016-05-25,,,0
Day,2016-05-26,,,0
Day,2016-05-27,,,0
Day,2016-05-28,,,0
Day,2016-05-29,,,0
Day,2016-05-30,,,0
Day,2016-05-31,,,0
Day,2016-06-01,,,0
Day,2016-06-02,,,0
Day,2016-06-03,,,0
Day,2016-06-04,,,0
Day,2016-06-05,,,0
Day,2016-06-06,,,0
Day,2016-06-07,,,0
Day,2016-06-08,,,0
Day,2016-06-09,,,0
Day,2016-06-10,,,0
Day,2016-06-11,,,0
Day,2016-06-12,,,0
Day,2016-06-13,,,0
Day,2016-06-14,,,0
Day,2016-06-15,,,0
Day,2016-06-16,,,0
Day,2016-06-17,,,0
Day,2016-06-18,,,0
Day,2016-06-19,,,0
Day,2016-06-20,,,0
Day,2016-06-21,,,0
Day,2016-06-22,,,0
Day,2016-06-23,,,0
Day,2016-06-24,,,0
Day,2016-06-25,,,0
Day,2016-06-26,,,0
Day,2016-06-27,,,0
Day,2016-06-28,,,0
Day,2016-06-29,,,0
Day,2016-06-30,,,0
Day,2016-07-01,,,0
Day,2016-07-02,,,0
Day,2016-07-03,,,0
Day,2016-07-04,,,0
Day,2016-07-05,,,0
Day,2016-07-06,,,0
Day,2016-07-07,,,0
Day,2016-07-08,,,0
Day,2016-07-09,,,0
Day,2016-07-10,,,0
Day,2016-07-11,,,0
Day,2016-07-12,,,0
Day,2016-07-13,,,0
Day,2016-07-14,,,0
Day,2016-07-15,,,0
Day,2016-07-16,,,0
Day,2016-07-17,,,0
Day,2016-07-18,,,0
Day,2016-07-19,,,0
Day,2016-07-20,,,0
Day,2016-07-21,,,0
Day,2016-07-22,,,0
Day,2016-07-23,,,0
Day,2016-07-24,,,0
Day,2016-07-25,,,0
Day,2016-07-26,,,0
Day,2016-07-27,,,0
Day,2016-07-28,,,0
Day,2016-07-29,,,0
Day,2016-07-30,,,0
Day,2016-07-31,,,0
Day,2016-08-01,,,0
Day,2016-08-02,,,0
Day,2016-08-03,,,0
Day,2016-08-04,,,0
Day,2016-08-05,,,0
Day,2016-08-06,,,0
Day,2016-08-07,,,0
Day,2016-08-08,,,0
Day,2016-08-09,,,0
Day,2016-08-10,,,0
Day,2016-08-11,,,0
Day,2016-08-12,,,0
Day,2016-08-13,,,0
Day,2016-08-14,,,0
Day,2016-08-15,,,0
Day,2016-08-16,,,0
Day,2016-08-17,,,0
Day,2016-08-18,,,0
Day,2016-08-19,,,0
Day,2016-08-20,,,0
Day,2016-08-21,,,0
Day,2016-08-22,,,0
Day,2016-08-23,,,0
Day,2016-08-24,,,0
Day,2016-08-25,,,0
Day,2016-08-26,,,0
Day,2016-08-27,,,0
Day,2016-08-28,,,0
Day,2016-08-29,,,0
Day,2016-08-30,,,0
Day,2016-08-31,,,0
Day,2016-09-01,,,0
Day,2016-09-02,,,0
Day,2016-09-03,,,0
Day,2016-09-04,,,0
Day,2016-09-05,,,0
Day,2016-09-06,,,0
Day,2016-09-07,,,0
Day,2016-09-08,,,0
Day,2016-09-09,,,0
Day,2016-09-10,,,0
Day,2016-09-11,,,0
Day,2016-09-12,,,0
Day,2016-09-13,,,0
Day,2016-09-14,,,0
Day,2016-09-15,,,0
Day,2016-09-16,,,0
Day,2016-09-17,,,0
Day,2016-09-18,,,0
Day,2016-09-19,,,0
Day,2016-09-20,,,0
Day,2016-09-21,,,0
Day,2016-09-22,,,0
Day,2016-09-23,,,0
Day,2016-09-24,,,0
Day,2016-09-25,,,0
Day,2016-09-26,,,0
Day,2016-09-27,,,0
Day,2016-09-28,,,0
Day,2016-09-29,,,0
Day,2016-09-30,,,0
Day,2016-10-01,,,0
Day,2016-10-02,,,0
Day,2016-10-03,,,0
Day,2016-10-04,,,0
Day,2016-10-05,,,0
Day,2016-10-06,,,0
Day,2016-10-07,,,0
Day,2016-10-08,,,0
Day,2016-10-09,,,0
Day,2016-10-10,,,0
Day,2016-10-11,,,0
Day,2016-10-12,,,0
Day,2016-10-13,,,0
Day,2016-10-14,,,0
Day,2016-10-15,,,0
Day,2016-10-16,,,0
Day,2016-10-17,,,0
Day,2016-10-18,,,0
Day,2016-10-19,,,0
Day,2016-10-20,,,0
Day,2016-10-21,,,0
Day,2016-10-22,,,0
Day,2016-10-23,,,0
Day,2016-10-24,,,0
Day,2016-10-25,,,0
Day,2016-10-26,,,0
Day,2016-10-27,,,0
Day,2016-10-28,,,0
Day,2016-10-29,,,0
Day,2016-10-30,,,0
Day,2016-10-31,,,0
Day,2016-11-01,,,0
Day,2016-11-02,,,0
Day,2016-11-03,,,0
Day,2016-11-04,,,0
Day,2016-11-05,,,0
Day,2016-11-06,,,0
Day,2016-11-07,,,0
Day,2016-11-08,,,0
Day,2016-11-09,,,0
Day,2016-11-10,,,0
Day,2016-11-11,,,0
Day,2016-11-12,,,0
Day,2016-11-13,,,0
Day,2016-11-14,,,0
Day,2016-11-15,,,0
Day,2016-11-16,,,0
Day,2016-11-17,,,0
Day,2016-11-18,,,0
Day,2016-11-19,,,0
Day,2016-11-20,,,0
Day,2016-11-21,,,0
Day,2016-11-22,,,0
Day,2016-11-23,,,0
Day,2016-11-24,,,0
Day,2016-11-25,,,0
Day,2016-11-26,,,0
Day,2016-11-27,,,0
Day,2016-11-28,,,0
Day,2016-11-29,,,0
Day,2016-11-30,,,0
Day,2016-12-01,,,0
Day,2016-12-02,,,0
Day,2016-12-03,,,0
Day,2016-12-04,,,0
Day,2016-12-05,,,0
Day,2016-12-06,,,0
Day,2016-12-07,,,0
Day,2016-12-08,,,0
Day,2016-12-09,,,0
Day,2016-12-10,,,0
Day,2016-12-11,,,0
Day,2016-12-12,,,0
Day,2016-12-13,,,0
Day,2016-12-14,,,0
Day,2016-12-15,,,0
Day,2016-12-16,,,0
Day,2016-12-17,,,0
Day,2016-12-18,,,0
Day,2016-12-19,,,0
Day,2016-12-20,,,0
Day,2016-12-21,,,0
Day,2016-12-22,,,0
Day,2016-12-23,,,0
Day,2016-12-24,,,0
Day,2016-12-25,,,0
Day,2016-12-26,,,0
Day,2016-12-27,,,0
Day,2016-12-28,,,0
Day,2016-12-29,,,0
Day,2016-12-30,,,0
Day,2016-12-31,,,0
Day,2017-01-01,,,0
Day,2017-01-02,,,0
Day,2017-01-03,,,0
Day,2017-01-04,,,0
Day,2017-01-05,,,0
Day,2017-01-06,,,0
Day,2017-01-07,,,0
Day,2017-01-08,,,0
Day,2017-01-09,,,0
Day,2017-01-10,,,0
Day,2017-01-11,,,0
Day,2017-01-12,,,0
Day,2017-01-13,,,0
Day,2017-01-14,,,0
Day,2017-01-15,,,0
Day,2017-01-16,,,0
Day,2017-01-17,,,0
Day,2017-01-18,,,0
Day,2017-01-19,,,0
Day,2017-01-20,,,0
Day,2017-01-21,,,0
Day,2017-01-22,,,0
Day,2017-01-23,,,0
Day,2017-01-24,,,0
Day,2017-01-25,,,0
Day,2017-01-26,,,0
Day,2017-01-27,,,0
Day,2017-01-28,,,0
Day,2017-01-29,,,0
Day,2017-01-30,,,0
Day,2017-01-31,,,0
Day,2017-02-01,,,0
Day,2017-02-02,,,0
Day,2017-02-03,,,0
Day,2017-02-04,,,0
Day,2017-02-05,,,0
Day,2017-02-06,,,0
Day,2017-02-07,,,0
Day,2017-02-08,,,0
Day,2017-02-09,,,0
Day,2017-02-10,,,0
Day,2017-02-11,,,0
Day,2017-02-12,,,0
Day,2017-02-13,,,0
Day,2017-02-14,,,0
Day,2017-02-15,,,0
Day,2017-02-16,,,0
Day,2017-02-17,,,0
Day,2017-02-18,,,0
Day,2017-02-19,,,0
Day,2017-02-20,,,0
Day,2017-02-21,,,0
Day,2017-02-22,,,0
Day,2017-02-23,,,0
Day,2017-02-24,,,0
Day,2017-02-25,,,0
Day,2017-02-26,,,0
Day,2017-02-27,,,0
Day,2017-02-28,,,0
Day,2017-03-01,,,0
Day,2017-03-02,,,0
Day,2017-03-03,,,0
Day,2017-03-04,,,0
Day,2017-03-05,,,0
Day,2017-03-06,,,0
Day,2017-03-07,,,0
Day,2017-03-08,,,0
Day,2017-03-09,,,0
Day,2017-03-10,,,0
Day,2017-03-11,,,0
Day,2017-03-12,,,0
Day,2017-03-13,,,0
Day,2017-03-14,,,0
Day,2017-03-15,,,0
Day,2017-03-16,,,0
Day,2017-03-17,,,0
Day,2017-03-18,,,0
Day,2017-03-19,,,0
Day,2017-03-20,,,0
Day,2017-03-21,,,0
Day,2017-03-22,,,0
Day,2017-03-23,,,0
Day,2017-03-24,,,0
Day,2017-03-25,,,0
Day,2017-03-26,,,0
Day,2017-03-27,,,0
Day,2017-03-28,,,0
Day,2017-03-29,,,0
Day,2017-03-30,,,0
Day,2017-03-31,,,0
Day,2017-04-01,,,0
Day,2017-04-02,,,0
Day,2017-04-03,,,0
Day,2017-04-04,,,0
Day,2017-04-05,,,0
Day,2017-04-06,,,0
Day,2017-04-07,,,0
Day,2017-04-08,,,0
Day,2017-04-09,,,0
Day,2017-04-10,,,0
Day,2017-04-11,,,0
Day,2017-04-12,,,0
Day,2017-04-13,,,0
Day,2017-04-14,,,0
Day,2017-04-15,,,0
Day,2017-04-16,,,0
Day,2017-04-17,,,0
Day,2017-04-18,,,0
Day,2017-04-19,,,0
Day,2017-04-20,,,0
Day,2017-04-21,,,0
Day,2017-04-22,,,0
Day,2017-04-23,,,0
Day,2017-04-24,,,0
Day,2017-04-25,,,0
Day,2017-04-26,,,0
Day,2017-04-27,,,0
Day,2017-04-28,,,0
Day,2017-04-29,,,0
Day,2017-04-30,,,0
Day,2017-05-01,,,0
Day,2017-05-02,,,0
Day,2017-05-03,,,0
Day,2017-05-04,,,0
Day,2017-05-05,,,0
Day,2017-05-06,,,0
Day,2017-05-07,,,0
Day,2017-05-08,,,0
Day,2017-05-09,,,0
Day,2017-05-10,,,0
Day,2017-05-11,,,0
Day,2017-05-12,,,0
Day,2017-05-13,,,0
Day,2017-05-14,,,0
Day,2017-05-15,,,0
Day,2017-05-16,,,0
Day,2017-05-17,,,0
Day,2017-05-18,,,0
Day,2017-05-19,,,0
Day,2017-05-20,,,0
Day,2017-05-21,,,0
Day,2017-05-22,,,0
Day,2017-05-23,,,0
Day,2017-05-24,,,0
Day,2017-05-25,,,0
Day,2017-05-26,,,0
Day,2017-05-27,,,0
Day,2017-05-28,,,0
Day,2017-05-29,,,0
Day,2017-05-30,,,0
Day,2017-05-31,,,0
Day,2017-06-01,,,0
Day,2017-06-02,,,0
Day,2017-06-03,,,0
Day,2017-06-04,,,0
Day,2017-06-05,,,0
Day,2017-06-06,,,0
Day,2017-06-07,,,0
Day,2017-06-08,,,0
Day,2017-06-09,,,0
Day,2017-06-10,,,0
Day,2017-06-11,,,0
Day,2017-06-12,,,0
Day,2017-06-13,,,0
Day,2017-06-14,,,0
Day,2017-06-15,,,0
Day,2017-06-16,,,0
Day,2017-06-17,,,0
Day,2017-06-18,,,0
Day,2017-06-19,,,0
Day,2017-06-20,,,0
Day,2017-06-21,,,0
Day,2017-06-22,,,0
Day,2017-06-23,,,0
Day,2017-06-24,,,0
Day,2017-06-25,,,0
Day,2017-06-26,,,0
Day,2017-06-27,,,0
Day,2017-06-28,,,0
Day,2017-06-29,,,0
Day,2017-06-30,,,0
Day,2017-07-01,,,0
Day,2017-07-02,,,0
Day,2017-07-03,,,0
Day,2017-07-04,,,0
Day,2017-07-05,,,0
Day,2017-07-06,,,0
Day,2017-07-07,,,0
Day,2017-07-08,,,0
Day,2017-07-09,,,0
Day,2017-07-10,,,0
Day,2017-07-11,,,0
Day,2017-07-12,,,0
Day,2017-07-13,,,0
Day,2017-07-14,,,0
Day,2017-07-15,,,0
Day,2017-07-16,,,0
Day,2017-07-17,,,0
Day,2017-07-18,,,0
Day,2017-07-19,,,0
Day,2017-07-20,,,0
Day,2017-07-21,,,0
Day,2017-07-22,,,0
Day,2017-07-23,,,0
Day,2017-07-24,,,0
Day,2017-07-25,,,0
Day,2017-07-26,,,0
Day,2017-07-27,,,0
Day,2017-07-28,,,0
Day,2017-07-29,,,0
Day,2017-07-30,,,0
Day,2017-07-31,,,0
Day,2017-08-01,,,0
Day,2017-08-02,,,0
Day,2017-08-03,,,0
Day,2017-08-04,,,0
Day,2017-08-05,,,0
Day,2017-08-06,,,0
Day,2017-08-07,,,0
Day,2017-08-08,,,0
Day,2017-08-09,,,0
Day,2017-08-10,,,0
Day,2017-08-11,,,0
Day,2017-08-12,,,0
Day,2017-08-13,,,0
Day,2017-08-14,,,0
Day,2017-08-15,,,0
Day,2017-08-16,,,0
Day,2017-08-17,,,0
Day,2017-08-18,,,0
Day,2017-08-19,,,0
Day,2017-08-20,,,0
Day,2017-08-21,,,0
Day,2017-08-22,,,0
Day,2017-08-23,,,0
Day,2017-08-24,,,0
Day,2017-08-25,,,0
Day,2017-08-26,,,0
Day,2017-08-27,,,0
Day,2017-08-28,,,0
Day,2017-08-29,,,0
Day,2017-08-30,,,0
Day,2017-08-31,,,0
Day,2017-09-01,,,0
Day,2017-09-02,,,0
Day,2017-09-03,,,0
Day,2017-09-04,,,0
Day,2017-09-05,,,0
Day,2017-09-06,,,0
Day,2017-09-07,,,0
Day,2017-09-08,,,0
Day,2017-09-09,,,0
Day,2017-09-10,,,0
Day,2017-09-11,,,0
Day,2017-09-12,,,0
Day,2017-09-13,,,0
Day,2017-09-14,,,0
Day,2017-09-15,,,0
Day,2017-09-16,,,0
Day,2017-09-17,,,0
Day,2017-09-18,,,0
Day,2017-09-19,,,0
Day,2017-09-20,,,0
Day,2017-09-21,,,0
Day,2017-09-22,,,0
Day,2017-09-23,,,0
Day,2017-09-24,,,0
Day,2017-09-25,,,0
Day,2017-09-26,,,0
Day,2017-09-27,,,0
Day,2017-09-28,,,0
Day,2017-09-29,,,0
Day,2017-09-30,,,0
Day,2017-10-01,,,0
Day,2017-10-02,,,0
Day,2017-10-03,,,0
Day,2017-10-04,,,0
Day,2017-10-05,,,0
Day,2017-10-06,,,0
Day,2017-10-07,,,0
Day,2017-10-08,,,0
Day,2017-10-09,,,0
Day,2017-10-10,,,0
Day,2017-10-11,,,0
Day,2017-10-12,,,0
Day,2017-10-13,,,0
Day,2017-10-14,,,0
Day,2017-10-15,,,0
Day,2017-10-16,,,0
Day,2017-10-17,,,0
Day,2017-10-18,,,0
Day,2017-10-19,,,0
Day,2017-10-20,,,0
Day,2017-10-21,,,0
Day,2017-10-22,,,0
Day,2017-10-23,,,0
Day,2017-10-24,,,0
Day,2017-10-25,,,0
Day,2017-10-26,,,0
Day,2017-10-27,,,0
Day,2017-10-28,,,0
Day,2017-10-29,,,0
Day,2017-10-30,,,0
Day,2017-10-31,,,0
Day,2017-11-01,,,0
Day,2017-11-02,,,0
Day,2017-11-03,,,0
Day,2017-11-04,,,0
Day,2017-11-05,,,0
Day,2017-11-06,,,0
Day,2017-11-07,,,0
Day,2017-11-08,,,0
Day,2017-11-09,,,0
Day,2017-11-10,,,0
Day,2017-11-11,,,0
Day,2017-11-12,,,0
Day,2017-11-13,,,0
Day,2017-11-14,,,0
Day,2017-11-15,,,0
Day,2017-11-16,,,0
Day,2017-11-17,,,0
Day,2017-11-18,,,0
Day,2017-11-19,,,0
Day,2017-11-20,,,0
Day,2017-11-21,,,0
Day,2017-11-22,,,0
Day,2017-11-23,,,0
Day,2017-11-24,,,0
Day,2017-11-25,,,0
Day,2017-11-26,,,0
Day,2017-11-27,,,0
Day,2017-11-28,,,0
Day,2017-11-29,,,0
Day,2017-11-30,,,0
Day,2017-12-01,,,0
Day,2017-12-02,,,0
Day,2017-12-03,,,0
Day,2017-12-04,,,0
Day,2017-12-05,,,0
Day,2017-12-06,,,0
Day,2017-12-07,,,0
Day,2017-12-08,,,0
Day,2017-12-09,,,0
Day,2017-12-10,,,0
Day,2017-12-11,,,0
Day,2017-12-12,,,0
Day,2017-12-13,,,0
Day,2017-12-14,,,0
Day,2017-12-15,,,0
Day,2017-12-16,,,0
Day,2017-12-17,,,0
Day,2017-12-18,,,0
Day,2017-12-19,,,0
Day,2017-12-20,,,0
Day,2017-12-21,,,0
Day,2017-12-22,,,0
Day,2017-12-23,,,0
Day,2017-12-24,,,0
Day,2017-12-25,,,0
Day,2017-12-26,,,0
Day,2017-12-27,,,0
Day,2017-12-28,,,0
Day,2017-12-29,,,0
Day,2017-12-30,,,0
Day,2017-12-31,,,0
Day,2018-01-01,,,0
Day,2018-01-02,,,0
Day,2018-01-03,,,0
Day,2018-01-04,,,0
Day,2018-01-05,,,0
Day,2018-01-06,,,0
Day,2018-01-07,,,0
Day,2018-01-08,,,0
Day,2018-01-09,,,0
Day,2018-01-10,,,0
Day,2018-01-11,,,0
Day,2018-01-12,,,0
Day,2018-01-13,,,0
Day,2018-01-14,,,0
Day,2018-01-15,,,0
Day,2018-01-16,,,0
Day,2018-01-17,,,0
Day,2018-01-18,,,0
Day,2018-01-19,,,0
Day,2018-01-20,,,0
Day,2018-01-21,,,0
Day,2018-01-22,,,0
Day,2018-01-23,,,0
Day,2018-01-24,,,0
Day,2018-01-25,,,0
Day,2018-01-26,,,0
Day,2018-01-27,,,0
Day,2018-01-28,,,0
Day,2018-01-29,,,0
Day,2018-01-30,,,0
Day,2018-01-31,,,0
Day,2018-02-01,,,0
Day,2018-02-02,,,0
Day,2018-02-03,,,0
Day,2018-02-04,,,0
Day,2018-02-05,,,0
Day,2018-02-06,,,0
Day,2018-02-07,,,0
Day,2018-02-08,,,0
Day,2018-02-09,,,0
Day,2018-02-10,,,0
Day,2018-02-11,,,0
Day,2018-02-12,,,0
Day,2018-02-13,,,0
Day,2018-02-14,,,0
Day,2018-02-15,,,0
Day,2018-02-16,,,0
Day,2018-02-17,,,0
Day,2018-02-18,,,0
Day,2018-02-19,,,0
Day,2018-02-20,,,0
Day,2018-02-21,,,0
Day,2018-02-22,,,0
Day,2018-02-23,,,0
Day,2018-02-24,,,0
Day,2018-02-25,,,0
Day,2018-02-26,,,0
Day,2018-02-27,,,0
Day,2018-02-28,,,0
Day,2018-03-01,,,0
Day,2018-03-02,,,0
Day,2018-03-03,,,0
Day,2018-03-04,,,0
Day,2018-03-05,,,0
Day,2018-03-06,,,0
Day,2018-03-07,,,0
Day,2018-03-08,,,0
Day,2018-03-09,,,0
Day,2018-03-10,,,0
Day,2018-03-11,,,0
Day,2018-03-12,,,0
Day,2018-03-13,,,0
Day,2018-03-14,,,0
Day,2018-03-15,,,0
Day,2018-03-16,,,0
Day,2018-03-17,,,0
Day,2018-03-18,,,0
Day,2018-03-19,,,0
Day,2018-03-20,,,0
Day,2018-03-21,,,0
Day,2018-03-22,,,0
Day,2018-03-23,,,0
Day,2018-03-24,,,0
Day,2018-03-25,,,0
Day,2018-03-26,,,0
Day,2018-03-27,,,0
Day,2018-03-28,,,0
Day,2018-03-29,,,0
Day,2018-03-30,,,0
Day,2018-03-31,,,0
Day,2018-04-01,,,0
Day,2018-04-02,,,0
Day,2018-04-03,,,0
Day,2018-04-04,,,0
Day,2018-04-05,,,0
Day,2018-04-06,,,0
Day,2018-04-07,,,0
Day,2018-04-08,,,0
Day,2018-04-09,,,0
Day,2018-04-10,,,0
Day,2018-04-11,,,0
Day,2018-04-12,,,0
Day,2018-04-13,,,0
Day,2018-04-14,,,0
Day,2018-04-15,,,0
Day,2018-04-16,,,0
Day,2018-04-17,,,0
Day,2018-04-18,,,0
Day,2018-04-19,,,0
Day,2018-04-20,,,0
Day,2018-04-21,,,0
Day,2018-04-22,,,0
Day,2018-04-23,,,0
Day,2018-04-24,,,0
Day,2018-04-25,,,0
Day,2018-04-26,,,0
Day,2018-04-27,,,0
Day,2018-04-28,,,0
Day,2018-04-29,,,0
Day,2018-04-30,,,0
Day,2018-05-01,,,0
Day,2018-05-02,,,0
Day,2018-05-03,,,0
Day,2018-05-04,,,0
Day,2018-05-05,,,0
Day,2018-05-06,,,0
Day,2018-05-07,,,0
Day,2018-05-08,,,0
Day,2018-05-09,,,0
Day,2018-05-10,,,0
Day,2018-05-11,,,0
Day,2018-05-12,,,0
Day,2018-05-13,,,0
Day,2018-05-14,,,0
Day,2018-05-15,,,0
Day,2018-05-16,,,0
Day,2018-05-17,,,0
Day,2018-05-18,,,0
Day,2018-05-19,,,0
Day,2018-05-20,,,0
Day,2018-05-21,,,0
Day,2018-05-22,,,0
Day,2018-05-23,,,0
Day,2018-05-24,,,0
Day,2018-05-25,,,0
Day,2018-05-26,,,0
Day,2018-05-27,,,0
Day,2018-05-28,,,0
Day,2018-05-29,,,0
Day,2018-05-30,,,0
Day,2018-05-31,,,0
Day,2018-06-01,,,0
Day,2018-06-02,,,0
Day,2018-06-03,,,0
Day,2018-06-04,,,0
Day,2018-06-05,,,0
Day,2018-06-06,,,0
Day,2018-06-07,,,0
Day,2018-06-08,,,0
Day,2018-06-09,,,0
Day,2018-06-10,,,0
Day,2018-06-11,,,0
Day,2018-06-12,,,0
Day,2018-06-13,,,0
Day,2018-06-14,,,0
Day,2018-06-15,,,0
Day,2018-06-16,,,0
Day,2018-06-17,,,0
Day,2018-06-18,,,0
Day,2018-06-19,,,0
Day,2018-06-20,,,0
Day,2018-06-21,,,0
Day,2018-06-22,,,0
Day,2018-06-23,,,0
Day,2018-06-24,,,0
Day,2018-06-25,,,0
Day,2018-06-26,,,0
Day,2018-06-27,,,0
Day,2018-06-28,,,0
Day,2018-06-29,,,0
Day,2018-06-30,,,0
Day,2018-07-01,,,0
Day,2018-07-02,,,0
Day,2018-07-03,,,0
Day,2018-07-04,,,0
Day,2018-07-05,,,0
Day,2018-07-06,,,0
Day,2018-07-07,,,0
Day,2018-07-08,,,0
Day,2018-07-09,,,0
Day,2018-07-10,,,0
Day,2018-07-11,,,0
Day,2018-07-12,,,0
Day,2018-07-13,,,0
Day,2018-07-14,,,0
Day,2018-07-15,,,0
Day,2018-07-16,,,0
Day,2018-07-17,,,0
Day,2018-07-18,,,0
Day,2018-07-19,,,0
Day,2018-07-20,,,0
Day,2018-07-21,,,0
Day,2018-07-22,,,0
Day,2018-07-23,,,0
Day,2018-07-24,,,0
Day,2018-07-25,,,0
Day,2018-07-26,,,0
Day,2018-07-27,,,0
Day,2018-07-28,,,0
Day,2018-07-29,,,0
Day,2018-07-30,,,0
Day,2018-07-31,,,0
Day,2018-08-01,,,0
Day,2018-08-02,,,0
Day,2018-08-03,,,0
Day,2018-08-04,,,0
Day,2018-08-05,,,0
Day,2018-08-06,,,0
Day,2018-08-07,,,0
Day,2018-08-08,,,0
Day,2018-08-09,,,0
Day,2018-08-10,,,0
Day,2018-08-11,,,0
Day,2018-08-12,,,0
Day,2018-08-13,,,0
Day,2018-08-14,,,0
Day,2018-08-15,,,0
Day,2018-08-16,,,0
Day,2018-08-17,,,0
Day,2018-08-18,,,0
Day,2018-08-19,,,0
Day,2018-08-20,,,0
Day,2018-08-21,,,0
Day,2018-08-22,,,0
Day,2018-08-23,,,0
Day,2018-08-24,,,0
Day,2018-08-25,,,0
Day,2018-08-26,,,0
Day,2018-08-27,,,0
Day,2018-08-28,,,0
Day,2018-08-29,,,0
Day,2018-08-30,,,0
Day,2018-08-31,,,0
Day,2018-09-01,,,0
Day,2018-09-02,,,0
Day,2018-09-03,,,0
Day,2018-09-04,,,0
Day,2018-09-05,,,0
Day,2018-09-06,,,0
Day,2018-09-07,,,0
Day,2018-09-08,,,0
Day,2018-09-09,,,0
Day,2018-09-10,,,0
Day,2018-09-11,,,0
Day,2018-09-12,,,0
Day,2018-09-13,,,0
Day,2018-09-14,,,0
Day,2018-09-15,,,0
Day,2018-09-16,,,0
Day,2018-09-17,,,0
Day,2018-09-18,,,0
Day,2018-09-19,,,0
Day,2018-09-20,,,0
Day,2018-09-21,,,0
Day,2018-09-22,,,0
Day,2018-09-23,,,0
Day,2018-09-24,,,0
Day,2018-09-25,,,0
Day,2018-09-26,,,0
Day,2018-09-27,,,0
Day,2018-09-28,,,0
Day,2018-09-29,,,0
Day,2018-09-30,,,0
Day,2018-10-01,,,0
Day,2018-10-02,,,0
Day,2018-10-03,,,0
Day,2018-10-04,,,0
Day,2018-10-05,,,0
Day,2018-10-06,,,0
Day,2018-10-07,,,0
Day,2018-10-08,,,0
Day,2018-10-09,,,0
Day,2018-10-10,,,0
Day,2018-10-11,,,0
Day,2018-10-12,,,0
Day,2018-10-13,,,0
Day,2018-10-14,,,0
Day,2018-10-15,,,0
Day,2018-10-16,,,0
Day,2018-10-17,,,0
Day,2018-10-18,,,0
Day,2018-10-19,,,0
Day,2018-10-20,,,0
Day,2018-10-21,,,0
Day,2018-10-22,,,0
Day,2018-10-23,,,0
Day,2018-10-24,,,0
Day,2018-10-25,,,0
Day,2018-10-26,,,0
Day,2018-10-27,,,0
Day,2018-10-28,,,0
Day,2018-10-29,,,0
Day,2018-10-30,,,0
Day,2018-10-31,,,0
Day,2018-11-01,,,0
Day,2018-11-02,,,0
Day,2018-11-03,,,0
Day,2018-11-04,,,0
Day,2018-11-05,,,0
Day,2018-11-06,,,0
Day,2018-11-07,,,0
Day,2018-11-08,,,0
Day,2018-11-09,,,0
Day,2018-11-10,,,0
Day,2018-11-11,,,0
Day,2018-11-12,,,0
Day,2018-11-13,,,0
Day,2018-11-14,,,0
Day,2018-11-15,,,0
Day,2018-11-16,,,0
Day,2018-11-17,,,0
Day,2018-11-18,,,0
Day,2018-11-19,,,0
Day,2018-11-20,,,0
Day,2018-11-21,,,0
Day,2018-11-22,,,0
Day,2018-11-23,,,0
Day,2018-11-24,,,0
Day,2018-11-25,,,0
Day,2018-11-26,,,0
Day,2018-11-27,,,0
Day,2018-11-28,,,0
Day,2018-11-29,,,0
Day,2018-11-30,,,0
Day,2018-12-01,,,0
Day,2018-12-02,,,0
Day,2018-12-03,,,0
Day,2018-12-04,,,0
Day,2018-12-05,,,0
Day,2018-12-06,,,0
Day,2018-12-07,,,0
Day,2018-12-08,,,0
Day,2018-12-09,,,0
Day,2018-12-10,,,0
Day,2018-12-11,,,0
Day,2018-12-12,,,0
Day,2018-12-13,,,0
Day,2018-12-14,,,0
Day,2018-12-15,,,0
Day,2018-12-16,,,0
Day,2018-12-17,,,0
Day,2018-12-18,,,0
Day,2018-12-19,,,0
Day,2018-12-20,,,0
Day,2018-12-21,,,0
Day,2018-12-22,,,0
Day,2018-12-23,,,0
Day,2018-12-24,,,0
Day,2018-12-25,,,0
Day,2018-12-26,,,0
Day,2018-12-27,,,0
Day,2018-12-28,,,0
Day,2018-12-29,,,0
Day,2018-12-30,,,0
Day,2018-12-31,,,0
Day,2019-01-01,,,0
Day,2019-01-02,,,0
Day,2019-01-03,,,0
Day,2019-01-04,,,0
Day,2019-01-05,,,0
Day,2019-01-06,,,0
Day,2019-01-07,,,0
Day,2019-01-08,,,0
Day,2019-01-09,,,0
Day,2019-01-10,,,0
Day,2019-01-11,,,0
Day,2019-01-12,,,0
Day,2019-01-13,,,0
Day,2019-01-14,,,0
Day,2019-01-15,,,0
Day,2019-01-16,,,0
Day,2019-01-17,,,0
Day,2019-01-18,,,0
Day,2019-01-19,,,0
Day,2019-01-20,,,0
Day,2019-01-21,,,0
Day,2019-01-22,,,0
Day,2019-01-23,,,0
Day,2019-01-24,,,0
Day,2019-01-25,,,0
Day,2019-01-26,,,0
Day,2019-01-27,,,0
Day,2019-01-28,,,0
Day,2019-01-29,,,0
Day,2019-01-30,,,0
Day,2019-01-31,,,0
Day,2019-02-01,,,0
Day,2019-02-02,,,0
Day,2019-02-03,,,0
Day,2019-02-04,,,0
Day,2019-02-05,,,0
Day,2019-02-06,,,0
Day,2019-02-07,,,0
Day,2019-02-08,,,0
Day,2019-02-09,,,0
Day,2019-02-10,,,0
Day,2019-02-11,,,0
Day,2019-02-12,,,0
Day,2019-02-13,,,0
Day,2019-02-14,,,0
Day,2019-02-15,,,0
Day,2019-02-16,,,0
Day,2019-02-17,,,0
Day,2019-02-18,,,0
Day,2019-02-19,,,0
Day,2019-02-20,,,0
Day,2019-02-21,,,0
Day,2019-02-22,,,0
Day,2019-02-23,,,0
Day,2019-02-24,,,0
Day,2019-02-25,,,0
Day,2019-02-26,,,0
Day,2019-02-27,,,0
Day,2019-02-28,,,0
Day,2019-03-01,,,0
Day,2019-03-02,,,0
Day,2019-03-03,,,0
Day,2019-03-04,,,0
Day,2019-03-05,,,0
Day,2019-03-06,,,0
Day,2019-03-07,,,0
Day,2019-03-08,,,0
Day,2019-03-09,,,0
Day,2019-03-10,,,0
Day,2019-03-11,,,0
Day,2019-03-12,,,0
Day,2019-03-13,,,0
Day,2019-03-14,,,0
Day,2019-03-15,,,0
Day,2019-03-16,,,0
Day,2019-03-17,,,0
Day,2019-03-18,,,0
Day,2019-03-19,,,0
Day,2019-03-20,,,0
Day,2019-03-21,,,0
Day,2019-03-22,,,0
Day,2019-03-23,,,0
Day,2019-03-24,,,0
Day,2019-03-25,,,0
Day,2019-03-26,,,0
Day,2019-03-27,,,0
Day,2019-03-28,,,0
Day,2019-03-29,,,0
Day,2019-03-30,,,0
Day,2019-03-31,,,0
Day,2019-04-01,,,0
Day,2019-04-02,,,0
Day,2019-04-03,,,0
Day,2019-04-04,,,0
Day,2019-04-05,,,0
Day,2019-04-06,,,0
Day,2019-04-07,,,0
Day,2019-04-08,,,0
Day,2019-04-09,,,0
Day,2019-04-10,,,0
Day,2019-04-11,,,0
Day,2019-04-12,,,0
Day,2019-04-13,,,0
Day,2019-04-14,,,0
Day,2019-04-15,,,0
Day,2019-04-16,,,0
Day,2019-04-17,,,0
Day,2019-04-18,,,0
Day,2019-04-19,,,0
Day,2019-04-20,,,0
Day,2019-04-21,,,0
Day,2019-04-22,,,0
Day,2019-04-23,,,0
Day,2019-04-24,,,0
Day,2019-04-25,,,0
Day,2019-04-26,,,0
Day,2019-04-27,,,0
Day,2019-04-28,,,0
Day,2019-04-29,,,0
Day,2019-04-30,,,0
Day,2019-05-01,,,0
Day,2019-05-02,,,0
Day,2019-05-03,,,0
Day,2019-05-04,,,0
Day,2019-05-05,,,0
Day,2019-05-06,,,0
Day,2019-05-07,,,0
Day,2019-05-08,,,0
Day,2019-05-09,,,0
Day,2019-05-10,,,0
Day,2019-05-11,,,0
Day,2019-05-12,,,0
Day,2019-05-13,,,0
Day,2019-05-14,,,0
Day,2019-05-15,,,0
Day,2019-05-16,,,0
Day,2019-05-17,,,0
Day,2019-05-18,,,0
Day,2019-05-19,,,0
Day,2019-05-20,,,0
Day,2019-05-21,,,0
Day,2019-05-22,,,0
Day,2019-05-23,,,0
Day,2019-05-24,,,0
Day,2019-05-25,,,0
Day,2019-05-26,,,0
Day,2019-05-27,,,0
Day,2019-05-28,,,0
Day,2019-05-29,,,0
Day,2019-05-30,,,0
Day,2019-05-31,,,0
Day,2019-06-01,,,0
Day,2019-06-02,,,0
Day,2019-06-03,,,0
Day,2019-06-04,,,0
Day,2019-06-05,,,0
Day,2019-06-06,,,0
Day,2019-06-07,,,0
Day,2019-06-08,,,0
Day,2019-06-09,,,0
Day,2019-06-10,,,0
Day,2019-06-11,,,0
Day,2019-06-12,,,0
Day,2019-06-13,,,0
Day,2019-06-14,,,0
Day,2019-06-15,,,0
Day,2019-06-16,,,0
Day,2019-06-17,,,0
Day,2019-06-18,,,0
Day,2019-06-19,,,0
Day,2019-06-20,,,0
Day,2019-06-21,,,0
Day,2019-06-22,,,0
Day,2019-06-23,,,0
Day,2019-06-24,,,0
Day,2019-06-25,,,0
Day,2019-06-26,,,0
Day,2019-06-27,,,0
Day,2019-06-28,,,0
Day,2019-06-29,,,0
Day,2019-06-30,,,0
Day,2019-07-01,,,0
Day,2019-07-02,,,0
Day,2019-07-03,,,0
Day,2019-07-04,,,0
Day,2019-07-05,,,0
Day,2019-07-06,,,0
Day,2019-07-07,,,0
Day,2019-07-08,,,0
Day,2019-07-09,,,0
Day,2019-07-10,,,0
Day,2019-07-11,,,0
Day,2019-07-12,,,0
Day,2019-07-13,,,0
Day,2019-07-14,,,0
Day,2019-07-15,,,0
Day,2019-07-16,,,0
Day,2019-07-17,,,0
Day,2019-07-18,,,0
Day,2019-07-19,,,0
Day,2019-07-20,,,0
Day,2019-07-21,,,0
Day,2019-07-22,,,0
Day,2019-07-23,,,0
Day,2019-07-24,,,0
Day,2019-07-25,,,0
Day,2019-07-26,,,0
Day,2019-07-27,,,0
Day,2019-07-28,,,0
Day,2019-07-29,,,0
Day,2019-07-30,,,0
Day,2019-07-31,,,0
Day,2019-08-01,,,0
Day,2019-08-02,,,0
Day,2019-08-03,,,0
Day,2019-08-04,,,0
Day,2019-08-05,,,0
Day,2019-08-06,,,0
Day,2019-08-07,,,0
Day,2019-08-08,,,0
Day,2019-08-09,,,0
Day,2019-08-10,,,0
Day,2019-08-11,,,0
Day,2019-08-12,,,0
Day,2019-08-13,,,0
Day,2019-08-14,,,0
Day,2019-08-15,,,0
Day,2019-08-16,,,0
Day,2019-08-17,,,0
Day,2019-08-18,,,0
Day,2019-08-19,,,0
Day,2019-08-20,,,0
Day,2019-08-21,,,0
Day,2019-08-22,,,0
Day,2019-08-23,,,0
Day,2019-08-24,,,0
Day,2019-08-25,,,0
Day,2019-08-26,,,0
Day,2019-08-27,,,0
Day,2019-08-28,,,0
Day,2019-08-29,,,0
Day,2019-08-30,,,0
Day,2019-08-31,,,0
Day,2019-09-01,,,0
Day,2019-09-02,,,0
Day,2019-09-03,,,0
Day,2019-09-04,,,0
Day,2019-09-05,,,0
Day,2019-09-06,,,0
Day,2019-09-07,,,0
Day,2019-09-08,,,0
Day,2019-09-09,,,0
Day,2019-09-10,,,0
Day,2019-09-11,,,0
Day,2019-09-12,,,0
Day,2019-09-13,,,0
Day,2019-09-14,,,0
Day,2019-09-15,,,0
Day,2019-09-16,,,0
Day,2019-09-17,,,0
Day,2019-09-18,,,0
Day,2019-09-19,,,0
Day,2019-09-20,,,0
Day,2019-09-21,,,0
Day,2019-09-22,,,0
Day,2019-09-23,,,0
Day,2019-09-24,,,0
Day,2019-09-25,,,0
Day,2019-09-26,,,0
Day,2019-09-27,,,0
Day,2019-09-28,,,0
Day,2019-09-29,,,0
Day,2019-09-30,,,0
Day,2019-10-01,,,0
Day,2019-10-02,,,0
Day,2019-10-03,,,0
Day,2019-10-04,,,0
Day,2019-10-05,,,0
Day,2019-10-06,,,0
Day,2019-10-07,,,0
Day,2019-10-08,,,0
Day,2019-10-09,,,0
Day,2019-10-10,,,0
Day,2019-10-11,,,0
Day,2019-10-12,,,0
Day,2019-10-13,,,0
Day,2019-10-14,,,0
Day,2019-10-15,,,0
Day,2019-10-16,,,0
Day,2019-10-17,,,0
Day,2019-10-18,,,0
Day,2019-10-19,,,0
Day,2019-10-20,,,0
Day,2019-10-21,,,0
Day,2019-10-22,,,0
Day,2019-10-23,,,0
Day,2019-10-24,,,0
Day,2019-10-25,,,0
Day,2019-10-26,,,0
Day,2019-10-27,,,0
Day,2019-10-28,,,0
Day,2019-10-29,,,0
Day,2019-10-30,,,0
Day,2019-10-31,,,0
Day,2019-11-01,,,0
Day,2019-11-02,,,0
Day,2019-11-03,,,0
Day,2019-11-04,,,0
Day,2019-11-05,,,0
Day,2019-11-06,,,0
Day,2019-11-07,,,0
Day,2019-11-08,,,0
Day,2019-11-09,,,0
Day,2019-11-10,,,0
Day,2019-11-11,,,0
Day,2019-11-12,,,0
Day,2019-11-13,,,0
Day,2019-11-14,,,0
Day,2019-11-15,,,0
Day,2019-11-16,,,0
Day,2019-11-17,,,0
Day,2019-11-18,,,0
Day,2019-11-19,,,0
Day,2019-11-20,,,0
Day,2019-11-21,,,0
Day,2019-11-22,,,0
Day,2019-11-23,,,0
Day,2019-11-24,,,0
Day,2019-11-25,,,0
Day,2019-11-26,,,0
Day,2019-11-27,,,0
Day,2019-11-28,,,0
Day,2019-11-29,,,0
Day,2019-11-30,,,0
Day,2019-12-01,,,0
Day,2019-12-02,,,0
Day,2019-12-03,,,0
Day,2019-12-04,,,0
Day,2019-12-05,,,0
Day,2019-12-06,,,0
Day,2019-12-07,,,0
Day,2019-12-08,,,0
Day,2019-12-09,,,0
Day,2019-12-10,,,0
Day,2019-12-11,,,0
Day,2019-12-12,,,0
Day,2019-12-13,,,0
Day,2019-12-14,,,0
Day,2019-12-15,,,0
Day,2019-12-16,,,0
Day,2019-12-17,,,0
Day,2019-12-18,,,0
Day,2019-12-19,,,0
Day,2019-12-20,,,0
Day,2019-12-21,,,0
Day,2019-12-22,,,0
Day,2019-12-23,,,0
Day,2019-12-24,,,0
Day,2019-12-25,,,0
Day,2019-12-26,,,0
Day,2019-12-27,,,0
Day,2019-12-28,,,0
Day,2019-12-29,,,0
Day,2019-12-30,,,0
Day,2019-12-31,,,0
Day,2020-01-01,,,0
Day,2020-01-02,,,0
Day,2020-01-03,,,0
Day,2020-01-04,,,0
Day,2020-01-05,,,0
Day,2020-01-06,,,0
Day,2020-01-07,,,0
Day,2020-01-08,,,0
Day,2020-01-09,,,0
Day,2020-01-10,,,0
Day,2020-01-11,,,0
Day,2020-01-12,,,0
Day,2020-01-13,,,0
Day,2020-01-14,,,0
Day,2020-01-15,,,0
Day,2020-01-16,,,0
Day,2020-01-17,,,0
Day,2020-01-18,,,0
Day,2020-01-19,,,0
Day,2020-01-20,,,0
Day,2020-01-21,,,0
Day,2020-01-22,,,0
Day,2020-01-23,,,0
Day,2020-01-24,,,0
Day,2020-01-25,,,0
Day,2020-01-26,,,0
Day,2020-01-27,,,0
Day,2020-01-28,,,0
Day,2020-01-29,,,0
Day,2020-01-30,,,0
Day,2020-01-31,,,0
Day,2020-02-01,,,0
Day,2020-02-02,,,0
Day,2020-02-03,,,0
Day,2020-02-04,,,0
Day,2020-02-05,,,0
Day,2020-02-06,,,0
Day,2020-02-07,,,0
Day,2020-02-08,,,0
Day,2020-02-09,,,0
Day,2020-02-10,,,0
Day,2020-02-11,,,0
Day,2020-02-12,,,0
Day,2020-02-13,,,0
Day,2020-02-14,,,0
Day,2020-02-15,,,0
Day,2020-02-16,,,0
Day,2020-02-17,,,0
Day,2020-02-18,,,0
Day,2020-02-19,,,0
Day,2020-02-20,,,0
Day,2020-02-21,,,0
Day,2020-02-22,,,0
Day,2020-02-23,,,0
Day,2020-02-24,,,0
Day,2020-02-25,,,0
Day,2020-02-26,,,0
Day,2020-02-27,,,0
Day,2020-02-28,,,0
Day,2020-02-29,,,0
Day,2020-03-01,,,0
Day,2020-03-02,,,0
Day,2020-03-03,,,0
Day,2020-03-04,,,0
Day,2020-03-05,,,0
Day,2020-03-06,,,0
Day,2020-03-07,,,0
Day,2020-03-08,,,0
Day,2020-03-09,,,0
Day,2020-03-10,,,0
Day,2020-03-11,,,0
Day,2020-03-12,,,0
Day,2020-03-13,,,0
Day,2020-03-14,,,0
Day,2020-03-15,,,0
Day,2020-03-16,,,0
Day,2020-03-17,,,0
Day,2020-03-18,,,0
Day,2020-03-19,,,0
Day,2020-03-20,,,0
Day,2020-03-21,,,0
Day,2020-03-22,,,0
Day,2020-03-23,,,0
Day,2020-03-24,,,0
Day,2020-03-25,,,0
Day,2020-03-26,,,0
Day,2020-03-27,,,0
Day,2020-03-28,,,0
Day,2020-03-29,,,0
Day,2020-03-30,,,0
Day,2020-03-31,,,0
Day,2020-04-01,,,0
Day,2020-04-02,,,0
Day,2020-04-03,,,0
Day,2020-04-04,,,0
Day,2020-04-05,,,0
Day,2020-04-06,,,0
Day,2020-04-07,,,0
Day,2020-04-08,,,0
Day,2020-04-09,,,0
Day,2020-04-10,,,0
Day,2020-04-11,,,0
Day,2020-04-12,,,0
Day,2020-04-13,,,0
Day,2020-04-14,,,0
Day,2020-04-15,,,0
Day,2020-04-16,,,0
Day,2020-04-17,,,0
Day,2020-04-18,,,0
Day,2020-04-19,,,0
Day,2020-04-20,,,0
Day,2020-04-21,,,0
Day,2020-04-22,,,0
Day,2020-04-23,,,0
Day,2020-04-24,,,0
Day,2020-04-25,,,0
Day,2020-04-26,,,0
Day,2020-04-27,,,0
Day,2020-04-28,,,0
Day,2020-04-29,,,0
Day,2020-04-30,,,0
Day,2020-05-01,,,0
Day,2020-05-02,,,0
Day,2020-05-03,,,0
Day,2020-05-04,,,0
Day,2020-05-05,,,0
Day,2020-05-06,,,0
Day,2020-05-07,,,0
Day,2020-05-08,,,0
Day,2020-05-09,,,0
Day,2020-05-10,,,0
Day,2020-05-11,,,0
Day,2020-05-12,,,0
Day,2020-05-13,,,0
Day,2020-05-14,,,0
Day,2020-05-15,,,0
Day,2020-05-16,,,0
Day,2020-05-17,,,0
Day,2020-05-18,,,0
Day,2020-05-19,,,0
Day,2020-05-20,,,0
Day,2020-05-21,,,0
Day,2020-05-22,,,0
Day,2020-05-23,,,0
Day,2020-05-24,,,0
Day,2020-05-25,,,0
Day,2020-05-26,,,0
Day,2020-05-27,,,0
Day,2020-05-28,,,0
Day,2020-05-29,,,0
Day,2020-05-30,,,0
Day,2020-05-31,,,0
Day,2020-06-01,,,0
Day,2020-06-02,,,0
Day,2020-06-03,,,0
Day,2020-06-04,,,0
Day,2020-06-05,,,0
Day,2020-06-06,,,0
Day,2020-06-07,,,0
Day,2020-06-08,,,0
Day,2020-06-09,,,0
Day,2020-06-10,,,0
Day,2020-06-11,,,0
Day,2020-06-12,,,0
Day,2020-06-13,,,0
Day,2020-06-14,,,0
Day,2020-06-15,,,0
Day,2020-06-16,,,0
Day,2020-06-17,,,0
Day,2020-06-18,,,0
Day,2020-06-19,,,0
Day,2020-06-20,,,0
Day,2020-06-21,,,0
Day,2020-06-22,,,0
Day,2020-06-23,,,0
Day,2020-06-24,,,0
Day,2020-06-25,,,0
Day,2020-06-26,,,0
Day,2020-06-27,,,0
Day,2020-06-28,,,0
Day,2020-06-29,,,0
Day,2020-06-30,,,0
Day,2020-07-01,,,0
Day,2020-07-02,,,0
Day,2020-07-03,,,0
Day,2020-07-04,,,0
Day,2020-07-05,,,0
Day,2020-07-06,,,0
Day,2020-07-07,,,0
Day,2020-07-08,,,0
Day,2020-07-09,,,0
Day,2020-07-10,,,0
Day,2020-07-11,,,0
Day,2020-07-12,,,0
Day,2020-07-13,,,0
Day,2020-07-14,,,0
Day,2020-07-15,,,0
Day,2020-07-16,,,0
Day,2020-07-17,,,0
Day,2020-07-18,,,0
Day,2020-07-19,,,0
Day,2020-07-20,,,0
Day,2020-07-21,,,0
Day,2020-07-22,,,0
Day,2020-07-23,,,0
Day,2020-07-24,,,0
Day,2020-07-25,,,0
Day,2020-07-26,,,0
Day,2020-07-27,,,0
Day,2020-07-28,,,0
Day,2020-07-29,,,0
Day,2020-07-30,,,0
Day,2020-07-31,,,0
Day,2020-08-01,,,0
Day,2020-08-02,,,0
Day,2020-08-03,,,0
Day,2020-08-04,,,0
Day,2020-08-05,,,0
Day,2020-08-06,,,0
Day,2020-08-07,,,0
Day,2020-08-08,,,0
Day,2020-08-09,,,0
Day,2020-08-10,,,0
Day,2020-08-11,,,0
Day,2020-08-12,,,0
Day,2020-08-13,,,0
Day,2020-08-14,,,0
Day,2020-08-15,,,0
Day,2020-08-16,,,0
Day,2020-08-17,,,0
Day,2020-08-18,,,0
Day,2020-08-19,,,0
Day,2020-08-20,,,0
Day,2020-08-21,,,0
Day,2020-08-22,,,0
Day,2020-08-23,,,0
Day,2020-08-24,,,0
Day,2020-08-25,,,0
Day,2020-08-26,,,0
Day,2020-08-27,,,0
Day,2020-08-28,,,0
Day,2020-08-29,,,0
Day,2020-08-30,,,0
Day,2020-08-31,,,0
Day,2020-09-01,,,0
Day,2020-09-02,,,0
Day,2020-09-03,,,0
Day,2020-09-04,,,0
Day,2020-09-05,,,0
Day,2020-09-06,,,0
Day,2020-09-07,,,0
Day,2020-09-08,,,0
Day,2020-09-09,,,0
Day,2020-09-10,,,0
Day,2020-09-11,,,0
Day,2020-09-12,,,0
Day,2020-09-13,,,0
Day,2020-09-14,,,0
Day,2020-09-15,,,0
Day,2020-09-16,,,0
Day,2020-09-17,,,0
Day,2020-09-18,,,0
Day,2020-09-19,,,0
Day,2020-09-20,,,0
Day,2020-09-21,,,0
Day,2020-09-22,,,0
Day,2020-09-23,,,0
Day,2020-09-24,,,0
Day,2020-09-25,,,0
Day,2020-09-26,,,0
Day,2020-09-27,,,0
Day,2020-09-28,,,0
Day,2020-09-29,,,0
Day,2020-09-30,,,0
Day,2020-10-01,,,0
Day,2020-10-02,,,0
Day,2020-10-03,,,0
Day,2020-10-04,,,0
Day,2020-10-05,,,0
Day,2020-10-06,,,0
Day,2020-10-07,,,0
Day,2020-10-08,,,0
Day,2020-10-09,,,0
Day,2020-10-10,,,0
Day,2020-10-11,,,0
Day,2020-10-12,,,0
Day,2020-10-13,,,0
Day,2020-10-14,,,0
Day,2020-10-15,,,0
Day,2020-10-16,,,0
Day,2020-10-17,,,0
Day,2020-10-18,,,0
Day,2020-10-19,,,0
Day,2020-10-20,,,0
Day,2020-10-21,,,0
Day,2020-10-22,,,0
Day,2020-10-23,,,0
Day,2020-10-24,,,0
Day,2020-10-25,,,0
Day,2020-10-26,,,0
Day,2020-10-27,,,0
Day,2020-10-28,,,0
Day,2020-10-29,,,0
Day,2020-10-30,,,0
Day,2020-10-31,,,0
Day,2020-11-01,,,0
Day,2020-11-02,,,0
Day,2020-11-03,,,0
Day,2020-11-04,,,0
Day,2020-11-05,,,0
Day,2020-11-06,,,0
Day,2020-11-07,,,0
Day,2020-11-08,,,0
Day,2020-11-09,,,0
Day,2020-11-10,,,0
Day,2020-11-11,,,0
Day,2020-11-12,,,0
Day,2020-11-13,,,0
Day,2020-11-14,,,0
Day,2020-11-15,,,0
Day,2020-11-16,,,0
Day,2020-11-17,,,0
Day,2020-11-18,,,0
Day,2020-11-19,,,0
Day,2020-11-20,,,0
Day,2020-11-21,,,0
Day,2020-11-22,,,0
Day,2020-11-23,,,0
Day,2020-11-24,,,0
Day,2020-11-25,,,0
Day,2020-11-26,,,0
Day,2020-11-27,,,0
Day,2020-11-28,,,0
Day,2020-11-29,,,0
Day,2020-11-30,,,0
Day,2020-12-01,,,0
Day,2020-12-02,,,0
Day,2020-12-03,,,0
Day,2020-12-04,,,0
Day,2020-12-05,,,0
Day,2020-12-06,,,0
Day,2020-12-07,,,0
Day,2020-12-08,,,0
Day,2020-12-09,,,0
Day,2020-12-10,,,0
Day,2020-12-11,,,0
Day,2020-12-12,,,0
Day,2020-12-13,,,0
Day,2020-12-14,,,0
Day,2020-12-15,,,0
Day,2020-12-16,,,0
Day,2020-12-17,,,0
Day,2020-12-18,,,0
Day,2020-12-19,,,0
Day,2020-12-20,,,0
Day,2020-12-21,,,0
Day,2020-12-22,,,0
Day,2020-12-23,,,0
Day,2020-12-24,,,0
Day,2020-12-25,,,0
Day,2020-12-26,,,0
Day,2020-12-27,,,0
Day,2020-12-28,,,0
Day,2020-12-29,,,0
Day,2020-12-30,,,0
Day,2020-12-31,,,0
Day,2021-01-01,,,0
Day,2021-01-02,,,0
Day,2021-01-03,,,0
Day,2021-01-04,,,0
Day,2021-01-05,,,0
Day,2021-01-06,,,0
Day,2021-01-07,,,0
Day,2021-01-08,,,0
Day,2021-01-09,,,0
Day,2021-01-10,,,0
Day,2021-01-11,,,0
Day,2021-01-12,,,0
Day,2021-01-13,,,0
Day,2021-01-14,,,0
Day,2021-01-15,,,0
Day,2021-01-16,,,0
Day,2021-01-17,,,0
Day,2021-01-18,,,0
Day,2021-01-19,,,0
Day,2021-01-20,,,0
Day,2021-01-21,,,0
Day,2021-01-22,,,0
Day,2021-01-23,,,0
Day,2021-01-24,,,0
Day,2021-01-25,,,0
Day,2021-01-26,,,0
Day,2021-01-27,,,0
Day,2021-01-28,,,0
Day,2021-01-29,,,0
Day,2021-01-30,,,0
Day,2021-01-31,,,0
Day,2021-02-01,,,0
Day,2021-02-02,,,0
Day,2021-02-03,,,0
Day,2021-02-04,,,0
Day,2021-02-05,,,0
Day,2021-02-06,,,0
Day,2021-02-07,,,0
Day,2021-02-08,,,0
Day,2021-02-09,,,0
Day,2021-02-10,,,0
Day,2021-02-11,,,0
Day,2021-02-12,,,0
Day,2021-02-13,,,0
Day,2021-02-14,,,0
Day,2021-02-15,,,0
Day,2021-02-16,,,0
Day,2021-02-17,,,0
Day,2021-02-18,,,0
Day,2021-02-19,,,0
Day,2021-02-20,,,0
Day,2021-02-21,,,0
Day,2021-02-22,,,0
Day,2021-02-23,,,0
Day,2021-02-24,,,0
Day,2021-02-25,,,0
Day,2021-02-26,,,0
Day,2021-02-27,,,0
Day,2021-02-28,,,0
Day,2021-03-01,,,0
Day,2021-03-02,,,0
Day,2021-03-03,,,0
Day,2021-03-04,,,0
Day,2021-03-05,,,0
Day,2021-03-06,,,0
Day,2021-03-07,,,0
Day,2021-03-08,,,0
Day,2021-03-09,,,0
Day,2021-03-10,,,0
Day,2021-03-11,,,0
Day,2021-03-12,,,0
Day,2021-03-13,,,0
Day,2021-03-14,,,0
Day,2021-03-15,,,0
Day,2021-03-16,,,0
Day,2021-03-17,,,0
Day,2021-03-18,,,0
Day,2021-03-19,,,0
Day,2021-03-20,,,0
Day,2021-03-21,,,0
Day,2021-03-22,,,0
Day,2021-03-23,,,0
Day,2021-03-24,,,0
Day,2021-03-25,,,0
Day,2021-03-26,,,0
Day,2021-03-27,,,0
Day,2021-03-28,,,0
Day,2021-03-29,,,0
Day,2021-03-30,,,0
Day,2021-03-31,,,0
Day,2021-04-01,,,0
Day,2021-04-02,,,0
Day,2021-04-03,,,0
Day,2021-04-04,,,0
Day,2021-04-05,,,0
Day,2021-04-06,,,0
Day,2021-04-07,,,0
Day,2021-04-08,,,0
Day,2021-04-09,,,0
Day,2021-04-10,,,0
Day,2021-04-11,,,0
Day,2021-04-12,,,0
Day,2021-04-13,,,0
Day,2021-04-14,,,0
Day,2021-04-15,,,0
Day,2021-04-16,,,0
Day,2021-04-17,,,0
Day,2021-04-18,,,0
Day,2021-04-19,,,0
Day,2021-04-20,,,0
Day,2021-04-21,,,0
Day,2021-04-22,,,0
Day,2021-04-23,,,0
Day,2021-04-24,,,0
Day,2021-04-25,,,0
Day,2021-04-26,,,0
Day,2021-04-27,,,0
Day,2021-04-28,,,0
Day,2021-04-29,,,0
Day,2021-04-30,,,0
Day,2021-05-01,,,0
Day,2021-05-02,,,0
Day,2021-05-03,,,0
Day,2021-05-04,,,0
Day,2021-05-05,,,0
Day,2021-05-06,,,0
Day,2021-05-07,,,0
Day,2021-05-08,,,0
Day,2021-05-09,,,0
Day,2021-05-10,,,0
Day,2021-05-11,,,0
Day,2021-05-12,,,0
Day,2021-05-13,,,0
Day,2021-05-14,,,0
Day,2021-05-15,,,0
Day,2021-05-16,,,0
Day,2021-05-17,,,0
Day,2021-05-18,,,0
Day,2021-05-19,,,0
Day,2021-05-20,,,0
Day,2021-05-21,,,0
Day,2021-05-22,,,0
Day,2021-05-23,,,0
Day,2021-05-24,,,0
Day,2021-05-25,,,0
Day,2021-05-26,,,0
Day,2021-05-27,,,0
Day,2021-05-28,,,0
Day,2021-05-29,,,0
Day,2021-05-30,,,0
Day,2021-05-31,,,0
Day,2021-06-01,,,0
Day,2021-06-02,,,0
Day,2021-06-03,,,0
Day,2021-06-04,,,0
Day,2021-06-05,,,0
Day,2021-06-06,,,0
Day,2021-06-07,,,0
Day,2021-06-08,,,0
Day,2021-06-09,,,0
Day,2021-06-10,,,0
Day,2021-06-11,,,0
Day,2021-06-12,,,0
Day,2021-06-13,,,0
Day,2021-06-14,,,0
Day,2021-06-15,,,0
Day,2021-06-16,,,0
Day,2021-06-17,,,0
Day,2021-06-18,,,0
Day,2021-06-19,,,0
Day,2021-06-20,,,0
Day,2021-06-21,,,0
Day,2021-06-22,,,0
Day,2021-06-23,,,0
Day,2021-06-24,,,0
Day,2021-06-25,,,0
Day,2021-06-26,,,0
Day,2021-06-27,,,0
Day,2021-06-28,,,0
Day,2021-06-29,,,0
Day,2021-06-30,,,0
Day,2021-07-01,,,0
Day,2021-07-02,,,0
Day,2021-07-03,,,0
Day,2021-07-04,,,0
Day,2021-07-05,,,0
Day,2021-07-06,,,0
Day,2021-07-07,,,0
Day,2021-07-08,,,0
Day,2021-07-09,,,0
Day,2021-07-10,,,0
Day,2021-07-11,,,0
Day,2021-07-12,,,0
Day,2021-07-13,,,0
Day,2021-07-14,,,0
Day,2021-07-15,,,0
Day,2021-07-16,,,0
Day,2021-07-17,,,0
Day,2021-07-18,,,0
Day,2021-07-19,,,0
Day,2021-07-20,,,0
Day,2021-07-21,,,0
Day,2021-07-22,,,0
Day,2021-07-23,,,0
Day,2021-07-24,,,0
Day,2021-07-25,,,0
Day,2021-07-26,,,0
Day,2021-07-27,,,0
Day,2021-07-28,,,0
Day,2021-07-29,,,0
Day,2021-07-30,,,0
Day,2021-07-31,,,0
Day,2021-08-01,,,0
Day,2021-08-02,,,0
Day,2021-08-03,,,0
Day,2021-08-04,,,0
Day,2021-08-05,,,0
Day,2021-08-06,,,0
Day,2021-08-07,,,0
Day,2021-08-08,,,0
Day,2021-08-09,,,0
Day,2021-08-10,,,0
Day,2021-08-11,,,0
Day,2021-08-12,,,0
Day,2021-08-13,,,0
Day,2021-08-14,,,0
Day,2021-08-15,,,0
Day,2021-08-16,,,0
Day,2021-08-17,,,0
Day,2021-08-18,,,0
Day,2021-08-19,,,0
Day,2021-08-20,,,0
Day,2021-08-21,,,0
Day,2021-08-22,,,0
Day,2021-08-23,,,0
Day,2021-08-24,,,0
Day,2021-08-25,,,0
Day,2021-08-26,,,0
Day,2021-08-27,,,0
Day,2021-08-28,,,0
Day,2021-08-29,,,0
Day,2021-08-30,,,0
Day,2021-08-31,,,0
Day,2021-09-01,,,0
Day,2021-09-02,,,0
Day,2021-09-03,,,0
Day,2021-09-04,,,0
Day,2021-09-05,,,0
Day,2021-09-06,,,0
Day,2021-09-07,,,0
Day,2021-09-08,,,0
Day,2021-09-09,,,0
Day,2021-09-10,,,0
Day,2021-09-11,,,0
Day,2021-09-12,,,0
Day,2021-09-13,,,0
Day,2021-09-14,,,0
Day,2021-09-15,,,0
Day,2021-09-16,,,0
Day,2021-09-17,,,0
Day,2021-09-18,,,0
Day,2021-09-19,,,0
Day,2021-09-20,,,0
Day,2021-09-21,,,0
Day,2021-09-22,,,0
Day,2021-09-23,,,0
Day,2021-09-24,,,0
Day,2021-09-25,,,0
Day,2021-09-26,,,0
Day,2021-09-27,,,0
Day,2021-09-28,,,0
Day,2021-09-29,,,0
Day,2021-09-30,,,0
Day,2021-10-01,,,0
Day,2021-10-02,,,0
Day,2021-10-03,,,0
Day,2021-10-04,,,0
Day,2021-10-05,,,0
Day,2021-10-06,,,0
Day,2021-10-07,,,0
Day,2021-10-08,,,0
Day,2021-10-09,,,0
Day,2021-10-10,,,0
Day,2021-10-11,,,0
Day,2021-10-12,,,0
Day,2021-10-13,,,0
Day,2021-10-14,,,0
Day,2021-10-15,,,0
Day,2021-10-16,,,0
Day,2021-10-17,,,0
Day,2021-10-18,,,0
Day,2021-10-19,,,0
Day,2021-10-20,,,0
Day,2021-10-21,,,0
Day,2021-10-22,,,0
Day,2021-10-23,,,0
Day,2021-10-24,,,0
Day,2021-10-25,,,0
Day,2021-10-26,,,0
Day,2021-10-27,,,0
Day,2021-10-28,,,0
Day,2021-10-29,,,0
Day,2021-10-30,,,0
Day,2021-10-31,,,0
Day,2021-11-01,,,0
Day,2021-11-02,,,0
Day,2021-11-03,,,0
Day,2021-11-04,,,0
Day,2021-11-05,,,0
Day,2021-11-06,,,0
Day,2021-11-07,,,0
Day,2021-11-08,,,0
Day,2021-11-09,,,0
Day,2021-11-10,,,0
Day,2021-11-11,,,0
Day,2021-11-12,,,0
Day,2021-11-13,,,0
Day,2021-11-14,,,0
Day,2021-11-15,,,0
Day,2021-11-16,,,0
Day,2021-11-17,,,0
Day,2021-11-18,,,0
Day,2021-11-19,,,0
Day,2021-11-20,,,0
Day,2021-11-21,,,0
Day,2021-11-22,,,0
Day,2021-11-23,,,0
Day,2021-11-24,,,0
Day,2021-11-25,,,0
Day,2021-11-26,,,0
Day,2021-11-27,,,0
Day,2021-11-28,,,0
Day,2021-11-29,,,0
Day,2021-11-30,,,0
Day,2021-12-01,,,0
Day,2021-12-02,,,0
Day,2021-12-03,,,0
Day,2021-12-04,,,0
Day,2021-12-05,,,0
Day,2021-12-06,,,0
Day,2021-12-07,,,0
Day,2021-12-08,,,0
Day,2021-12-09,,,0
Day,2021-12-10,,,0
Day,2021-12-11,,,0
Day,2021-12-12,,,0
Day,2021-12-13,,,0
Day,2021-12-14,,,0
Day,2021-12-15,,,0
Day,2021-12-16,,,0
Day,2021-12-17,,,0
Day,2021-12-18,,,0
Day,2021-12-19,,,0
Day,2021-12-20,,,0
Day,2021-12-21,,,0
Day,2021-12-22,,,0
Day,2021-12-23,,,0
Day,2021-12-24,,,0
Day,2021-12-25,,,0
Day,2021-12-26,,,0
Day,2021-12-27,,,0
Day,2021-12-28,,,0
Day,2021-12-29,,,0
Day,2021-12-30,,,0
Day,2021-12-31,,,0
Day,2022-01-01,,,0
Day,2022-01-02,,,0
Day,2022-01-03,,,0
Day,2022-01-04,,,0
Day,2022-01-05,,,0
Day,2022-01-06,,,0
Day,2022-01-07,,,0
Day,2022-01-08,,,0
Day,2022-01-09,,,0
Day,2022-01-10,,,0
Day,2022-01-11,,,0
Day,2022-01-12,,,0
Day,2022-01-13,,,0
Day,2022-01-14,,,0
Day,2022-01-15,,,0
Day,2022-01-16,,,0
Day,2022-01-17,,,0
Day,2022-01-18,,,0
Day,2022-01-19,,,0
Day,2022-01-20,,,0
Day,2022-01-21,,,0
Day,2022-01-22,,,0
Day,2022-01-23,,,0
Day,2022-01-24,,,0
Day,2022-01-25,,,0
Day,2022-01-26,,,0
Day,2022-01-27,,,0
Day,2022-01-28,,,0
Day,2022-01-29,,,0
Day,2022-01-30,,,0
Day,2022-01-31,,,0
Day,2022-02-01,,,0
Day,2022-02-02,,,0
Day,2022-02-03,,,0
Day,2022-02-04,,,0
Day,2022-02-05,,,0
Day,2022-02-06,,,0
Day,2022-02-07,,,0
Day,2022-02-08,,,0
Day,2022-02-09,,,0
Day,2022-02-10,,,0
Day,2022-02-11,,,0
Day,2022-02-12,,,0
Day,2022-02-13,,,0
Day,2022-02-15,,,0
Day,2022-02-16,,,0
Day,2022-02-17,,,0
Day,2022-02-18,,,0
Day,2022-02-19,,,0
Day,2022-02-20,,,0
Day,2022-02-21,,,0
Day,2022-02-22,,,0
Day,2022-02-23,,,0
Day,2022-02-24,,,0
Day,2022-02-25,,,0
Day,2022-02-26,,,0
Day,2022-02-27,,,0
Day,2022-02-28,,,0
Day,2022-03-01,,,0
Day,2022-03-02,,,0
Day,2022-03-03,,,0
Day,2022-03-04,,,0
Day,2022-03-05,,,0
Day,2022-03-06,,,0
Day,2022-03-07,,,0
Day,2022-03-08,,,0
Day,2022-03-09,,,0
Day,2022-03-10,,,0
Day,2022-03-11,,,0
Day,2022-03-12,,,0
Day,2022-03-13,,,0
Day,2022-03-14,,,0
Day,2022-03-15,,,0
Day,2022-03-16,,,0
Day,2022-03-17,,,0
Day,2022-03-18,,,0
Day,2022-03-19,,,0
Day,2022-03-20,,,0
Day,2022-03-21,,,0
Day,2022-03-22,,,0
Day,2022-03-23,,,0
Day,2022-03-24,,,0
Day,2022-03-25,,,0
Day,2022-03-26,,,0
Day,2022-03-27,,,0
Day,2022-03-28,,,0
Day,2022-03-29,,,0
Day,2022-03-30,,,0
Day,2022-03-31,,,0
Day,2022-04-01,,,0
Day,2022-04-02,,,0
Day,2022-04-03,,,0
Day,2022-04-04,,,0
Day,2022-04-05,,,0
Day,2022-04-06,,,0
Day,2022-04-07,,,0
Day,2022-04-08,,,0
Day,2022-04-09,,,0
Day,2022-04-10,,,0
Day,2022-04-11,,,0
Day,2022-04-12,,,0
Day,2022-04-13,,,0
Day,2022-04-14,,,0
Day,2022-04-15,,,0
Day,2022-04-16,,,0
Day,2022-04-17,,,0
Day,2022-04-18,,,0
Day,2022-04-19,,,0
Day,2022-04-20,,,0
Day,2022-04-21,,,0
Day,2022-04-22,,,0
Day,2022-04-23,,,0
Day,2022-04-24,,,0
Day,2022-04-25,,,0
Day,2022-04-26,,,0
Day,2022-04-27,,,0
Day,2022-04-28,,,0
Day,2022-04-29,,,0
Day,2022-04-30,,,0
Day,2022-05-01,,,0
Day,2022-05-02,,,0
Day,2022-05-03,,,0
Day,2022-05-04,,,0
Day,2022-05-05,,,0
Day,2022-05-06,,,0
Day,2022-05-07,,,0
Day,2022-05-08,,,0
Day,2022-05-09,,,0
Day,2022-05-10,,,0
Day,2022-05-11,,,0
Day,2022-05-12,,,0
Day,2022-05-13,,,0
Day,2022-05-14,,,0
Day,2022-05-15,,,0
Day,2022-05-16,,,0
Day,2022-05-17,,,0
Day,2022-05-18,,,0
Day,2022-05-19,,,0
Day,2022-05-20,,,0
Day,2022-05-21,,,0
Day,2022-05-22,,,0
Day,2022-05-23,,,0
Day,2022-06-01,,,0
Day,2022-06-02,,,0
Day,2022-06-03,,,0
Day,2022-06-04,,,0
Day,2022-06-05,,,0
Day,2022-06-06,,,0
Day,2022-06-07,,,0
Day,2022-06-08,,,0
Day,2022-06-09,,,0
Day,2022-06-10,,,0
Day,2022-06-11,,,0
Day,2022-06-12,,,0
Day,2022-06-13,,,0
Day,2022-06-22,,,0
Day,2022-06-23,,,0
Day,2022-06-24,,,0
Day,2022-06-25,,,0
Day,2022-06-26,,,0
Day,2022-06-27,,,0
Day,2022-06-28,,,0
Day,2022-06-29,,,0
Day,2022-06-30,,,0
Day,2022-07-01,,,0
Day,2022-07-02,,,0
Day,2022-07-03,,,0
Day,2022-07-04,,,0
Day,2022-07-13,,,0
Day,2022-07-14,,,0
Day,2022-07-15,,,0
Day,2022-07-16,,,0
Day,2022-07-17,,,0
Day,2022-07-18,,,0
Day,2022-07-19,,,0
Day,2022-07-20,,,0
Day,2022-07-21,,,0
Day,2022-07-22,,,0
Day,2022-07-23,,,0
Day,2022-07-24,,,0
Day,2022-07-25,,,0
Day,2022-08-03,,,0
Day,2022-08-04,,,0
Day,2022-08-05,,,0
Day,2022-08-06,,,0
Day,2022-08-07,,,0
Day,2022-08-08,,,0
Day,2022-08-09,,,0
Day,2022-08-10,,,0
Day,2022-08-11,,,0
Day,2022-08-12,,,0
Day,2022-08-13,,,0
Day,2022-08-14,,,0
Day,2022-08-15,,,0
Day,2022-08-24,,,0
Day,2022-08-25,,,0
Day,2022-08-26,,,0
Day,2022-08-27,,,0
Day,2022-08-28,,,0
Day,2022-08-29,,,0
Day,2022-08-30,,,0
Day,2022-08-31,,,0
Day,2022-09-01,,,0
Day,2022-09-02,,,0
Day,2022-09-03,,,0
Day,2022-09-04,,,0
Day,2022-09-05,,,0
Day,2022-09-06,,,0
Day,2022-09-07,,,0
Day,2022-09-08,,,0
Day,2022-09-09,,,0
Day,2022-09-10,,,0
Day,2022-09-11,,,0
Day,2022-09-12,,,0
Day,2022-09-13,,,0
Day,2022-09-14,,,0
Day,2022-09-15,,,0
Day,2022-09-16,,,0
Day,2022-09-17,,,0
Day,2022-09-18,,,0
Day,2022-09-19,,,0
Day,2022-09-20,,,0
Day,2022-09-21,,,0
Day,2022-09-22,,,0
Day,2022-09-23,,,0
Day,2022-09-24,,,0
Day,2022-09-25,,,0
Day,2022-09-26,,,0
Day,2022-09-27,,,0
Day,2022-09-28,,,0
Day,2022-09-29,,,0
Day,2022-09-30,,,0
Day,2022-10-01,,,0
Day,2022-10-02,,,0
Day,2022-10-03,,,0
Day,2022-10-04,,,0
Day,2022-10-05,,,0
Day,2022-10-06,,,0
Day,2022-10-07,,,0
Day,2022-10-08,,,0
Day,2022-10-09,,,0
Day,2022-10-10,,,0
Day,2022-10-11,,,0
Day,2022-10-12,,,0
Day,2022-10-13,,,0
Day,2022-10-14,,,0
Day,2022-10-15,,,0
Day,2022-10-16,,,0
Day,2022-10-17,,,0
Day,2022-10-18,,,0
Day,2022-10-19,,,0
Day,2022-10-20,,,0
Day,2022-10-21,,,0
Day,2022-10-22,,,0
Day,2022-10-23,,,0
Day,2022-10-24,,,0
Day,2022-10-25,,,0
Day,2022-10-26,,,0
Day,2022-10-27,,,0
Day,2022-10-28,,,0
Day,2022-10-29,,,0
Day,2022-10-30,,,0
Day,2022-10-31,,,0
Day,2022-11-01,,,0
Day,2022-11-02,,,0
Day,2022-11-03,,,0
Day,2022-11-04,,,0
Day,2022-11-05,,,0
Day,2022-11-06,,,0
Day,2022-11-07,,,0
Day,2022-11-08,,,0
Day,2022-11-09,,,0
Day,2022-11-10,,,0
Day,2022-11-11,,,0
Day,2022-11-12,,,0
Day,2022-11-13,,,0
Day,2022-11-14,,,0
Day,2022-11-15,,,0
Day,2022-11-16,,,0
Day,2022-11-17,,,0
Day,2022-11-18,,,0
Day,2022-11-19,,,0
Day,2022-11-20,,,0
Day,2022-11-21,,,0
Day,2022-11-22,,,0
Day,2022-11-23,,,0
Day,2022-11-24,,,0
Day,2022-11-25,,,0
Day,2022-11-26,,,0
Day,2022-11-27,,,0
Day,2022-11-28,,,0
Day,2022-11-29,,,0
Day,2022-11-30,,,0
Day,2022-12-01,,,0
Day,2022-12-02,,,0
Day,2022-12-03,,,0
Day,2022-12-04,,,0
Day,2022-12-05,,,0
Day,2022-12-06,,,0
Day,2022-12-07,,,0
Day,2022-12-08,,,0
Day,2022-12-09,,,0
Day,2022-12-10,,,0
Day,2022-12-11,,,0
Day,2022-12-12,,,0
Day,2022-12-13,,,0
Day,2022-12-14,,,0
Day,2022-12-15,,,0
Day,2022-12-16,,,0
Day,2022-12-17,,,0
Day,2022-12-18,,,0
Day,2022-12-19,,,0
Day,2022-12-20,,,0
Day,2022-12-21,,,0
Day,2022-12-22,,,0
Day,2022-12-23,,,0
Day,2022-12-24,,,0
Day,2022-12-25,,,0
Day,2022-12-26,,,0
Day,2022-12-27,,,0
Day,2022-12-28,,,0
Day,2022-12-29,,,0
Day,2022-12-30,,,0
Day,2022-12-31,,,0
Day,2023-01-01,,,0
Day,2023-01-02,,,0
Day,2023-01-03,,,0
Day,2023-01-04,,,0
Day,2023-01-05,,,0
Day,2023-01-06,,,0
Day,2023-01-07,,,0
Day,2023-01-08,,,0
Day,2023-01-09,,,0
Day,2023-01-10,,,0
Day,2023-01-11,,,0
Day,2023-01-12,,,0
Day,2023-01-13,,,0
Day,2023-01-14,,,0
Day,2023-01-15,,,0
Day,2023-01-16,,,0
Day,2023-01-17,,,0
Day,2023-01-18,,,0
Day,2023-01-19,,,0
Day,2023-01-20,,,0
Day,2023-01-21,,,0
Day,2023-01-22,,,0
Day,2023-01-23,,,0
Day,2023-01-24,,,0
Day,2023-01-25,,,0
Day,2023-01-26,,,0
Day,2023-01-27,,,0
Day,2023-01-28,,,0
Day,2023-01-29,,,0
Day,2023-01-30,,,0
Day,2023-01-31,,,0
Day,2023-02-01,,,0
Day,2023-02-02,,,0
Day,2023-02-03,,,0
Day,2023-02-04,,,0
Day,2023-02-05,,,0
Day,2023-02-06,,,0
Day,2023-02-07,,,0
Day,2023-02-08,,,0
Day,2023-02-09,,,0
Day,2023-02-10,,,0
Day,2023-02-11,,,0
Day,2023-02-12,,,0
Day,2023-02-13,,,0
Day,2023-02-14,,,0
Day,2023-02-15,,,0
Day,2023-02-16,,,0
Day,2023-02-17,,,0
Day,2023-02-18,,,0
Day,2023-02-19,,,0
Day,2023-02-20,,,0
Day,2023-02-21,,,0
Day,2023-02-22,,,0
Day,2023-02-23,,,0
Day,2023-02-24,,,0
Day,2023-02-25,,,0
Day,2023-02-26,,,0
Day,2023-02-27,,,0
Day,2023-02-28,,,0
Day,2023-03-01,,,0
Day,2023-03-02,,,0
Day,2023-03-03,,,0
Day,2023-03-04,,,0
Day,2023-03-05,,,0
Day,2023-03-06,,,0
Day,2023-03-07,,,0
Day,2023-03-08,,,0
Day,2023-03-09,,,0
Day,2023-03-10,,,0
Day,2023-03-11,,,0
Day,2023-03-12,,,0
Day,2023-03-13,,,0
Day,2023-03-14,,,0
Day,2023-03-15,,,0
Day,2023-03-16,,,0
Day,2023-03-17,,,0
Day,2023-03-18,,,0
Day,2023-03-19,,,0
Day,2023-03-20,,,0
Day,2023-03-21,,,0
Day,2023-03-22,,,0
Day,2023-03-23,,,0
Day,2023-03-24,,,0
Day,2023-03-25,,,0
Day,2023-03-26,,,0
Day,2023-03-27,,,0
Day,2023-03-28,,,0
Day,2023-03-29,,,0
Day,2023-03-30,,,0
Day,2023-03-31,,,0
Day,2023-04-01,,,0
Day,2023-04-02,,,0
Day,2023-04-03,,,0
Day,2023-04-04,,,0
Day,2023-04-05,,,0
Day,2023-04-06,,,0
Day,2023-04-07,,,0
Day,2023-04-08,,,0
Day,2023-04-09,,,0
Day,2023-04-10,,,0
Day,2023-04-11,,,0
Day,2023-04-12,,,0
Day,2023-04-13,,,0
Day,2023-04-14,,,0
Day,2023-04-15,,,0
Day,2023-04-16,,,0
Day,2023-04-17,,,0
Day,2023-04-18,,,0
Day,2023-04-19,,,0
Day,2023-04-20,,,0
Day,2023-04-21,,,0
Day,2023-04-22,,,0
Day,2023-04-23,,,0
Day,2023-04-24,,,0
Day,2023-04-25,,,0
Day,2023-04-26,,,0
Day,2023-04-27,,,0
Day,2023-04-28,,,0
Day,2023-04-29,,,0
Day,2023-04-30,,,0
Day,2023-05-01,,,0
Day,2023-05-02,,,0
Day,2023-05-03,,,0
Day,2023-05-04,,,0
Day,2023-05-05,,,0
Day,2023-05-06,,,0
Day,2023-05-07,,,0
Day,2023-05-08,,,0
Day,2023-05-09,,,0
Day,2023-05-10,,,0
Day,2023-05-11,,,0
Day,2023-05-12,,,0
Day,2023-05-13,,,0
Day,2023-05-14,,,0
Day,2023-05-15,,,0
Day,2023-05-16,,,0
Day,2023-05-17,,,0
Day,2023-05-18,,,0
Day,2023-05-19,,,0
Day,2023-05-20,,,0
Day,2023-05-21,,,0
Day,2023-05-22,,,0
Day,2023-05-23,,,0
Day,2023-05-24,,,0
Day,2023-05-25,,,0
Day,2023-05-26,,,0
Day,2023-05-27,,,0
Day,2023-05-28,,,0
Day,2023-05-29,,,0
Day,2023-05-30,,,0
Day,2023-05-31,,,0
Day,2023-06-01,,,0
Day,2023-06-02,,,0
Day,2023-06-03,,,0
Day,2023-06-04,,,0
Day,2023-06-05,,,0
Day,2023-06-06,,,0
Day,2023-06-07,,,0
Day,2023-06-08,,,0
Day,2023-06-09,,,0
Day,2023-06-10,,,0
Day,2023-06-11,,,0
Day,2023-06-12,,,0
Day,2023-06-13,,,0
Day,2023-06-14,,,0
Day,2023-06-15,,,0
Day,2023-06-16,,,0
Day,2023-06-17,,,0
Day,2023-06-18,,,0
Day,2023-06-19,,,0
Day,2023-06-20,,,0
Day,2023-06-21,,,0
Day,2023-06-22,,,0
Day,2023-06-23,,,0
Day,2023-06-24,,,0
Day,2023-06-25,,,0
Day,2023-06-26,,,0
Day,2023-06-27,,,0
Day,2023-06-28,,,0
Day,2023-06-29,,,0
Day,2023-06-30,,,0
Day,2023-07-01,,,0
Day,2023-07-02,,,0
Day,2023-07-03,,,0
Day,2023-07-04,,,0
Day,2023-07-05,,,0
Day,2023-07-06,,,0
Day,2023-07-07,,,0
Day,2023-07-08,,,0
Day,2023-07-09,,,0
Day,2023-07-10,,,0
Day,2023-07-11,,,0
Day,2023-07-12,,,0
Day,2023-07-13,,,0
Day,2023-07-14,,,0
Day,2023-07-15,,,0
Day,2023-07-16,,,0
Day,2023-07-17,,,0
Day,2023-07-18,,,0
Day,2023-07-19,,,0
Day,2023-07-20,,,0
Day,2023-07-21,,,0
Day,2023-07-22,,,0
Day,2023-07-23,,,0
Day,2023-07-24,,,0
Day,2023-07-25,,,0
Day,2023-07-26,,,0
Day,2023-07-27,,,0
Day,2023-07-28,,,0
Day,2023-07-29,,,0
Day,2023-07-30,,,0
Day,2023-07-31,,,0
Day,2023-08-01,,,0
Day,2023-08-02,,,0
Day,2023-08-03,,,0
Day,2023-08-04,,,0
Day,2023-08-05,,,0
Day,2023-08-06,,,0
Day,2023-08-07,,,0
Day,2023-08-08,,,0
Day,2023-08-09,,,0
Day,2023-08-10,,,0
Day,2023-08-11,,,0
Day,2023-08-12,,,0
Day,2023-08-13,,,0
Day,2023-08-14,,,0
Day,2023-08-15,,,0
Day,2023-08-16,,,0
Day,2023-08-17,,,0
Day,2023-08-18,,,0
Day,2023-08-19,,,0
Day,2023-08-20,,,0
Day,2023-08-21,,,0
Day,2023-08-22,,,0
Day,2023-08-23,,,0
Day,2023-08-24,,,0
Day,2023-08-25,,,0
Day,2023-08-26,,,0
Day,2023-08-27,,,0
Day,2023-08-28,,,0
Day,2023-08-29,,,0
Day,2023-08-30,,,0
Day,2023-08-31,,,0
Day,2023-09-01,,,0
Day,2023-09-02,,,0
Day,2023-09-03,,,0
Day,2023-09-04,,,0
Day,2023-09-05,,,0
Day,2023-09-06,,,0
Day,2023-09-07,,,0
Day,2023-09-08,,,0
Day,2023-09-09,,,0
Day,2023-09-10,,,0
Day,2023-09-11,,,0
Day,2023-09-12,,,0
Day,2023-09-13,,,0
Day,2023-09-14,,,0
Day,2023-09-15,,,0
Day,2023-09-16,,,0
Day,2023-09-17,,,0
Day,2023-09-18,,,0
Day,2023-09-19,,,0
Day,2023-09-20,,,0
Day,2023-09-21,,,0
Day,2023-09-22,,,0
Day,2023-09-23,,,0
Day,2023-09-24,,,0
Day,2023-09-25,,,0
Day,2023-09-26,,,0
Day,2023-09-27,,,0
Day,2023-09-28,,,0
Day,2023-09-29,,,0
Day,2023-09-30,,,0
Day,2023-10-01,,,0
Day,2023-10-02,,,0
Day,2023-10-03,,,0
Day,2023-10-04,,,0
Day,2023-10-05,,,0
Day,2023-10-06,,,0
Day,2023-10-07,,,0
Day,2023-10-08,,,0
Day,2023-10-09,,,0
Day,2023-10-10,,,0
Day,2023-10-11,,,0
Day,2023-10-12,,,0
Day,2023-10-13,,,0
Day,2023-10-14,,,0
Day,2023-10-15,,,0
Day,2023-10-16,,,0
Day,2023-10-17,,,0
Day,2023-10-18,,,0
Day,2023-10-19,,,0
Day,2023-10-20,,,0
Day,2023-10-21,,,0
Day,2023-10-22,,,0
Day,2023-10-23,,,0
Day,2023-10-24,,,0
Day,2023-10-25,,,0
Day,2023-10-26,,,0
Day,2023-10-27,,,0
Day,2023-10-28,,,0
Day,2023-10-29,,,0
Day,2023-10-30,,,0
Day,2023-10-31,,,0
Day,2023-11-01,,,0
Day,2023-11-02,,,0
Day,2023-11-03,,,0
Day,2023-11-04,,,0
Day,2023-11-05,,,0
Day,2023-11-06,,,0
Day,2023-11-07,,,0
Day,2023-11-08,,,0
Day,2023-11-09,,,0
Day,2023-11-10,,,0
Day,2023-11-11,,,0
Day,2023-11-12,,,0
Day,2023-11-13,,,0
Day,2023-11-14,,,0
Day,2023-11-15,,,0
Day,2023-11-16,,,0
Day,2023-11-17,,,0
Day,2023-11-18,,,0
Day,2023-11-19,,,0
Day,2023-11-20,,,0
Day,2023-11-21,,,0
Day,2023-11-22,,,0
Day,2023-11-23,,,0
Day,2023-11-24,,,0
Day,2023-11-25,,,0
Day,2023-11-26,,,0
Day,2023-11-27,,,0
Day,2023-11-28,,,0
Day,2023-11-29,,,0
Day,2023-11-30,,,0
Day,2023-12-01,,,0
Day,2023-12-02,,,0
Day,2023-12-03,,,0
Day,2023-12-04,,,0
Day,2023-12-05,,,0
Day,2023-12-06,,,0
Day,2023-12-07,,,0
Day,2023-12-08,,,0
Day,2023-12-09,,,0
Day,2023-12-10,,,0
Day,2023-12-11,,,0
Day,2023-12-12,,,0
Day,2023-12-13,,,0
Day,2023-12-14,,,0
Day,2023-12-15,,,0
Day,2023-12-16,,,0
Day,2023-12-17,,,0
Day,2023-12-18,,,0
Day,2023-12-19,,,0
Day,2023-12-20,,,0
Day,2023-12-21,,,0
Day,2023-12-22,,,0
Day,2023-12-23,,,0
Day,2023-12-24,,,0
Day,2023-12-25,,,0
Day,2023-12-26,,,0
Day,2023-12-27,,,0
Day,2023-12-28,,,0
Day,2023-12-29,,,0
Day,2023-12-30,,,0
Day,2023-12-31,,,0
Day,2024-01-01,,,0
Day,2024-01-02,,,0
Day,2024-01-03,,,0
Day,2024-01-04,,,0
Day,2024-01-05,,,0
Day,2024-01-06,,,0
Day,2024-01-07,,,0
Day,2024-01-08,,,0
Day,2024-01-09,,,0
Day,2024-01-10,,,0
Day,2024-01-11,,,0
Day,2024-01-12,,,0
Day,2024-01-13,,,0
Day,2024-01-14,,,0
Day,2024-01-15,,,0
Day,2024-01-16,,,0
Day,2024-01-17,,,0
Day,2024-01-18,,,0
Day,2024-01-19,,,0
Day,2024-01-20,,,0
Day,2024-01-21,,,0
Day,2024-01-22,,,0
Day,2024-01-23,,,0
Day,2024-01-24,,,0
Day,2024-01-25,,,0
Day,2024-01-26,,,0
Day,2024-01-27,,,0
Day,2024-01-28,,,0
Day,2024-01-29,,,0
Day,2024-01-30,,,0
Day,2024-01-31,,,0
Day,2024-02-01,,,0
Day,2024-02-02,,,0
Day,2024-02-03,,,0
Day,2024-02-04,,,0
Day,2024-02-05,,,0
Day,2024-02-06,,,0
Day,2024-02-07,,,0
Day,2024-02-08,,,0
Day,2024-02-09,,,0
Day,2024-02-10,,,0
Day,2024-02-11,,,0
Day,2024-02-12,,,0
Day,2024-02-13,,,0
Day,2024-02-14,,,0
Day,2024-02-15,,,0
Day,2024-02-16,,,0
Day,2024-02-17,,,0
Day,2024-02-18,,,0
Day,2024-02-19,,,0
Day,2024-02-20,,,0
Day,2024-02-21,,,0
Day,2024-02-22,,,0
Day,2024-02-23,,,0
Day,2024-02-24,,,0
Day,2024-02-25,,,0
Day,2024-02-26,,,0
Day,2024-02-27,,,0
Day,2024-02-28,,,0
Day,2024-02-29,,,0
Day,2024-03-01,,,0
Day,2024-03-02,,,0
Day,2024-03-03,,,0
Day,2024-03-04,,,0
Day,2024-03-05,,,0
Day,2024-03-06,,,0
Day,2024-03-07,,,0
Day,2024-03-08,,,0
Day,2024-03-09,,,0
Day,2024-03-10,,,0
Day,2024-03-11,,,0
Day,2024-03-12,,,0
Day,2024-03-13,,,0
Day,2024-03-14,,,0
Day,2024-03-15,,,0
Day,2024-03-16,,,0
Day,2024-03-17,,,0
Day,2024-03-18,,,0
Day,2024-03-19,,,0
Day,2024-03-20,,,0
Day,2024-03-21,,,0
Day,2024-03-22,,,0
Day,2024-03-23,,,0
Day,2024-03-24,,,0
Day,2024-03-25,,,0
Day,2024-03-26,,,0
Day,2024-03-27,,,0
Day,2024-03-28,,,0
Day,2024-03-29,,,0
Day,2024-03-30,,,0
Day,2024-03-31,,,0
Day,2024-04-01,,,0
Day,2024-04-02,,,0
Day,2024-04-03,,,0
Day,2024-04-04,,,0
Day,2024-04-05,,,0
Day,2024-04-06,,,0
Day,2024-04-07,,,0
Day,2024-04-08,,,0
Day,2024-04-09,,,0
Day,2024-04-10,,,0
Day,2024-04-11,,,0
Day,2024-04-12,,,0
Day,2024-04-13,,,0
Day,2024-04-14,,,0
Day,2024-04-15,,,0
Day,2024-04-16,,,0
Day,2024-04-17,,,0
Day,2024-04-18,,,0
Day,2024-04-19,,,0
Day,2024-04-20,,,0
Day,2024-04-21,,,0
Day,2024-04-22,,,0
Day,2024-04-23,,,0
Day,2024-04-24,,,0
Day,2024-04-25,,,0
Day,2024-04-26,,,0
Day,2024-04-27,,,0
Day,2024-04-28,,,0
Day,2024-04-29,,,0
Day,2024-04-30,,,0
Day,2024-05-01,,,0
Day,2024-05-02,,,0
Day,2024-05-03,,,0
Day,2024-05-04,,,0
Day,2024-05-05,,,0
Day,2024-05-06,,,0
Day,2024-05-07,,,0
Day,2024-05-08,,,0
Day,2024-05-09,,,0
Day,2024-05-10,,,0
Day,2024-05-11,,,0
Day,2024-05-12,,,0
Day,2024-05-13,,,0
Day,2024-05-14,,,0
Day,2024-05-15,,,0
Day,2024-05-16,,,0
Day,2024-05-17,,,0
Day,2024-05-18,,,0
Day,2024-05-19,,,0
Day,2024-05-20,,,0
Day,2024-05-21,,,0
Day,2024-05-22,,,0
Day,2024-05-23,,,0
Day,2024-05-24,,,0
Day,2024-05-25,,,0
Day,2024-05-26,,,0
Day,2024-05-27,,,0
Day,2024-05-28,,,0
Day,2024-05-29,,,0
Day,2024-05-30,,,0
Day,2024-05-31,,,0
Day,2024-06-01,,,0
Day,2024-06-02,,,0
Day,2024-06-03,,,0
Day,2024-06-04,,,0
Day,2024-06-05,,,0
Day,2024-06-06,,,0
Day,2024-06-07,,,0
Day,2024-06-08,,,0
Day,2024-06-09,,,0
Day,2024-06-10,,,0
Day,2024-06-11,,,0
Day,2024-06-12,,,0
Day,2024-06-13,,,0
Day,2024-06-14,,,0
Day,2024-06-15,,,0
Day,2024-06-16,,,0
Day,2024-06-17,,,0
Day,2024-06-18,,,0
Day,2024-06-19,,,0
Day,2024-06-20,,,0
Day,2024-06-21,,,0
Day,2024-06-22,,,0
Day,2024-06-23,,,0
Day,2024-06-24,,,0
Day,2024-06-25,,,0
Day,2024-06-26,,,0
Day,2024-06-27,,,0
Day,2024-06-28,,,0
Day,2024-06-29,,,0
Day,2024-06-30,,,0
Day,2024-07-01,,,0
Day,2024-07-02,,,0
Day,2024-07-03,,,0
Day,2024-07-04,,,0
Day,2024-07-05,,,0
Day,2024-07-06,,,0
Day,2024-07-07,,,0
Day,2024-07-08,,,0
Day,2024-07-09,,,0
Day,2024-07-10,,,0
Day,2024-07-11,,,0
Day,2024-07-12,,,0
Day,2024-07-13,,,0
Day,2024-07-14,,,0
Day,2024-07-15,,,0
Day,2024-07-16,,,0
Day,2024-07-17,,,0
Day,2024-07-18,,,0
Day,2024-07-19,,,0
Day,2024-07-20,,,0
Day,2024-07-21,,,0
Day,2024-07-22,,,0
Day,2024-07-23,,,0
Day,2024-07-24,,,0
Day,2024-07-25,,,0
Day,2024-07-26,,,0
Day,2024-07-27,,,0
Day,2024-07-28,,,0
Day,2024-07-29,,,0
Day,2024-07-30,,,0
Day,2024-07-31,,,0
Day,2024-08-01,,,0
Day,2024-08-02,,,0
Day,2024-08-03,,,0
Day,2024-08-04,,,0
Day,2024-08-05,,,0
Day,2024-08-06,,,0
Day,2024-08-07,,,0
Day,2024-08-08,,,0
Day,2024-08-09,,,0
Day,2024-08-10,,,0
Day,2024-08-11,,,0
Day,2024-08-12,,,0
Day,2024-08-13,,,0
Day,2024-08-14,,,0
Day,2024-08-15,,,0
Day,2024-08-16,,,0
Day,2024-08-17,,,0
Day,2024-08-18,,,0
Day,2024-08-19,,,0
Day,2024-08-20,,,0
Day,2024-08-21,,,0
Day,2024-08-22,,,0
Day,2024-08-23,,,0
Day,2024-08-24,,,0
Day,2024-08-25,,,0
Day,2024-08-26,,,0
Day,2024-08-27,,,0
Day,2024-08-28,,,0
Day,2024-08-29,,,0
Day,2024-08-30,,,0
Day,2024-08-31,,,0
Day,2024-09-01,,,0
Day,2024-09-02,,,0
Day,2024-09-03,,,0
Day,2024-09-04,,,0
Day,2024-09-05,,,0
Day,2024-09-06,,,0
Day,2024-09-07,,,0
Day,2024-09-08,,,0
Day,2024-09-09,,,0
Day,2024-09-10,,,0
Day,2024-09-11,,,0
Day,2024-09-12,,,0
Day,2024-09-13,,,0
Day,2024-09-14,,,0
Day,2024-09-15,,,0
Day,2024-09-16,,,0
Day,2024-09-17,,,0
Day,2024-09-18,,,0
Day,2024-09-19,,,0
Day,2024-09-20,,,0
Day,2024-09-21,,,0
Day,2024-09-22,,,0
Day,2024-09-23,,,0
Day,2024-09-24,,,0
Day,2024-09-25,,,0
Day,2024-09-26,,,0
Day,2024-09-27,,,0
Day,2024-09-28,,,0
Day,2024-09-29,,,0
Day,2024-09-30,,,0
Day,2024-10-01,,,0
Day,2024-10-02,,,0
Day,2024-10-03,,,0
Day,2024-10-04,,,0
Day,2024-10-05,,,0
Day,2024-10-06,,,0
Day,2024-10-07,,,0
Day,2024-10-08,,,0
Day,2024-10-09,,,0
Day,2024-10-10,,,0
Day,2024-10-11,,,0
Day,2024-10-12,,,0
Day,2024-10-13,,,0
Day,2024-10-14,,,0
Day,2024-10-15,,,0
Day,2024-10-16,,,0
Day,2024-10-17,,,0
Day,2024-10-18,,,0
Day,2024-10-19,,,0
Day,2024-10-20,,,0
Day,2024-10-21,,,0
Day,2024-10-22,,,0
Day,2024-10-23,,,0
Day,2024-10-24,,,0
Day,2024-10-25,,,0
Day,2024-10-26,,,0
Day,2024-10-27,,,0
Day,2024-10-28,,,0
Day,2024-10-29,,,0
Day,2024-10-30,,,0
Day,2024-10-31,,,0
Day,2024-11-01,,,0
Day,2024-11-02,,,0
Day,2024-11-03,,,0
Day,2024-11-04,,,0
Day,2024-11-05,,,0
Day,2024-11-06,,,0
Day,2024-11-07,,,0
Day,2024-11-08,,,0
Day,2024-11-09,,,0
Day,2024-11-10,,,0
Day,2024-11-11,,,0
Day,2024-11-12,,,0
Day,2024-11-13,,,0
Day,2024-11-14,,,0
Day,2024-11-15,,,0
Day,2024-11-16,,,0
Day,2024-11-17,,,0
Day,2024-11-18,,,0
Day,2024-11-19,,,0
Day,2024-11-20,,,0
Day,2024-11-21,,,0
Day,2024-11-22,,,0
Day,2024-11-23,,,0
Day,2024-11-24,,,0
Day,2024-11-25,,,0
Day,2024-11-26,,,0
Day,2024-11-27,,,0
Day,2024-11-28,,,0
Day,2024-11-29,,,0
Day,2024-11-30,,,0
Day,2024-12-01,,,0
Day,2024-12-02,,,0
Day,2024-12-03,,,0
Day,2024-12-04,,,0
Day,2024-12-05,,,0
Day,2024-12-06,,,0
Day,2024-12-07,,,0
Day,2024-12-08,,,0
Day,2024-12-09,,,0
Day,2024-12-10,,,0
Day,2024-12-11,,,0
Day,2024-12-12,,,0
Day,2024-12-13,,,0
Day,2024-12-14,,,0
Day,2024-12-15,,,0
Day,2024-12-16,,,0
Day,2024-12-17,,,0
Day,2024-12-18,,,0
Day,2024-12-19,,,0
Day,2024-12-20,,,0
Day,2024-12-21,,,0
Day,2024-12-22,,,0
Day,2024-12-23,,,0
Day,2024-12-24,,,0
Day,2024-12-25,,,0
Day,2024-12-26,,,0
Day,2024-12-27,,,0
Day,2024-12-28,,,0
Day,2024-12-29,,,0
Day,2024-12-30,,,0
Day,2024-12-31,,,0
Month,2015-01-01,,,0
Month,2015-02-01,,,0
Month,2015-03-01,,,0
Month,2015-04-01,,,0
Month,2015-05-01,,,0
Month,2015-06-01,,,0
Month,2015-07-01,,,0
Month,2015-08-01,,,0
Month,2015-09-01,,,0
Month,2015-10-01,,,0
Month,2015-11-01,,,0
Month,2015-12-01,,,0
Month,2016-01-01,,,0
Month,2016-02-01,,,0
Month,2016-03-01,,,0
Month,2016-04-01,,,0
Month,2016-05-01,,,0
Month,2016-06-01,,,0
Month,2016-07-01,,,0
Month,2016-08-01,,,0
Month,2016-09-01,,,0
Month,2016-10-01,,,0
Month,2016-11-01,,,0
Month,2016-12-01,,,0
Month,2017-01-01,,,0
Month,2017-02-01,,,0
Month,2017-03-01,,,0
Month,2017-04-01,,,0
Month,2017-05-01,,,0
Month,2017-06-01,,,0
Month,2017-07-01,,,0
Month,2017-08-01,,,0
Month,2017-09-01,,,0
Month,2017-10-01,,,0
Month,2017-11-01,,,0
Month,2017-12-01,,,0
Month,2018-01-01,,,0
Month,2018-02-01,,,0
Month,2018-03-01,,,0
Month,2018-04-01,,,0
Month,2018-05-01,,,0
Month,2018-06-01,,,0
Month,2018-07-01,,,0
Month,2018-08-01,,,0
Month,2018-09-01,,,0
Month,2018-10-01,,,0
Month,2018-11-01,,,0
Month,2018-12-01,,,0
Month,2019-01-01,,,0
Month,2019-02-01,,,0
Month,2019-03-01,,,0
Month,2019-04-01,,,0
Month,2019-05-01,,,0
Month,2019-06-01,,,0
Month,2019-07-01,,,0
Month,2019-08-01,,,0
Month,2019-09-01,,,0
Month,2019-10-01,,,0
Month,2019-11-01,,,0
Month,2019-12-01,,,0
Month,2020-01-01,,,0
Month,2020-02-01,,,0
Month,2020-03-01,,,0
Month,2020-04-01,,,0
Month,2020-05-01,,,0
Month,2020-06-01,,,0
Month,2020-07-01,,,0
Month,2020-08-01,,,0
Month,2020-09-01,,,0
Month,2020-10-01,,,0
Month,2020-11-01,,,0
Month,2020-12-01,,,0
Month,2021-01-01,,,0
Month,2021-02-01,,,0
Month,2021-03-01,,,0
Month,2021-04-01,,,0
Month,2021-05-01,,,0
Month,2021-06-01,,,0
Month,2021-07-01,,,0
Month,2021-08-01,,,0
Month,2021-09-01,,,0
Month,2021-10-01,,,0
Month,2021-11-01,,,0
Month,2021-12-01,,,0
Month,2022-01-01,,,0
Month,2022-03-01,,,0
Month,2022-04-01,,,0
Month,2022-09-01,,,0
Month,2022-10-01,,,0
Month,2022-11-01,,,0
Month,2022-12-01,,,0
Month,2023-01-01,,,0
Month,2023-02-01,,,0
Month,2023-03-01,,,0
Month,2023-04-01,,,0
Month,2023-05-01,,,0
Month,2023-06-01,,,0
Month,2023-07-01,,,0
Month,2023-08-01,,,0
Month,2023-09-01,,,0
Month,2023-10-01,,,0
Month,2023-11-01,,,0
Month,2023-12-01,,,0
Month,2024-01-01,,,0
Month,2024-02-01,,,0
Month,2024-03-01,,,0
Month,2024-04-01,,,0
Month,2024-05-01,,,0
Month,2024-06-01,,,0
Month,2024-07-01,,,0
Month,2024-08-01,,,0
Month,2024-09-01,,,0
Month,2024-10-01,,,0
Month,2024-11-01,,,0
Month,2024-12-01,,,0
Year,2015-01-01,,,0
Year,2016-01-01,,,0
Year,2017-01-01,,,0
Year,2018-01-01,,,0
Year,2019-01-01,,,0
Year,2020-01-01,,,0
Year,2021-01-01,,,0
Year,2023-01-01,,,0
Year,2024-01-01,,,0
Day,2022-05-26,71,2,12.98
Day,2022-05-27,231,2,12.98
Day,2022-05-28,442,2,12.98
Day,2022-05-28,469,2,12.98
Day,2022-05-29,387,2,12.98
Day,2022-05-29,435,2,12.98
Day,2022-05-31,541,2,12.98
Day,2022-06-15,330,2,12.98
Day,2022-06-15,544,2,12.98
Day,2022-06-16,371,2,12.98
Day,2022-06-16,454,2,12.98
Day,2022-06-17,75,2,12.98
Day,2022-06-17,204,2,12.98
Day,2022-06-17,305,2,12.98
Day,2022-06-17,456,2,12.98
Day,2022-06-17,570,2,12.98
Day,2022-06-18,77,2,12.98
Day,2022-06-18,308,2,12.98
Day,2022-06-19,313,2,12.98
Day,2022-07-05,520,2,12.98
Day,2022-07-06,126,2,12.98
Day,2022-07-06,207,2,12.98
Day,2022-07-06,231,2,12.98
Day,2022-07-06,309,2,12.98
Day,2022-07-06,355,2,12.98
Day,2022-07-06,448,2,12.98
Day,2022-07-06,475,2,12.98
Day,2022-07-06,574,2,12.98
Day,2022-07-07,80,2,12.98
Day,2022-07-07,417,2,12.98
Day,2022-07-07,488,2,12.98
Day,2022-07-07,559,2,12.98
Day,2022-07-08,172,2,12.98
Day,2022-07-08,579,2,12.98
Day,2022-07-09,59,2,12.98
Day,2022-07-09,222,2,12.98
Day,2022-07-09,265,2,12.98
Day,2022-07-09,279,2,12.98
Day,2022-07-09,400,2,12.98
Day,2022-07-10,222,2,12.98
Day,2022-07-10,391,2,12.98
Day,2022-07-10,573,2,12.98
Day,2022-07-10,591,2,12.98
Day,2022-07-11,80,2,12.98
Day,2022-07-11,84,2,12.98
Day,2022-07-11,177,2,12.98
Day,2022-07-11,450,2,12.98
Day,2022-07-11,526,2,12.98
Day,2022-07-12,49,2,12.98
Day,2022-07-12,63,2,12.98
Day,2022-07-12,73,2,12.98
Day,2022-07-12,103,2,12.98
Day,2022-07-12,115,2,12.98
Day,2022-07-12,265,2,12.98
Day,2022-07-12,387,2,12.98
Day,2022-07-12,493,2,12.98
Day,2022-07-12,599,2,12.98
Day,2022-07-27,32,2,12.98
Day,2022-07-27,51,2,12.98
Day,2022-07-27,70,2,12.98
Day,2022-07-27,107,2,12.98
Day,2022-07-27,360,2,12.98
Day,2022-07-27,494,2,12.98
Day,2022-07-28,220,2,12.98
Day,2022-07-28,225,2,12.98
Day,2022-07-28,259,2,12.98
Day,2022-07-28,299,2,12.98
Day,2022-07-28,329,2,12.98
Day,2022-07-28,377,2,12.98
Day,2022-07-28,483,2,12.98
Day,2022-07-29,80,2,12.98
Day,2022-07-29,174,2,12.98
Day,2022-07-29,203,2,12.98
Day,2022-07-29,315,2,12.98
Day,2022-07-29,341,2,12.98
Day,2022-07-29,468,2,12.98
Day,2022-07-30,178,2,12.98
Day,2022-07-30,235,2,12.98
Day,2022-07-31,159,2,12.98
Day,2022-07-31,170,2,12.98
Day,2022-07-31,271,2,12.98
Day,2022-07-31,539,2,12.98
Day,2022-08-01,20,2,12.98
Day,2022-08-01,27,2,12.98
Day,2022-08-01,50,2,12.98
Day,2022-08-01,217,2,12.98
Day,2022-08-01,284,2,12.98
Day,2022-08-01,532,2,12.98
Day,2022-08-01,575,2,12.98
Day,2022-08-02,8,2,12.98
Day,2022-08-02,72,2,12.98
Day,2022-08-02,108,2,12.98
Day,2022-08-02,195,2,12.98
Day,2022-08-02,375,2,12.98
Day,2022-08-02,416,2,12.98
Day,2022-08-02,496,2,12.98
Day,2022-08-02,580,2,12.98
Day,2022-08-17,558,2,12.98
Day,2022-08-18,16,2,12.98
Day,2022-08-18,19,2,12.98
Day,2022-08-18,157,2,12.98
Day,2022-08-18,310,2,12.98
Day,2022-08-19,438,2,12.98
Day,2022-08-19,541,2,12.98
Day,2022-08-20,141,2,12.98
Day,2022-08-20,166,2,12.98
Day,2022-08-20,300,2,12.98
Day,2022-08-20,392,2,12.98
Day,2022-08-20,453,2,12.98
Day,2022-08-20,496,2,12.98
Day,2022-08-20,529,2,12.98
Day,2022-08-20,572,2,12.98
Day,2022-08-21,6,2,12.98
Day,2022-08-21,58,2,12.98
Day,2022-08-21,274,2,12.98
Day,2022-08-21,533,2,12.98
Day,2022-08-22,128,2,12.98
Day,2022-08-22,301,2,12.98
Day,2022-08-22,535,2,12.98
Day,2022-08-23,126,2,12.98
Day,2022-08-23,206,2,12.98
Day,2022-08-23,211,2,12.98
Day,2022-08-23,321,2,12.98
Day,2022-08-23,349,2,12.98
Month,2022-05-01,67,2,12.98
Month,2022-05-01,71,2,12.98
Month,2022-05-01,146,2,12.98
Month,2022-05-01,194,2,12.98
Month,2022-05-01,248,2,12.98
Month,2022-05-01,435,2,12.98
Month,2022-05-01,541,2,12.98
Month,2022-05-01,546,2,12.98
Month,2022-06-01,9,2,12.98
Month,2022-06-01,41,2,12.98
Month,2022-06-01,65,2,12.98
Month,2022-06-01,179,2,12.98
Month,2022-06-01,569,2,12.98
Day,2022-02-14,53,2,7.98
Day,2022-02-14,155,2,7.98
Day,2022-02-14,163,2,7.98
Day,2022-02-14,267,2,7.98
Day,2022-02-14,354,2,7.98
Day,2022-05-25,18,2,7.98
Day,2022-05-25,131,2,7.98
Day,2022-05-26,274,2,7.98
Day,2022-05-27,46,2,7.98
Day,2022-05-28,173,2,7.98
Day,2022-05-28,198,2,7.98
Day,2022-05-28,253,2,7.98
Day,2022-05-29,134,2,7.98
Day,2022-05-29,575,2,7.98
Day,2022-05-30,296,2,7.98
Day,2022-05-31,191,2,7.98
Day,2022-05-31,272,2,7.98
Day,2022-05-31,438,2,7.98
Day,2022-05-31,506,2,7.98
Day,2022-05-31,594,2,7.98
Day,2022-06-15,25,2,7.98
Day,2022-06-15,62,2,7.98
Day,2022-06-15,94,2,7.98
Day,2022-06-15,108,2,7.98
Day,2022-06-15,186,2,7.98
Day,2022-06-15,202,2,7.98
Day,2022-06-15,205,2,7.98
Day,2022-06-15,268,2,7.98
Day,2022-06-15,471,2,7.98
Day,2022-06-15,491,2,7.98
Day,2022-06-15,499,2,7.98
Day,2022-06-15,540,2,7.98
Day,2022-06-16,49,2,7.98
Day,2022-06-16,54,2,7.98
Day,2022-06-16,140,2,7.98
Day,2022-06-16,534,2,7.98
Day,2022-06-17,24,2,7.98
Day,2022-06-17,32,2,7.98
Day,2022-06-17,66,2,7.98
Day,2022-06-17,86,2,7.98
Day,2022-06-17,120,2,7.98
Day,2022-06-17,191,2,7.98
Day,2022-06-17,197,2,7.98
Day,2022-06-17,278,2,7.98
Day,2022-06-17,447,2,7.98
Day,2022-06-17,528,2,7.98
Day,2022-06-18,87,2,7.98
Day,2022-06-18,160,2,7.98
Day,2022-06-18,183,2,7.98
Day,2022-06-18,239,2,7.98
Day,2022-06-18,289,2,7.98
Day,2022-06-18,356,2,7.98
Day,2022-06-18,380,2,7.98
Day,2022-06-18,381,2,7.98
Day,2022-06-18,393,2,7.98
Day,2022-06-18,498,2,7.98
Day,2022-06-18,587,2,7.98
Day,2022-06-19,66,2,7.98
Day,2022-06-19,81,2,7.98
Day,2022-06-19,94,2,7.98
Day,2022-06-19,197,2,7.98
Day,2022-06-19,265,2,7.98
Day,2022-06-19,336,2,7.98
Day,2022-06-20,40,2,7.98
Day,2022-06-20,79,2,7.98
Day,2022-06-20,144,2,7.98
Day,2022-06-20,154,2,7.98
Day,2022-06-20,163,2,7.98
Day,2022-06-20,336,2,7.98
Day,2022-06-20,543,2,7.98
Day,2022-06-21,226,2,7.98
Day,2022-06-21,236,2,7.98
Day,2022-06-21,282,2,7.98
Day,2022-06-21,395,2,7.98
Day,2022-06-21,454,2,7.98
Day,2022-06-21,463,2,7.98
Day,2022-06-21,466,2,7.98
Day,2022-06-21,591,2,7.98
Day,2022-07-06,46,2,7.98
Day,2022-07-06,53,2,7.98
Day,2022-07-06,66,2,7.98
Day,2022-07-06,122,2,7.98
Day,2022-07-06,179,2,7.98
Day,2022-07-06,263,2,7.98
Day,2022-07-06,318,2,7.98
Day,2022-07-06,366,2,7.98
Day,2022-07-06,373,2,7.98
Day,2022-07-06,380,2,7.98
Day,2022-07-06,442,2,7.98
Day,2022-07-06,479,2,7.98
Day,2022-07-06,507,2,7.98
Day,2022-07-06,510,2,7.98
Day,2022-07-06,526,2,7.98
Day,2022-07-06,549,2,7.98
Day,2022-07-06,594,2,7.98
Day,2022-07-07,29,2,7.98
Day,2022-07-07,59,2,7.98
Day,2022-07-07,99,2,7.98
Day,2022-07-07,106,2,7.98
Day,2022-07-07,154,2,7.98
Day,2022-07-07,161,2,7.98
Day,2022-07-07,227,2,7.98
Day,2022-07-07,282,2,7.98
Day,2022-07-07,426,2,7.98
Day,2022-07-07,433,2,7.98
Day,2022-07-07,438,2,7.98
Day,2022-07-08,11,2,7.98
Day,2022-07-08,41,2,7.98
Day,2022-07-08,214,2,7.98
Day,2022-07-08,246,2,7.98
Day,2022-07-08,269,2,7.98
Day,2022-07-08,281,2,7.98
Day,2022-07-08,286,2,7.98
Day,2022-07-08,306,2,7.98
Day,2022-07-08,307,2,7.98
Day,2022-07-08,380,2,7.98
Day,2022-07-08,439,2,7.98
Day,2022-07-08,453,2,7.98
Day,2022-07-09,83,2,7.98
Day,2022-07-09,112,2,7.98
Day,2022-07-09,197,2,7.98
Day,2022-07-09,228,2,7.98
Day,2022-07-09,425,2,7.98
Day,2022-07-09,446,2,7.98
Day,2022-07-09,454,2,7.98
Day,2022-07-09,494,2,7.98
Day,2022-07-09,521,2,7.98
Day,2022-07-09,541,2,7.98
Day,2022-07-09,542,2,7.98
Day,2022-07-09,588,2,7.98
Day,2022-07-10,17,2,7.98
Day,2022-07-10,43,2,7.98
Day,2022-07-10,105,2,7.98
Day,2022-07-10,114,2,7.98
Day,2022-07-10,158,2,7.98
Day,2022-07-10,236,2,7.98
Day,2022-07-10,325,2,7.98
Day,2022-07-10,331,2,7.98
Day,2022-07-10,362,2,7.98
Day,2022-07-10,367,2,7.98
Day,2022-07-10,515,2,7.98
Day,2022-07-10,521,2,7.98
Day,2022-07-11,91,2,7.98
Day,2022-07-11,92,2,7.98
Day,2022-07-11,125,2,7.98
Day,2022-07-11,128,2,7.98
Day,2022-07-11,137,2,7.98
Day,2022-07-11,204,2,7.98
Day,2022-07-11,219,2,7.98
Day,2022-07-11,230,2,7.98
Day,2022-07-11,235,2,7.98
Day,2022-07-11,307,2,7.98
Day,2022-07-11,324,2,7.98
Day,2022-07-11,338,2,7.98
Day,2022-07-11,339,2,7.98
Day,2022-07-11,346,2,7.98
Day,2022-07-11,381,2,7.98
Day,2022-07-11,403,2,7.98
Day,2022-07-11,500,2,7.98
Day,2022-07-11,537,2,7.98
Day,2022-07-12,25,2,7.98
Day,2022-07-12,126,2,7.98
Day,2022-07-12,135,2,7.98
Day,2022-07-12,139,2,7.98
Day,2022-07-12,147,2,7.98
Day,2022-07-12,199,2,7.98
Day,2022-07-12,229,2,7.98
Day,2022-07-12,291,2,7.98
Day,2022-07-12,396,2,7.98
Day,2022-07-12,441,2,7.98
Day,2022-07-12,442,2,7.98
Day,2022-07-12,540,2,7.98
Day,2022-07-12,553,2,7.98
Day,2022-07-12,587,2,7.98
Day,2022-07-27,44,2,7.98
Day,2022-07-27,75,2,7.98
Day,2022-07-27,103,2,7.98
Day,2022-07-27,169,2,7.98
Day,2022-07-27,275,2,7.98
Day,2022-07-27,302,2,7.98
Day,2022-07-27,303,2,7.98
Day,2022-07-27,314,2,7.98
Day,2022-07-27,333,2,7.98
Day,2022-07-27,419,2,7.98
Day,2022-07-27,473,2,7.98
Day,2022-07-27,484,2,7.98
Day,2022-07-27,532,2,7.98
Day,2022-07-27,584,2,7.98
Day,2022-07-27,598,2,7.98
Day,2022-07-28,11,2,7.98
Day,2022-07-28,14,2,7.98
Day,2022-07-28,21,2,7.98
Day,2022-07-28,71,2,7.98
Day,2022-07-28,84,2,7.98
Day,2022-07-28,167,2,7.98
Day,2022-07-28,189,2,7.98
Day,2022-07-28,203,2,7.98
Day,2022-07-28,212,2,7.98
Day,2022-07-28,249,2,7.98
Day,2022-07-28,292,2,7.98
Day,2022-07-28,326,2,7.98
Day,2022-07-28,361,2,7.98
Day,2022-07-28,363,2,7.98
Day,2022-07-28,498,2,7.98
Day,2022-07-28,522,2,7.98
Day,2022-07-29,65,2,7.98
Day,2022-07-29,129,2,7.98
Day,2022-07-29,142,2,7.98
Day,2022-07-29,213,2,7.98
Day,2022-07-29,235,2,7.98
Day,2022-07-29,293,2,7.98
Day,2022-07-29,317,2,7.98
Day,2022-07-29,347,2,7.98
Day,2022-07-29,386,2,7.98
Day,2022-07-29,409,2,7.98
Day,2022-07-29,457,2,7.98
Day,2022-07-29,493,2,7.98
Day,2022-07-29,535,2,7.98
Day,2022-07-29,543,2,7.98
Day,2022-07-30,36,2,7.98
Day,2022-07-30,91,2,7.98
Day,2022-07-30,157,2,7.98
Day,2022-07-30,173,2,7.98
Day,2022-07-30,243,2,7.98
Day,2022-07-30,278,2,7.98
Day,2022-07-30,283,2,7.98
Day,2022-07-30,317,2,7.98
Day,2022-07-30,332,2,7.98
Day,2022-07-30,345,2,7.98
Day,2022-07-30,365,2,7.98
Day,2022-07-30,380,2,7.98
Day,2022-07-30,408,2,7.98
Day,2022-07-30,439,2,7.98
Day,2022-07-30,440,2,7.98
Day,2022-07-30,511,2,7.98
Day,2022-07-30,588,2,7.98
Day,2022-07-31,3,2,7.98
Day,2022-07-31,38,2,7.98
Day,2022-07-31,85,2,7.98
Day,2022-07-31,102,2,7.98
Day,2022-07-31,120,2,7.98
Day,2022-07-31,125,2,7.98
Day,2022-07-31,141,2,7.98
Day,2022-07-31,157,2,7.98
Day,2022-07-31,198,2,7.98
Day,2022-07-31,204,2,7.98
Day,2022-07-31,218,2,7.98
Day,2022-07-31,236,2,7.98
Day,2022-07-31,253,2,7.98
Day,2022-07-31,267,2,7.98
Day,2022-07-31,292,2,7.98
Day,2022-07-31,304,2,7.98
Day,2022-07-31,306,2,7.98
Day,2022-07-31,325,2,7.98
Day,2022-07-31,333,2,7.98
Day,2022-07-31,381,2,7.98
Day,2022-07-31,385,2,7.98
Day,2022-07-31,400,2,7.98
Day,2022-07-31,402,2,7.98
Day,2022-07-31,432,2,7.98
Day,2022-07-31,468,2,7.98
Day,2022-07-31,470,2,7.98
Day,2022-07-31,491,2,7.98
Day,2022-07-31,540,2,7.98
Day,2022-07-31,545,2,7.98
Day,2022-07-31,568,2,7.98
Day,2022-08-01,33,2,7.98
Day,2022-08-01,51,2,7.98
Day,2022-08-01,56,2,7.98
Day,2022-08-01,115,2,7.98
Day,2022-08-01,117,2,7.98
Day,2022-08-01,151,2,7.98
Day,2022-08-01,234,2,7.98
Day,2022-08-01,287,2,7.98
Day,2022-08-01,376,2,7.98
Day,2022-08-01,410,2,7.98
Day,2022-08-01,424,2,7.98
Day,2022-08-01,428,2,7.98
Day,2022-08-01,442,2,7.98
Day,2022-08-01,472,2,7.98
Day,2022-08-01,482,2,7.98
Day,2022-08-01,506,2,7.98
Day,2022-08-01,587,2,7.98
Day,2022-08-02,36,2,7.98
Day,2022-08-02,92,2,7.98
Day,2022-08-02,214,2,7.98
Day,2022-08-02,298,2,7.98
Day,2022-08-02,391,2,7.98
Day,2022-08-02,421,2,7.98
Day,2022-08-02,444,2,7.98
Day,2022-08-02,587,2,7.98
Day,2022-08-17,70,2,7.98
Day,2022-08-17,144,2,7.98
Day,2022-08-17,149,2,7.98
Day,2022-08-17,152,2,7.98
Day,2022-08-17,208,2,7.98
Day,2022-08-17,217,2,7.98
Day,2022-08-17,220,2,7.98
Day,2022-08-17,254,2,7.98
Day,2022-08-17,294,2,7.98
Day,2022-08-17,306,2,7.98
Day,2022-08-17,308,2,7.98
Day,2022-08-17,327,2,7.98
Day,2022-08-17,342,2,7.98
Day,2022-08-17,356,2,7.98
Day,2022-08-17,387,2,7.98
Day,2022-08-17,422,2,7.98
Day,2022-08-17,426,2,7.98
Day,2022-08-17,455,2,7.98
Day,2022-08-17,485,2,7.98
Day,2022-08-17,526,2,7.98
Day,2022-08-17,545,2,7.98
Day,2022-08-17,549,2,7.98
Day,2022-08-17,569,2,7.98
Day,2022-08-18,42,2,7.98
Day,2022-08-18,74,2,7.98
Day,2022-08-18,101,2,7.98
Day,2022-08-18,114,2,7.98
Day,2022-08-18,235,2,7.98
Day,2022-08-18,275,2,7.98
Day,2022-08-18,330,2,7.98
Day,2022-08-18,333,2,7.98
Day,2022-08-18,342,2,7.98
Day,2022-08-18,366,2,7.98
Day,2022-08-18,368,2,7.98
Day,2022-08-18,381,2,7.98
Day,2022-08-18,392,2,7.98
Day,2022-08-18,408,2,7.98
Day,2022-08-18,436,2,7.98
Day,2022-08-18,451,2,7.98
Day,2022-08-18,503,2,7.98
Day,2022-08-18,533,2,7.98
Day,2022-08-18,549,2,7.98
Day,2022-08-18,573,2,7.98
Day,2022-08-18,588,2,7.98
Day,2022-08-19,224,2,7.98
Day,2022-08-19,228,2,7.98
Day,2022-08-19,240,2,7.98
Day,2022-08-19,241,2,7.98
Day,2022-08-19,401,2,7.98
Day,2022-08-19,497,2,7.98
Day,2022-08-19,575,2,7.98
Day,2022-08-20,5,2,7.98
Day,2022-08-20,58,2,7.98
Day,2022-08-20,59,2,7.98
Day,2022-08-20,86,2,7.98
Day,2022-08-20,116,2,7.98
Day,2022-08-20,183,2,7.98
Day,2022-08-20,202,2,7.98
Day,2022-08-20,231,2,7.98
Day,2022-08-20,289,2,7.98
Day,2022-08-20,407,2,7.98
Day,2022-08-20,414,2,7.98
Day,2022-08-20,458,2,7.98
Day,2022-08-20,469,2,7.98
Day,2022-08-20,524,2,7.98
Day,2022-08-21,35,2,7.98
Day,2022-08-21,43,2,7.98
Day,2022-08-21,65,2,7.98
Day,2022-08-21,216,2,7.98
Day,2022-08-21,231,2,7.98
Day,2022-08-21,313,2,7.98
Day,2022-08-21,328,2,7.98
Day,2022-08-21,359,2,7.98
Day,2022-08-21,455,2,7.98
Day,2022-08-21,548,2,7.98
Day,2022-08-22,14,2,7.98
Day,2022-08-22,46,2,7.98
Day,2022-08-22,67,2,7.98
Day,2022-08-22,84,2,7.98
Day,2022-08-22,106,2,7.98
Day,2022-08-22,111,2,7.98
Day,2022-08-22,115,2,7.98
Day,2022-08-22,138,2,7.98
Day,2022-08-22,154,2,7.98
Day,2022-08-22,160,2,7.98
Day,2022-08-22,180,2,7.98
Day,2022-08-22,216,2,7.98
Day,2022-08-22,267,2,7.98
Day,2022-08-22,280,2,7.98
Day,2022-08-22,292,2,7.98
Day,2022-08-22,308,2,7.98
Day,2022-08-22,317,2,7.98
Day,2022-08-22,328,2,7.98
Day,2022-08-22,333,2,7.98
Day,2022-08-22,338,2,7.98
Day,2022-08-22,359,2,7.98
Day,2022-08-22,376,2,7.98
Day,2022-08-22,418,2,7.98
Day,2022-08-22,473,2,7.98
Day,2022-08-22,521,2,7.98
Day,2022-08-22,526,2,7.98
Day,2022-08-23,8,2,7.98
Day,2022-08-23,30,2,7.98
Day,2022-08-23,59,2,7.98
Day,2022-08-23,62,2,7.98
Day,2022-08-23,86,2,7.98
Day,2022-08-23,87,2,7.98
Day,2022-08-23,148,2,7.98
Day,2022-08-23,149,2,7.98
Day,2022-08-23,189,2,7.98
Day,2022-08-23,212,2,7.98
Day,2022-08-23,229,2,7.98
Day,2022-08-23,251,2,7.98
Day,2022-08-23,297,2,7.98
Day,2022-08-23,308,2,7.98
Day,2022-08-23,484,2,7.98
Day,2022-08-23,502,2,7.98
Month,2022-02-01,53,2,7.98
Month,2022-02-01,155,2,7.98
Month,2022-02-01,163,2,7.98
Month,2022-02-01,267,2,7.98
Month,2022-02-01,354,2,7.98
Month,2022-05-01,73,2,7.98
Month,2022-05-01,87,2,7.98
Month,2022-05-01,94,2,7.98
Month,2022-05-01,173,2,7.98
Month,2022-05-01,190,2,7.98
Month,2022-05-01,191,2,7.98
Month,2022-05-01,238,2,7.98
Month,2022-05-01,309,2,7.98
Month,2022-05-01,343,2,7.98
Month,2022-05-01,385,2,7.98
Month,2022-05-01,405,2,7.98
Month,2022-05-01,430,2,7.98
Month,2022-05-01,448,2,7.98
Month,2022-05-01,476,2,7.98
Month,2022-05-01,489,2,7.98
Month,2022-05-01,531,2,7.98
Month,2022-05-01,536,2,7.98
Month,2022-05-01,538,2,7.98
Month,2022-05-01,565,2,7.98
Month,2022-05-01,588,2,7.98
Month,2022-06-01,69,2,7.98
Month,2022-06-01,79,2,7.98
Month,2022-06-01,99,2,7.98
Month,2022-06-01,150,2,7.98
Month,2022-06-01,169,2,7.98
Month,2022-06-01,226,2,7.98
Month,2022-06-01,306,2,7.98
Month,2022-06-01,397,2,7.98
Month,2022-06-01,415,2,7.98
Month,2022-06-01,464,2,7.98
Month,2022-06-01,509,2,7.98
Month,2022-06-01,528,2,7.98
Month,2022-06-01,567,2,7.98
Month,2022-06-01,595,2,7.98
Month,2022-08-01,191,2,7.98
Day,2022-05-25,368,2,11.98
Day,2022-05-26,468,2,11.98
Day,2022-05-28,239,2,11.98
Day,2022-05-28,490,2,11.98
Day,2022-05-29,84,2,11.98
Day,2022-05-30,326,2,11.98
Day,2022-05-30,486,2,11.98
Day,2022-05-31,312,2,11.98
Day,2022-06-15,187,2,11.98
Day,2022-06-15,304,2,11.98
Day,2022-06-15,500,2,11.98
Day,2022-06-16,273,2,11.98
Day,2022-06-16,343,2,11.98
Day,2022-06-16,442,2,11.98
Day,2022-06-16,468,2,11.98
Day,2022-06-16,485,2,11.98
Day,2022-06-17,572,2,11.98
Day,2022-06-18,12,2,11.98
Day,2022-06-18,256,2,11.98
Day,2022-06-19,80,2,11.98
Day,2022-06-19,107,2,11.98
Day,2022-06-19,193,2,11.98
Day,2022-06-19,340,2,11.98
Day,2022-06-20,13,2,11.98
Day,2022-06-20,234,2,11.98
Day,2022-06-20,403,2,11.98
Day,2022-06-20,424,2,11.98
Day,2022-06-21,599,2,11.98
Day,2022-07-06,103,2,11.98
Day,2022-07-06,176,2,11.98
Day,2022-07-06,201,2,11.98
Day,2022-07-06,307,2,11.98
Day,2022-07-07,168,2,11.98
Day,2022-07-07,205,2,11.98
Day,2022-07-07,209,2,11.98
Day,2022-07-07,337,2,11.98
Day,2022-07-07,491,2,11.98
Day,2022-07-08,1,2,11.98
Day,2022-07-08,120,2,11.98
Day,2022-07-08,127,2,11.98
Day,2022-07-08,293,2,11.98
Day,2022-07-08,455,2,11.98
Day,2022-07-08,518,2,11.98
Day,2022-07-09,100,2,11.98
Day,2022-07-10,215,2,11.98
Day,2022-07-10,319,2,11.98
Day,2022-07-10,482,2,11.98
Day,2022-07-10,532,2,11.98
Day,2022-07-10,572,2,11.98
Day,2022-07-11,49,2,11.98
Day,2022-07-11,69,2,11.98
Day,2022-07-11,143,2,11.98
Day,2022-07-11,336,2,11.98
Day,2022-07-11,366,2,11.98
Day,2022-07-11,417,2,11.98
Day,2022-07-11,471,2,11.98
Day,2022-07-11,524,2,11.98
Day,2022-07-11,542,2,11.98
Day,2022-07-12,502,2,11.98
Day,2022-07-27,207,2,11.98
Day,2022-07-27,225,2,11.98
Day,2022-07-27,269,2,11.98
Day,2022-07-27,284,2,11.98
Day,2022-07-27,306,2,11.98
Day,2022-07-27,324,2,11.98
Day,2022-07-28,17,2,11.98
Day,2022-07-28,61,2,11.98
Day,2022-07-28,127,2,11.98
Day,2022-07-28,366,2,11.98
Day,2022-07-28,397,2,11.98
Day,2022-07-28,507,2,11.98
Day,2022-07-29,179,2,11.98
Day,2022-07-29,209,2,11.98
Day,2022-07-29,312,2,11.98
Day,2022-07-29,314,2,11.98
Day,2022-07-29,328,2,11.98
Day,2022-07-29,389,2,11.98
Day,2022-07-29,427,2,11.98
Day,2022-07-29,497,2,11.98
Day,2022-07-30,4,2,11.98
Day,2022-07-30,25,2,11.98
Day,2022-07-30,112,2,11.98
Day,2022-07-30,291,2,11.98
Day,2022-07-30,382,2,11.98
Day,2022-07-30,480,2,11.98
Day,2022-07-30,519,2,11.98
Day,2022-07-30,536,2,11.98
Day,2022-07-31,12,2,11.98
Day,2022-07-31,168,2,11.98
Day,2022-07-31,373,2,11.98
Day,2022-07-31,424,2,11.98
Day,2022-07-31,574,2,11.98
Day,2022-08-01,54,2,11.98
Day,2022-08-01,154,2,11.98
Day,2022-08-01,438,2,11.98
Day,2022-08-01,451,2,11.98
Day,2022-08-01,485,2,11.98
Day,2022-08-02,142,2,11.98
Day,2022-08-02,491,2,11.98
Day,2022-08-17,51,2,11.98
Day,2022-08-17,169,2,11.98
Day,2022-08-17,444,2,11.98
Day,2022-08-17,457,2,11.98
Day,2022-08-17,468,2,11.98
Day,2022-08-17,487,2,11.98
Day,2022-08-17,509,2,11.98
Day,2022-08-17,533,2,11.98
Day,2022-08-18,7,2,11.98
Day,2022-08-18,21,2,11.98
Day,2022-08-18,70,2,11.98
Day,2022-08-18,173,2,11.98
Day,2022-08-18,385,2,11.98
Day,2022-08-18,469,2,11.98
Day,2022-08-18,515,2,11.98
Day,2022-08-18,540,2,11.98
Day,2022-08-19,69,2,11.98
Day,2022-08-19,253,2,11.98
Day,2022-08-19,274,2,11.98
Day,2022-08-19,360,2,11.98
Day,2022-08-19,367,2,11.98
Day,2022-08-19,422,2,11.98
Day,2022-08-19,531,2,11.98
Day,2022-08-20,137,2,11.98
Day,2022-08-20,218,2,11.98
Day,2022-08-20,246,2,11.98
Day,2022-08-20,464,2,11.98
Day,2022-08-20,548,2,11.98
Day,2022-08-21,46,2,11.98
Day,2022-08-21,171,2,11.98
Day,2022-08-21,196,2,11.98
Day,2022-08-21,224,2,11.98
Day,2022-08-21,269,2,11.98
Day,2022-08-21,433,2,11.98
Day,2022-08-21,490,2,11.98
Day,2022-08-21,511,2,11.98
Day,2022-08-22,59,2,11.98
Day,2022-08-22,250,2,11.98
Day,2022-08-22,299,2,11.98
Day,2022-08-22,504,2,11.98
Day,2022-08-22,508,2,11.98
Day,2022-08-22,569,2,11.98
Day,2022-08-23,108,2,11.98
Day,2022-08-23,127,2,11.98
Day,2022-08-23,280,2,11.98
Day,2022-08-23,432,2,11.98
Day,2022-08-23,506,2,11.98
Day,2022-08-23,580,2,11.98
Day,2022-08-23,585,2,11.98
Month,2022-05-01,82,2,11.98
Month,2022-05-01,107,2,11.98
Month,2022-05-01,156,2,11.98
Month,2022-05-01,217,2,11.98
Month,2022-05-01,241,2,11.98
Month,2022-05-01,330,2,11.98
Month,2022-05-01,479,2,11.98
Month,2022-05-01,490,2,11.98
Month,2022-05-01,593,2,11.98
Month,2022-06-01,102,2,11.98
Month,2022-06-01,281,2,11.98
Month,2022-06-01,485,2,11.98
Day,2022-05-25,7,2,6.98
Day,2022-05-27,161,2,6.98
Day,2022-05-27,506,2,6.98
Day,2022-05-28,184,2,6.98
Day,2022-05-28,307,2,6.98
Day,2022-05-28,569,2,6.98
Day,2022-05-29,53,2,6.98
Day,2022-05-30,311,2,6.98
Day,2022-05-30,473,2,6.98
Day,2022-06-15,200,2,6.98
Day,2022-06-15,236,2,6.98
Day,2022-06-15,243,2,6.98
Day,2022-06-15,249,2,6.98
Day,2022-06-15,428,2,6.98
Day,2022-06-15,442,2,6.98
Day,2022-06-16,6,2,6.98
Day,2022-06-16,31,2,6.98
Day,2022-06-16,178,2,6.98
Day,2022-06-16,314,2,6.98
Day,2022-06-16,492,2,6.98
Day,2022-06-17,42,2,6.98
Day,2022-06-17,57,2,6.98
Day,2022-06-17,84,2,6.98
Day,2022-06-17,143,2,6.98
Day,2022-06-17,358,2,6.98
Day,2022-06-17,405,2,6.98
Day,2022-06-18,146,2,6.98
Day,2022-06-18,213,2,6.98
Day,2022-06-18,316,2,6.98
Day,2022-06-19,122,2,6.98
Day,2022-06-19,187,2,6.98
Day,2022-06-19,236,2,6.98
Day,2022-06-20,15,2,6.98
Day,2022-06-20,303,2,6.98
Day,2022-06-20,329,2,6.98
Day,2022-06-21,293,2,6.98
Day,2022-06-21,534,2,6.98
Day,2022-06-21,568,2,6.98
Day,2022-07-06,23,2,6.98
Day,2022-07-06,95,2,6.98
Day,2022-07-06,102,2,6.98
Day,2022-07-06,128,2,6.98
Day,2022-07-06,239,2,6.98
Day,2022-07-06,322,2,6.98
Day,2022-07-06,350,2,6.98
Day,2022-07-06,416,2,6.98
Day,2022-07-07,8,2,6.98
Day,2022-07-07,10,2,6.98
Day,2022-07-07,16,2,6.98
Day,2022-07-07,224,2,6.98
Day,2022-07-07,319,2,6.98
Day,2022-07-07,354,2,6.98
Day,2022-07-07,509,2,6.98
Day,2022-07-07,588,2,6.98
Day,2022-07-07,593,2,6.98
Day,2022-07-08,75,2,6.98
Day,2022-07-08,160,2,6.98
Day,2022-07-08,207,2,6.98
Day,2022-07-08,258,2,6.98
Day,2022-07-08,349,2,6.98
Day,2022-07-08,512,2,6.98
Day,2022-07-09,84,2,6.98
Day,2022-07-09,91,2,6.98
Day,2022-07-09,119,2,6.98
Day,2022-07-09,137,2,6.98
Day,2022-07-09,272,2,6.98
Day,2022-07-09,437,2,6.98
Day,2022-07-09,526,2,6.98
Day,2022-07-09,583,2,6.98
Day,2022-07-10,21,2,6.98
Day,2022-07-10,35,2,6.98
Day,2022-07-10,107,2,6.98
Day,2022-07-10,138,2,6.98
Day,2022-07-10,173,2,6.98
Day,2022-07-10,217,2,6.98
Day,2022-07-10,310,2,6.98
Day,2022-07-10,323,2,6.98
Day,2022-07-10,333,2,6.98
Day,2022-07-11,32,2,6.98
Day,2022-07-11,99,2,6.98
Day,2022-07-11,168,2,6.98
Day,2022-07-11,187,2,6.98
Day,2022-07-11,287,2,6.98
Day,2022-07-11,402,2,6.98
Day,2022-07-11,470,2,6.98
Day,2022-07-12,88,2,6.98
Day,2022-07-12,207,2,6.98
Day,2022-07-12,211,2,6.98
Day,2022-07-12,225,2,6.98
Day,2022-07-12,314,2,6.98
Day,2022-07-12,367,2,6.98
Day,2022-07-12,526,2,6.98
Day,2022-07-26,354,2,6.98
Day,2022-07-27,41,2,6.98
Day,2022-07-27,115,2,6.98
Day,2022-07-27,155,2,6.98
Day,2022-07-27,229,2,6.98
Day,2022-07-27,237,2,6.98
Day,2022-07-27,281,2,6.98
Day,2022-07-27,282,2,6.98
Day,2022-07-27,291,2,6.98
Day,2022-07-27,504,2,6.98
Day,2022-07-28,210,2,6.98
Day,2022-07-28,257,2,6.98
Day,2022-07-28,263,2,6.98
Day,2022-07-28,278,2,6.98
Day,2022-07-28,380,2,6.98
Day,2022-07-29,50,2,6.98
Day,2022-07-29,76,2,6.98
Day,2022-07-29,200,2,6.98
Day,2022-07-29,244,2,6.98
Day,2022-07-29,270,2,6.98
Day,2022-07-29,335,2,6.98
Day,2022-07-29,545,2,6.98
Day,2022-07-29,598,2,6.98
Day,2022-07-30,5,2,6.98
Day,2022-07-30,19,2,6.98
Day,2022-07-30,204,2,6.98
Day,2022-07-30,339,2,6.98
Day,2022-07-30,466,2,6.98
Day,2022-07-30,571,2,6.98
Day,2022-07-31,239,2,6.98
Day,2022-07-31,297,2,6.98
Day,2022-07-31,334,2,6.98
Day,2022-07-31,349,2,6.98
Day,2022-07-31,360,2,6.98
Day,2022-07-31,361,2,6.98
Day,2022-07-31,378,2,6.98
Day,2022-07-31,386,2,6.98
Day,2022-07-31,436,2,6.98
Day,2022-07-31,506,2,6.98
Day,2022-07-31,513,2,6.98
Day,2022-07-31,566,2,6.98
Day,2022-08-01,18,2,6.98
Day,2022-08-01,131,2,6.98
Day,2022-08-01,178,2,6.98
Day,2022-08-01,203,2,6.98
Day,2022-08-01,241,2,6.98
Day,2022-08-01,259,2,6.98
Day,2022-08-01,418,2,6.98
Day,2022-08-01,471,2,6.98
Day,2022-08-01,488,2,6.98
Day,2022-08-02,6,2,6.98
Day,2022-08-02,29,2,6.98
Day,2022-08-02,38,2,6.98
Day,2022-08-02,47,2,6.98
Day,2022-08-02,122,2,6.98
Day,2022-08-02,177,2,6.98
Day,2022-08-02,206,2,6.98
Day,2022-08-02,249,2,6.98
Day,2022-08-02,274,2,6.98
Day,2022-08-02,329,2,6.98
Day,2022-08-02,369,2,6.98
Day,2022-08-02,470,2,6.98
Day,2022-08-02,480,2,6.98
Day,2022-08-17,66,2,6.98
Day,2022-08-17,137,2,6.98
Day,2022-08-17,479,2,6.98
Day,2022-08-17,514,2,6.98
Day,2022-08-17,565,2,6.98
Day,2022-08-18,56,2,6.98
Day,2022-08-18,119,2,6.98
Day,2022-08-18,123,2,6.98
Day,2022-08-18,136,2,6.98
Day,2022-08-18,239,2,6.98
Day,2022-08-18,265,2,6.98
Day,2022-08-18,360,2,6.98
Day,2022-08-18,364,2,6.98
Day,2022-08-18,377,2,6.98
Day,2022-08-18,483,2,6.98
Day,2022-08-18,529,2,6.98
Day,2022-08-19,57,2,6.98
Day,2022-08-19,78,2,6.98
Day,2022-08-19,113,2,6.98
Day,2022-08-19,121,2,6.98
Day,2022-08-19,174,2,6.98
Day,2022-08-19,314,2,6.98
Day,2022-08-19,413,2,6.98
Day,2022-08-19,448,2,6.98
Day,2022-08-20,29,2,6.98
Day,2022-08-20,230,2,6.98
Day,2022-08-20,242,2,6.98
Day,2022-08-20,297,2,6.98
Day,2022-08-20,339,2,6.98
Day,2022-08-20,379,2,6.98
Day,2022-08-20,417,2,6.98
Day,2022-08-20,538,2,6.98
Day,2022-08-20,554,2,6.98
Day,2022-08-21,64,2,6.98
Day,2022-08-21,68,2,6.98
Day,2022-08-21,90,2,6.98
Day,2022-08-21,256,2,6.98
Day,2022-08-21,312,2,6.98
Day,2022-08-21,370,2,6.98
Day,2022-08-21,395,2,6.98
Day,2022-08-21,435,2,6.98
Day,2022-08-21,448,2,6.98
Day,2022-08-21,564,2,6.98
Day,2022-08-21,566,2,6.98
Day,2022-08-21,593,2,6.98
Day,2022-08-22,168,2,6.98
Day,2022-08-22,331,2,6.98
Day,2022-08-22,393,2,6.98
Day,2022-08-22,475,2,6.98
Day,2022-08-22,546,2,6.98
Day,2022-08-23,6,2,6.98
Day,2022-08-23,25,2,6.98
Day,2022-08-23,46,2,6.98
Day,2022-08-23,91,2,6.98
Day,2022-08-23,119,2,6.98
Day,2022-08-23,174,2,6.98
Day,2022-08-23,276,2,6.98
Day,2022-08-23,456,2,6.98
Day,2022-08-23,557,2,6.98
Day,2022-08-23,589,2,6.98
Month,2022-05-01,69,2,6.98
Month,2022-05-01,244,2,6.98
Month,2022-05-01,270,2,6.98
Month,2022-05-01,394,2,6.98
Month,2022-05-01,411,2,6.98
Month,2022-05-01,462,2,6.98
Month,2022-05-01,511,2,6.98
Month,2022-05-01,534,2,6.98
Month,2022-06-01,161,2,6.98
Month,2022-06-01,165,2,6.98
Month,2022-06-01,314,2,6.98
Month,2022-06-01,321,2,6.98
Month,2022-06-01,458,2,6.98
Month,2022-06-01,518,2,6.98
Month,2022-06-01,560,2,6.98
Day,2022-02-14,107,2,1.98
Day,2022-05-25,207,2,1.98
Day,2022-05-30,115,2,1.98
Day,2022-06-15,116,2,1.98
Day,2022-06-15,212,2,1.98
Day,2022-06-15,237,2,1.98
Day,2022-06-15,387,2,1.98
Day,2022-06-15,470,2,1.98
Day,2022-06-16,189,2,1.98
Day,2022-06-16,395,2,1.98
Day,2022-06-17,343,2,1.98
Day,2022-06-17,384,2,1.98
Day,2022-06-17,387,2,1.98
Day,2022-06-18,218,2,1.98
Day,2022-06-18,527,2,1.98
Day,2022-06-19,10,2,1.98
Day,2022-06-19,230,2,1.98
Day,2022-06-20,162,2,1.98
Day,2022-06-20,202,2,1.98
Day,2022-06-20,296,2,1.98
Day,2022-06-20,430,2,1.98
Day,2022-06-21,96,2,1.98
Day,2022-07-06,115,2,1.98
Day,2022-07-06,153,2,1.98
Day,2022-07-06,537,2,1.98
Day,2022-07-07,69,2,1.98
Day,2022-07-07,256,2,1.98
Day,2022-07-07,405,2,1.98
Day,2022-07-07,410,2,1.98
Day,2022-07-07,423,2,1.98
Day,2022-07-07,445,2,1.98
Day,2022-07-08,391,2,1.98
Day,2022-07-08,546,2,1.98
Day,2022-07-09,395,2,1.98
Day,2022-07-10,153,2,1.98
Day,2022-07-10,415,2,1.98
Day,2022-07-11,252,2,1.98
Day,2022-07-11,511,2,1.98
Day,2022-07-12,97,2,1.98
Day,2022-07-27,12,2,1.98
Day,2022-07-27,359,2,1.98
Day,2022-07-27,463,2,1.98
Day,2022-07-28,125,2,1.98
Day,2022-07-28,297,2,1.98
Day,2022-07-28,318,2,1.98
Day,2022-07-28,413,2,1.98
Day,2022-07-29,91,2,1.98
Day,2022-07-29,143,2,1.98
Day,2022-07-29,306,2,1.98
Day,2022-07-29,323,2,1.98
Day,2022-07-29,572,2,1.98
Day,2022-07-29,579,2,1.98
Day,2022-07-30,280,2,1.98
Day,2022-07-30,425,2,1.98
Day,2022-07-31,24,2,1.98
Day,2022-07-31,294,2,1.98
Day,2022-07-31,383,2,1.98
Day,2022-08-01,52,2,1.98
Day,2022-08-01,262,2,1.98
Day,2022-08-01,332,2,1.98
Day,2022-08-01,337,2,1.98
Day,2022-08-01,381,2,1.98
Day,2022-08-02,297,2,1.98
Day,2022-08-02,461,2,1.98
Day,2022-08-17,132,2,1.98
Day,2022-08-17,266,2,1.98
Day,2022-08-17,380,2,1.98
Day,2022-08-18,72,2,1.98
Day,2022-08-18,196,2,1.98
Day,2022-08-18,250,2,1.98
Day,2022-08-18,286,2,1.98
Day,2022-08-18,382,2,1.98
Day,2022-08-18,454,2,1.98
Day,2022-08-19,142,2,1.98
Day,2022-08-19,235,2,1.98
Day,2022-08-19,376,2,1.98
Day,2022-08-19,542,2,1.98
Day,2022-08-20,23,2,1.98
Day,2022-08-20,142,2,1.98
Day,2022-08-20,152,2,1.98
Day,2022-08-20,278,2,1.98
Day,2022-08-20,564,2,1.98
Day,2022-08-21,147,2,1.98
Day,2022-08-21,244,2,1.98
Day,2022-08-21,288,2,1.98
Day,2022-08-21,344,2,1.98
Day,2022-08-21,537,2,1.98
Day,2022-08-22,90,2,1.98
Day,2022-08-22,155,2,1.98
Day,2022-08-23,37,2,1.98
Day,2022-08-23,401,2,1.98
Day,2022-08-23,497,2,1.98
Day,2022-08-23,516,2,1.98
Month,2022-02-01,107,2,1.98
Month,2022-05-01,36,2,1.98
Month,2022-05-01,113,2,1.98
Month,2022-05-01,117,2,1.98
Month,2022-05-01,127,2,1.98
Month,2022-05-01,147,2,1.98
Month,2022-05-01,345,2,1.98
Month,2022-05-01,348,2,1.98
Month,2022-05-01,421,2,1.98
Month,2022-05-01,455,2,1.98
Month,2022-06-01,159,2,1.98
Month,2022-06-01,376,2,1.98
Month,2022-06-01,435,2,1.98
Month,2022-06-01,480,2,1.98
Month,2022-06-01,521,2,1.98
Day,2022-05-25,19,2,10.98
Day,2022-05-25,302,2,10.98
Day,2022-05-26,158,2,10.98
Day,2022-05-27,209,2,10.98
Day,2022-05-27,247,2,10.98
Day,2022-05-27,371,2,10.98
Day,2022-05-28,288,2,10.98
Day,2022-05-28,437,2,10.98
Day,2022-05-29,563,2,10.98
Day,2022-05-30,391,2,10.98
Day,2022-05-31,55,2,10.98
Day,2022-06-15,1,2,10.98
Day,2022-06-15,341,2,10.98
Day,2022-06-15,452,2,10.98
Day,2022-06-15,515,2,10.98
Day,2022-06-16,134,2,10.98
Day,2022-06-16,378,2,10.98
Day,2022-06-17,163,2,10.98
Day,2022-06-17,234,2,10.98
Day,2022-06-17,253,2,10.98
Day,2022-06-17,270,2,10.98
Day,2022-06-17,310,2,10.98
Day,2022-06-17,337,2,10.98
Day,2022-06-17,400,2,10.98
Day,2022-06-17,484,2,10.98
Day,2022-06-17,486,2,10.98
Day,2022-06-18,26,2,10.98
Day,2022-06-18,171,2,10.98
Day,2022-06-18,327,2,10.98
Day,2022-06-18,410,2,10.98
Day,2022-06-18,588,2,10.98
Day,2022-06-19,283,2,10.98
Day,2022-06-19,360,2,10.98
Day,2022-06-19,388,2,10.98
Day,2022-06-19,583,2,10.98
Day,2022-06-20,23,2,10.98
Day,2022-06-20,62,2,10.98
Day,2022-06-20,153,2,10.98
Day,2022-06-20,557,2,10.98
Day,2022-06-21,66,2,10.98
Day,2022-06-21,181,2,10.98
Day,2022-06-21,196,2,10.98
Day,2022-06-21,251,2,10.98
Day,2022-06-21,405,2,10.98
Day,2022-07-06,56,2,10.98
Day,2022-07-06,147,2,10.98
Day,2022-07-06,152,2,10.98
Day,2022-07-06,165,2,10.98
Day,2022-07-06,243,2,10.98
Day,2022-07-06,321,2,10.98
Day,2022-07-06,403,2,10.98
Day,2022-07-06,456,2,10.98
Day,2022-07-06,493,2,10.98
Day,2022-07-06,584,2,10.98
Day,2022-07-07,137,2,10.98
Day,2022-07-07,321,2,10.98
Day,2022-07-07,395,2,10.98
Day,2022-07-08,7,2,10.98
Day,2022-07-08,26,2,10.98
Day,2022-07-08,68,2,10.98
Day,2022-07-08,144,2,10.98
Day,2022-07-08,185,2,10.98
Day,2022-07-08,225,2,10.98
Day,2022-07-08,275,2,10.98
Day,2022-07-08,376,2,10.98
Day,2022-07-08,432,2,10.98
Day,2022-07-08,562,2,10.98
Day,2022-07-09,430,2,10.98
Day,2022-07-09,558,2,10.98
Day,2022-07-10,34,2,10.98
Day,2022-07-10,108,2,10.98
Day,2022-07-10,113,2,10.98
Day,2022-07-10,166,2,10.98
Day,2022-07-10,171,2,10.98
Day,2022-07-10,258,2,10.98
Day,2022-07-10,334,2,10.98
Day,2022-07-10,363,2,10.98
Day,2022-07-10,409,2,10.98
Day,2022-07-10,496,2,10.98
Day,2022-07-11,9,2,10.98
Day,2022-07-11,35,2,10.98
Day,2022-07-11,206,2,10.98
Day,2022-07-11,296,2,10.98
Day,2022-07-11,368,2,10.98
Day,2022-07-11,410,2,10.98
Day,2022-07-12,27,2,10.98
Day,2022-07-12,179,2,10.98
Day,2022-07-12,269,2,10.98
Day,2022-07-12,334,2,10.98
Day,2022-07-12,342,2,10.98
Day,2022-07-12,351,2,10.98
Day,2022-07-12,443,2,10.98
Day,2022-07-12,460,2,10.98
Day,2022-07-12,468,2,10.98
Day,2022-07-12,541,2,10.98
Day,2022-07-27,95,2,10.98
Day,2022-07-27,145,2,10.98
Day,2022-07-27,323,2,10.98
Day,2022-07-27,355,2,10.98
Day,2022-07-27,372,2,10.98
Day,2022-07-27,491,2,10.98
Day,2022-07-27,493,2,10.98
Day,2022-07-28,82,2,10.98
Day,2022-07-28,119,2,10.98
Day,2022-07-28,205,2,10.98
Day,2022-07-28,209,2,10.98
Day,2022-07-28,272,2,10.98
Day,2022-07-28,309,2,10.98
Day,2022-07-28,395,2,10.98
Day,2022-07-28,426,2,10.98
Day,2022-07-28,589,2,10.98
Day,2022-07-29,47,2,10.98
Day,2022-07-29,87,2,10.98
Day,2022-07-29,90,2,10.98
Day,2022-07-29,382,2,10.98
Day,2022-07-29,435,2,10.98
Day,2022-07-29,531,2,10.98
Day,2022-07-29,552,2,10.98
Day,2022-07-29,591,2,10.98
Day,2022-07-30,13,2,10.98
Day,2022-07-30,78,2,10.98
Day,2022-07-30,100,2,10.98
Day,2022-07-30,171,2,10.98
Day,2022-07-30,211,2,10.98
Day,2022-07-30,268,2,10.98
Day,2022-07-30,295,2,10.98
Day,2022-07-30,312,2,10.98
Day,2022-07-30,314,2,10.98
Day,2022-07-30,331,2,10.98
Day,2022-07-30,403,2,10.98
Day,2022-07-30,426,2,10.98
Day,2022-07-30,454,2,10.98
Day,2022-07-30,525,2,10.98
Day,2022-07-30,534,2,10.98
Day,2022-07-30,576,2,10.98
Day,2022-07-30,579,2,10.98
Day,2022-07-31,23,2,10.98
Day,2022-07-31,41,2,10.98
Day,2022-07-31,130,2,10.98
Day,2022-07-31,195,2,10.98
Day,2022-07-31,245,2,10.98
Day,2022-07-31,246,2,10.98
Day,2022-07-31,359,2,10.98
Day,2022-07-31,403,2,10.98
Day,2022-07-31,479,2,10.98
Day,2022-07-31,494,2,10.98
Day,2022-07-31,572,2,10.98
Day,2022-07-31,585,2,10.98
Day,2022-08-01,41,2,10.98
Day,2022-08-01,137,2,10.98
Day,2022-08-01,208,2,10.98
Day,2022-08-01,368,2,10.98
Day,2022-08-01,373,2,10.98
Day,2022-08-01,495,2,10.98
Day,2022-08-02,56,2,10.98
Day,2022-08-02,231,2,10.98
Day,2022-08-02,236,2,10.98
Day,2022-08-02,399,2,10.98
Day,2022-08-02,571,2,10.98
Day,2022-08-17,65,2,10.98
Day,2022-08-17,83,2,10.98
Day,2022-08-17,160,2,10.98
Day,2022-08-17,190,2,10.98
Day,2022-08-17,263,2,10.98
Day,2022-08-17,295,2,10.98
Day,2022-08-17,317,2,10.98
Day,2022-08-17,338,2,10.98
Day,2022-08-17,360,2,10.98
Day,2022-08-17,597,2,10.98
Day,2022-08-18,160,2,10.98
Day,2022-08-18,308,2,10.98
Day,2022-08-18,354,2,10.98
Day,2022-08-18,363,2,10.98
Day,2022-08-18,426,2,10.98
Day,2022-08-18,476,2,10.98
Day,2022-08-19,58,2,10.98
Day,2022-08-19,120,2,10.98
Day,2022-08-19,139,2,10.98
Day,2022-08-19,144,2,10.98
Day,2022-08-19,404,2,10.98
Day,2022-08-19,569,2,10.98
Day,2022-08-20,57,2,10.98
Day,2022-08-20,189,2,10.98
Day,2022-08-20,206,2,10.98
Day,2022-08-20,286,2,10.98
Day,2022-08-20,293,2,10.98
Day,2022-08-20,513,2,10.98
Day,2022-08-20,528,2,10.98
Day,2022-08-21,2,2,10.98
Day,2022-08-21,53,2,10.98
Day,2022-08-21,154,2,10.98
Day,2022-08-21,163,2,10.98
Day,2022-08-21,178,2,10.98
Day,2022-08-21,184,2,10.98
Day,2022-08-21,219,2,10.98
Day,2022-08-21,241,2,10.98
Day,2022-08-21,250,2,10.98
Day,2022-08-21,263,2,10.98
Day,2022-08-21,294,2,10.98
Day,2022-08-21,382,2,10.98
Day,2022-08-21,427,2,10.98
Day,2022-08-21,469,2,10.98
Day,2022-08-21,584,2,10.98
Day,2022-08-22,78,2,10.98
Day,2022-08-22,262,2,10.98
Day,2022-08-22,309,2,10.98
Day,2022-08-22,314,2,10.98
Day,2022-08-22,319,2,10.98
Day,2022-08-22,373,2,10.98
Day,2022-08-22,463,2,10.98
Day,2022-08-22,598,2,10.98
Day,2022-08-23,57,2,10.98
Day,2022-08-23,83,2,10.98
Day,2022-08-23,130,2,10.98
Day,2022-08-23,187,2,10.98
Day,2022-08-23,306,2,10.98
Day,2022-08-23,370,2,10.98
Day,2022-08-23,418,2,10.98
Day,2022-08-23,433,2,10.98
Month,2022-05-01,25,2,10.98
Month,2022-05-01,35,2,10.98
Month,2022-05-01,92,2,10.98
Month,2022-05-01,151,2,10.98
Month,2022-05-01,158,2,10.98
Month,2022-05-01,174,2,10.98
Month,2022-05-01,302,2,10.98
Month,2022-05-01,306,2,10.98
Month,2022-05-01,314,2,10.98
Month,2022-05-01,332,2,10.98
Month,2022-05-01,361,2,10.98
Month,2022-05-01,365,2,10.98
Month,2022-05-01,563,2,10.98
Month,2022-05-01,566,2,10.98
Month,2022-06-01,48,2,10.98
Month,2022-06-01,223,2,10.98
Month,2022-06-01,263,2,10.98
Month,2022-06-01,274,2,10.98
Month,2022-06-01,337,2,10.98
Month,2022-06-01,413,2,10.98
Month,2022-06-01,461,2,10.98
Month,2022-06-01,469,2,10.98
Month,2022-06-01,584,2,10.98
Day,2022-02-14,42,2,5.98
Day,2022-02-14,208,2,5.98
Day,2022-02-14,216,2,5.98
Day,2022-02-14,284,2,5.98
Day,2022-02-14,516,2,5.98
Day,2022-02-14,560,2,5.98
Day,2022-02-14,576,2,5.98
Day,2022-05-25,44,2,5.98
Day,2022-05-26,75,2,5.98
Day,2022-05-26,143,2,5.98
Day,2022-05-26,214,2,5.98
Day,2022-05-26,322,2,5.98
Day,2022-05-26,460,2,5.98
Day,2022-05-27,168,2,5.98
Day,2022-05-27,575,2,5.98
Day,2022-05-28,176,2,5.98
Day,2022-05-28,250,2,5.98
Day,2022-05-28,372,2,5.98
Day,2022-05-28,589,2,5.98
Day,2022-05-28,596,2,5.98
Day,2022-05-29,245,2,5.98
Day,2022-05-29,269,2,5.98
Day,2022-05-30,62,2,5.98
Day,2022-05-30,79,2,5.98
Day,2022-06-15,84,2,5.98
Day,2022-06-15,177,2,5.98
Day,2022-06-15,190,2,5.98
Day,2022-06-15,345,2,5.98
Day,2022-06-15,362,2,5.98
Day,2022-06-15,511,2,5.98
Day,2022-06-15,561,2,5.98
Day,2022-06-16,86,2,5.98
Day,2022-06-16,123,2,5.98
Day,2022-06-16,177,2,5.98
Day,2022-06-16,230,2,5.98
Day,2022-06-16,450,2,5.98
Day,2022-06-17,39,2,5.98
Day,2022-06-17,130,2,5.98
Day,2022-06-17,201,2,5.98
Day,2022-06-17,254,2,5.98
Day,2022-06-17,256,2,5.98
Day,2022-06-17,282,2,5.98
Day,2022-06-17,295,2,5.98
Day,2022-06-18,1,2,5.98
Day,2022-06-18,35,2,5.98
Day,2022-06-18,98,2,5.98
Day,2022-06-18,132,2,5.98
Day,2022-06-18,221,2,5.98
Day,2022-06-18,336,2,5.98
Day,2022-06-18,450,2,5.98
Day,2022-06-18,456,2,5.98
Day,2022-06-18,515,2,5.98
Day,2022-06-19,19,2,5.98
Day,2022-06-19,31,2,5.98
Day,2022-06-19,143,2,5.98
Day,2022-06-19,156,2,5.98
Day,2022-06-19,180,2,5.98
Day,2022-06-19,318,2,5.98
Day,2022-06-19,358,2,5.98
Day,2022-06-19,408,2,5.98
Day,2022-06-19,483,2,5.98
Day,2022-06-19,486,2,5.98
Day,2022-06-19,559,2,5.98
Day,2022-06-20,7,2,5.98
Day,2022-06-20,53,2,5.98
Day,2022-06-20,215,2,5.98
Day,2022-06-20,280,2,5.98
Day,2022-06-20,418,2,5.98
Day,2022-06-20,434,2,5.98
Day,2022-06-20,457,2,5.98
Day,2022-06-20,472,2,5.98
Day,2022-06-20,556,2,5.98
Day,2022-06-21,85,2,5.98
Day,2022-06-21,173,2,5.98
Day,2022-06-21,213,2,5.98
Day,2022-06-21,346,2,5.98
Day,2022-06-21,438,2,5.98
Day,2022-06-21,481,2,5.98
Day,2022-07-05,536,2,5.98
Day,2022-07-06,49,2,5.98
Day,2022-07-06,86,2,5.98
Day,2022-07-06,96,2,5.98
Day,2022-07-06,166,2,5.98
Day,2022-07-06,189,2,5.98
Day,2022-07-06,236,2,5.98
Day,2022-07-06,262,2,5.98
Day,2022-07-06,282,2,5.98
Day,2022-07-06,347,2,5.98
Day,2022-07-06,358,2,5.98
Day,2022-07-06,419,2,5.98
Day,2022-07-06,473,2,5.98
Day,2022-07-06,511,2,5.98
Day,2022-07-06,528,2,5.98
Day,2022-07-06,548,2,5.98
Day,2022-07-07,111,2,5.98
Day,2022-07-07,170,2,5.98
Day,2022-07-07,324,2,5.98
Day,2022-07-07,339,2,5.98
Day,2022-07-07,573,2,5.98
Day,2022-07-08,28,2,5.98
Day,2022-07-08,108,2,5.98
Day,2022-07-08,148,2,5.98
Day,2022-07-08,228,2,5.98
Day,2022-07-08,229,2,5.98
Day,2022-07-08,236,2,5.98
Day,2022-07-08,247,2,5.98
Day,2022-07-08,248,2,5.98
Day,2022-07-08,399,2,5.98
Day,2022-07-08,448,2,5.98
Day,2022-07-08,473,2,5.98
Day,2022-07-08,500,2,5.98
Day,2022-07-08,567,2,5.98
Day,2022-07-09,8,2,5.98
Day,2022-07-09,38,2,5.98
Day,2022-07-09,67,2,5.98
Day,2022-07-09,71,2,5.98
Day,2022-07-09,109,2,5.98
Day,2022-07-09,113,2,5.98
Day,2022-07-09,129,2,5.98
Day,2022-07-09,194,2,5.98
Day,2022-07-09,202,2,5.98
Day,2022-07-09,213,2,5.98
Day,2022-07-09,226,2,5.98
Day,2022-07-09,244,2,5.98
Day,2022-07-09,292,2,5.98
Day,2022-07-09,298,2,5.98
Day,2022-07-09,334,2,5.98
Day,2022-07-09,335,2,5.98
Day,2022-07-09,406,2,5.98
Day,2022-07-09,565,2,5.98
Day,2022-07-09,578,2,5.98
Day,2022-07-09,597,2,5.98
Day,2022-07-10,15,2,5.98
Day,2022-07-10,27,2,5.98
Day,2022-07-10,239,2,5.98
Day,2022-07-10,289,2,5.98
Day,2022-07-10,444,2,5.98
Day,2022-07-10,568,2,5.98
Day,2022-07-11,23,2,5.98
Day,2022-07-11,78,2,5.98
Day,2022-07-11,383,2,5.98
Day,2022-07-11,388,2,5.98
Day,2022-07-11,390,2,5.98
Day,2022-07-11,397,2,5.98
Day,2022-07-11,408,2,5.98
Day,2022-07-11,469,2,5.98
Day,2022-07-11,505,2,5.98
Day,2022-07-11,580,2,5.98
Day,2022-07-12,244,2,5.98
Day,2022-07-12,312,2,5.98
Day,2022-07-12,353,2,5.98
Day,2022-07-12,356,2,5.98
Day,2022-07-12,439,2,5.98
Day,2022-07-12,517,2,5.98
Day,2022-07-12,561,2,5.98
Day,2022-07-12,577,2,5.98
Day,2022-07-12,578,2,5.98
Day,2022-07-26,333,2,5.98
Day,2022-07-27,6,2,5.98
Day,2022-07-27,71,2,5.98
Day,2022-07-27,188,2,5.98
Day,2022-07-27,254,2,5.98
Day,2022-07-27,400,2,5.98
Day,2022-07-27,415,2,5.98
Day,2022-07-27,440,2,5.98
Day,2022-07-27,483,2,5.98
Day,2022-07-27,576,2,5.98
Day,2022-07-27,577,2,5.98
Day,2022-07-28,4,2,5.98
Day,2022-07-28,91,2,5.98
Day,2022-07-28,163,2,5.98
Day,2022-07-28,178,2,5.98
Day,2022-07-28,208,2,5.98
Day,2022-07-28,281,2,5.98
Day,2022-07-28,357,2,5.98
Day,2022-07-28,422,2,5.98
Day,2022-07-28,442,2,5.98
Day,2022-07-28,487,2,5.98
Day,2022-07-28,520,2,5.98
Day,2022-07-28,578,2,5.98
Day,2022-07-29,103,2,5.98
Day,2022-07-29,186,2,5.98
Day,2022-07-29,195,2,5.98
Day,2022-07-29,226,2,5.98
Day,2022-07-29,227,2,5.98
Day,2022-07-29,291,2,5.98
Day,2022-07-29,385,2,5.98
Day,2022-07-29,396,2,5.98
Day,2022-07-29,494,2,5.98
Day,2022-07-29,520,2,5.98
Day,2022-07-29,564,2,5.98
Day,2022-07-30,3,2,5.98
Day,2022-07-30,107,2,5.98
Day,2022-07-30,140,2,5.98
Day,2022-07-30,161,2,5.98
Day,2022-07-30,197,2,5.98
Day,2022-07-30,227,2,5.98
Day,2022-07-30,245,2,5.98
Day,2022-07-30,260,2,5.98
Day,2022-07-30,294,2,5.98
Day,2022-07-30,319,2,5.98
Day,2022-07-30,360,2,5.98
Day,2022-07-30,369,2,5.98
Day,2022-07-30,381,2,5.98
Day,2022-07-30,437,2,5.98
Day,2022-07-30,489,2,5.98
Day,2022-07-30,507,2,5.98
Day,2022-07-30,531,2,5.98
Day,2022-07-30,560,2,5.98
Day,2022-07-30,575,2,5.98
Day,2022-07-31,25,2,5.98
Day,2022-07-31,46,2,5.98
Day,2022-07-31,77,2,5.98
Day,2022-07-31,153,2,5.98
Day,2022-07-31,178,2,5.98
Day,2022-07-31,179,2,5.98
Day,2022-07-31,268,2,5.98
Day,2022-07-31,277,2,5.98
Day,2022-07-31,283,2,5.98
Day,2022-07-31,290,2,5.98
Day,2022-07-31,328,2,5.98
Day,2022-07-31,332,2,5.98
Day,2022-07-31,369,2,5.98
Day,2022-07-31,401,2,5.98
Day,2022-07-31,415,2,5.98
Day,2022-07-31,421,2,5.98
Day,2022-07-31,445,2,5.98
Day,2022-07-31,461,2,5.98
Day,2022-07-31,503,2,5.98
Day,2022-07-31,559,2,5.98
Day,2022-07-31,580,2,5.98
Day,2022-07-31,586,2,5.98
Day,2022-07-31,599,2,5.98
Day,2022-08-01,5,2,5.98
Day,2022-08-01,9,2,5.98
Day,2022-08-01,16,2,5.98
Day,2022-08-01,21,2,5.98
Day,2022-08-01,34,2,5.98
Day,2022-08-01,36,2,5.98
Day,2022-08-01,42,2,5.98
Day,2022-08-01,58,2,5.98
Day,2022-08-01,85,2,5.98
Day,2022-08-01,125,2,5.98
Day,2022-08-01,212,2,5.98
Day,2022-08-01,325,2,5.98
Day,2022-08-01,387,2,5.98
Day,2022-08-01,431,2,5.98
Day,2022-08-01,511,2,5.98
Day,2022-08-01,543,2,5.98
Day,2022-08-02,13,2,5.98
Day,2022-08-02,100,2,5.98
Day,2022-08-02,239,2,5.98
Day,2022-08-02,242,2,5.98
Day,2022-08-02,247,2,5.98
Day,2022-08-02,257,2,5.98
Day,2022-08-02,294,2,5.98
Day,2022-08-02,322,2,5.98
Day,2022-08-02,338,2,5.98
Day,2022-08-02,353,2,5.98
Day,2022-08-02,466,2,5.98
Day,2022-08-17,38,2,5.98
Day,2022-08-17,46,2,5.98
Day,2022-08-17,84,2,5.98
Day,2022-08-17,130,2,5.98
Day,2022-08-17,238,2,5.98
Day,2022-08-17,239,2,5.98
Day,2022-08-17,242,2,5.98
Day,2022-08-17,313,2,5.98
Day,2022-08-17,402,2,5.98
Day,2022-08-17,484,2,5.98
Day,2022-08-17,491,2,5.98
Day,2022-08-17,567,2,5.98
Day,2022-08-17,586,2,5.98
Day,2022-08-18,39,2,5.98
Day,2022-08-18,51,2,5.98
Day,2022-08-18,89,2,5.98
Day,2022-08-18,145,2,5.98
Day,2022-08-18,176,2,5.98
Day,2022-08-18,184,2,5.98
Day,2022-08-18,193,2,5.98
Day,2022-08-18,270,2,5.98
Day,2022-08-18,393,2,5.98
Day,2022-08-18,452,2,5.98
Day,2022-08-18,500,2,5.98
Day,2022-08-18,518,2,5.98
Day,2022-08-18,555,2,5.98
Day,2022-08-18,577,2,5.98
Day,2022-08-19,51,2,5.98
Day,2022-08-19,72,2,5.98
Day,2022-08-19,80,2,5.98
Day,2022-08-19,134,2,5.98
Day,2022-08-19,179,2,5.98
Day,2022-08-19,204,2,5.98
Day,2022-08-19,213,2,5.98
Day,2022-08-19,298,2,5.98
Day,2022-08-19,440,2,5.98
Day,2022-08-19,461,2,5.98
Day,2022-08-19,547,2,5.98
Day,2022-08-19,571,2,5.98
Day,2022-08-20,11,2,5.98
Day,2022-08-20,17,2,5.98
Day,2022-08-20,80,2,5.98
Day,2022-08-20,96,2,5.98
Day,2022-08-20,211,2,5.98
Day,2022-08-20,219,2,5.98
Day,2022-08-20,239,2,5.98
Day,2022-08-20,309,2,5.98
Day,2022-08-20,364,2,5.98
Day,2022-08-20,387,2,5.98
Day,2022-08-20,451,2,5.98
Day,2022-08-20,535,2,5.98
Day,2022-08-20,557,2,5.98
Day,2022-08-21,15,2,5.98
Day,2022-08-21,17,2,5.98
Day,2022-08-21,21,2,5.98
Day,2022-08-21,29,2,5.98
Day,2022-08-21,93,2,5.98
Day,2022-08-21,126,2,5.98
Day,2022-08-21,152,2,5.98
Day,2022-08-21,169,2,5.98
Day,2022-08-21,214,2,5.98
Day,2022-08-21,271,2,5.98
Day,2022-08-21,340,2,5.98
Day,2022-08-21,405,2,5.98
Day,2022-08-21,481,2,5.98
Day,2022-08-21,482,2,5.98
Day,2022-08-21,505,2,5.98
Day,2022-08-21,520,2,5.98
Day,2022-08-21,529,2,5.98
Day,2022-08-21,569,2,5.98
Day,2022-08-21,576,2,5.98
Day,2022-08-21,582,2,5.98
Day,2022-08-22,60,2,5.98
Day,2022-08-22,94,2,5.98
Day,2022-08-22,117,2,5.98
Day,2022-08-22,141,2,5.98
Day,2022-08-22,244,2,5.98
Day,2022-08-22,273,2,5.98
Day,2022-08-22,288,2,5.98
Day,2022-08-22,335,2,5.98
Day,2022-08-22,368,2,5.98
Day,2022-08-22,423,2,5.98
Day,2022-08-22,425,2,5.98
Day,2022-08-22,443,2,5.98
Day,2022-08-22,490,2,5.98
Day,2022-08-22,493,2,5.98
Day,2022-08-22,518,2,5.98
Day,2022-08-22,574,2,5.98
Day,2022-08-23,71,2,5.98
Day,2022-08-23,131,2,5.98
Day,2022-08-23,151,2,5.98
Day,2022-08-23,169,2,5.98
Day,2022-08-23,203,2,5.98
Day,2022-08-23,259,2,5.98
Day,2022-08-23,348,2,5.98
Day,2022-08-23,431,2,5.98
Day,2022-08-23,444,2,5.98
Day,2022-08-23,464,2,5.98
Day,2022-08-23,492,2,5.98
Day,2022-08-23,500,2,5.98
Day,2022-08-23,545,2,5.98
Day,2022-08-23,550,2,5.98
Day,2022-08-23,569,2,5.98
Day,2022-08-23,575,2,5.98
Day,2022-08-23,579,2,5.98
Month,2022-02-01,42,2,5.98
Month,2022-02-01,208,2,5.98
Month,2022-02-01,216,2,5.98
Month,2022-02-01,284,2,5.98
Month,2022-02-01,516,2,5.98
Month,2022-02-01,560,2,5.98
Month,2022-02-01,576,2,5.98
Month,2022-05-01,26,2,5.98
Month,2022-05-01,28,2,5.98
Month,2022-05-01,62,2,5.98
Month,2022-05-01,65,2,5.98
Month,2022-05-01,75,2,5.98
Month,2022-05-01,108,2,5.98
Month,2022-05-01,122,2,5.98
Month,2022-05-01,130,2,5.98
Month,2022-05-01,143,2,5.98
Month,2022-05-01,144,2,5.98
Month,2022-05-01,157,2,5.98
Month,2022-05-01,168,2,5.98
Month,2022-05-01,228,2,5.98
Month,2022-05-01,230,2,5.98
Month,2022-05-01,237,2,5.98
Month,2022-05-01,252,2,5.98
Month,2022-05-01,263,2,5.98
Month,2022-05-01,281,2,5.98
Month,2022-05-01,322,2,5.98
Month,2022-05-01,360,2,5.98
Month,2022-05-01,372,2,5.98
Month,2022-05-01,382,2,5.98
Month,2022-05-01,393,2,5.98
Month,2022-05-01,445,2,5.98
Month,2022-05-01,464,2,5.98
Month,2022-05-01,475,2,5.98
Month,2022-05-01,496,2,5.98
Month,2022-05-01,505,2,5.98
Month,2022-05-01,507,2,5.98
Month,2022-05-01,508,2,5.98
Month,2022-05-01,516,2,5.98
Month,2022-05-01,523,2,5.98
Month,2022-05-01,524,2,5.98
Month,2022-05-01,539,2,5.98
Month,2022-05-01,544,2,5.98
Month,2022-05-01,554,2,5.98
Month,2022-05-01,587,2,5.98
Month,2022-06-01,73,2,5.98
Month,2022-06-01,93,2,5.98
Month,2022-06-01,117,2,5.98
Month,2022-06-01,145,2,5.98
Month,2022-06-01,175,2,5.98
Month,2022-06-01,180,2,5.98
Month,2022-06-01,235,2,5.98
Month,2022-06-01,257,2,5.98
Month,2022-06-01,294,2,5.98
Month,2022-06-01,552,2,5.98
Month,2022-06-01,563,2,5.98
Day,2022-02-14,60,2,9.98
Day,2022-05-26,114,2,9.98
Day,2022-05-27,249,2,9.98
Day,2022-05-27,557,2,9.98
Day,2022-05-28,110,2,9.98
Day,2022-05-28,162,2,9.98
Day,2022-05-29,50,2,9.98
Day,2022-05-29,429,2,9.98
Day,2022-05-29,528,2,9.98
Day,2022-05-30,561,2,9.98
Day,2022-05-30,596,2,9.98
Day,2022-05-31,24,2,9.98
Day,2022-05-31,50,2,9.98
Day,2022-06-15,27,2,9.98
Day,2022-06-15,167,2,9.98
Day,2022-06-15,255,2,9.98
Day,2022-06-15,267,2,9.98
Day,2022-06-15,316,2,9.98
Day,2022-06-15,506,2,9.98
Day,2022-06-15,570,2,9.98
Day,2022-06-16,83,2,9.98
Day,2022-06-16,215,2,9.98
Day,2022-06-16,341,2,9.98
Day,2022-06-16,363,2,9.98
Day,2022-06-16,427,2,9.98
Day,2022-06-16,430,2,9.98
Day,2022-06-16,488,2,9.98
Day,2022-06-17,588,2,9.98
Day,2022-06-18,325,2,9.98
Day,2022-06-18,491,2,9.98
Day,2022-06-18,576,2,9.98
Day,2022-06-18,579,2,9.98
Day,2022-06-18,593,2,9.98
Day,2022-06-19,26,2,9.98
Day,2022-06-19,209,2,9.98
Day,2022-06-19,256,2,9.98
Day,2022-06-19,331,2,9.98
Day,2022-06-19,364,2,9.98
Day,2022-06-19,473,2,9.98
Day,2022-06-20,132,2,9.98
Day,2022-06-20,196,2,9.98
Day,2022-06-20,213,2,9.98
Day,2022-06-20,266,2,9.98
Day,2022-06-20,561,2,9.98
Day,2022-06-21,185,2,9.98
Day,2022-06-21,448,2,9.98
Day,2022-06-21,554,2,9.98
Day,2022-06-21,577,2,9.98
Day,2022-07-06,31,2,9.98
Day,2022-07-06,83,2,9.98
Day,2022-07-06,116,2,9.98
Day,2022-07-06,149,2,9.98
Day,2022-07-06,170,2,9.98
Day,2022-07-06,210,2,9.98
Day,2022-07-06,364,2,9.98
Day,2022-07-06,385,2,9.98
Day,2022-07-06,435,2,9.98
Day,2022-07-06,547,2,9.98
Day,2022-07-07,94,2,9.98
Day,2022-07-07,157,2,9.98
Day,2022-07-07,195,2,9.98
Day,2022-07-07,206,2,9.98
Day,2022-07-07,317,2,9.98
Day,2022-07-07,344,2,9.98
Day,2022-07-07,441,2,9.98
Day,2022-07-07,494,2,9.98
Day,2022-07-07,594,2,9.98
Day,2022-07-07,595,2,9.98
Day,2022-07-08,36,2,9.98
Day,2022-07-08,79,2,9.98
Day,2022-07-08,89,2,9.98
Day,2022-07-08,142,2,9.98
Day,2022-07-08,209,2,9.98
Day,2022-07-08,260,2,9.98
Day,2022-07-08,368,2,9.98
Day,2022-07-08,400,2,9.98
Day,2022-07-08,540,2,9.98
Day,2022-07-08,544,2,9.98
Day,2022-07-09,1,2,9.98
Day,2022-07-09,43,2,9.98
Day,2022-07-09,105,2,9.98
Day,2022-07-09,131,2,9.98
Day,2022-07-09,148,2,9.98
Day,2022-07-09,166,2,9.98
Day,2022-07-09,209,2,9.98
Day,2022-07-09,249,2,9.98
Day,2022-07-09,261,2,9.98
Day,2022-07-09,276,2,9.98
Day,2022-07-09,282,2,9.98
Day,2022-07-09,369,2,9.98
Day,2022-07-09,420,2,9.98
Day,2022-07-09,432,2,9.98
Day,2022-07-09,438,2,9.98
Day,2022-07-09,482,2,9.98
Day,2022-07-09,497,2,9.98
Day,2022-07-09,523,2,9.98
Day,2022-07-10,2,2,9.98
Day,2022-07-10,42,2,9.98
Day,2022-07-10,94,2,9.98
Day,2022-07-10,397,2,9.98
Day,2022-07-10,437,2,9.98
Day,2022-07-10,535,2,9.98
Day,2022-07-11,20,2,9.98
Day,2022-07-11,176,2,9.98
Day,2022-07-11,241,2,9.98
Day,2022-07-11,265,2,9.98
Day,2022-07-11,303,2,9.98
Day,2022-07-11,399,2,9.98
Day,2022-07-11,458,2,9.98
Day,2022-07-11,479,2,9.98
Day,2022-07-11,590,2,9.98
Day,2022-07-12,35,2,9.98
Day,2022-07-12,50,2,9.98
Day,2022-07-12,128,2,9.98
Day,2022-07-12,183,2,9.98
Day,2022-07-12,184,2,9.98
Day,2022-07-12,315,2,9.98
Day,2022-07-12,415,2,9.98
Day,2022-07-12,420,2,9.98
Day,2022-07-12,458,2,9.98
Day,2022-07-12,479,2,9.98
Day,2022-07-12,485,2,9.98
Day,2022-07-12,531,2,9.98
Day,2022-07-27,61,2,9.98
Day,2022-07-27,206,2,9.98
Day,2022-07-27,226,2,9.98
Day,2022-07-27,228,2,9.98
Day,2022-07-27,230,2,9.98
Day,2022-07-27,263,2,9.98
Day,2022-07-27,348,2,9.98
Day,2022-07-27,349,2,9.98
Day,2022-07-27,390,2,9.98
Day,2022-07-27,434,2,9.98
Day,2022-07-27,455,2,9.98
Day,2022-07-27,486,2,9.98
Day,2022-07-27,525,2,9.98
Day,2022-07-27,572,2,9.98
Day,2022-07-28,90,2,9.98
Day,2022-07-28,112,2,9.98
Day,2022-07-28,118,2,9.98
Day,2022-07-28,365,2,9.98
Day,2022-07-28,408,2,9.98
Day,2022-07-28,428,2,9.98
Day,2022-07-28,433,2,9.98
Day,2022-07-28,469,2,9.98
Day,2022-07-28,473,2,9.98
Day,2022-07-28,497,2,9.98
Day,2022-07-28,537,2,9.98
Day,2022-07-28,539,2,9.98
Day,2022-07-29,44,2,9.98
Day,2022-07-29,162,2,9.98
Day,2022-07-29,185,2,9.98
Day,2022-07-29,193,2,9.98
Day,2022-07-29,257,2,9.98
Day,2022-07-29,421,2,9.98
Day,2022-07-29,428,2,9.98
Day,2022-07-29,536,2,9.98
Day,2022-07-29,550,2,9.98
Day,2022-07-30,18,2,9.98
Day,2022-07-30,92,2,9.98
Day,2022-07-30,168,2,9.98
Day,2022-07-30,306,2,9.98
Day,2022-07-30,336,2,9.98
Day,2022-07-30,366,2,9.98
Day,2022-07-30,404,2,9.98
Day,2022-07-30,459,2,9.98
Day,2022-07-30,566,2,9.98
Day,2022-07-31,49,2,9.98
Day,2022-07-31,123,2,9.98
Day,2022-07-31,127,2,9.98
Day,2022-07-31,217,2,9.98
Day,2022-07-31,241,2,9.98
Day,2022-07-31,257,2,9.98
Day,2022-07-31,274,2,9.98
Day,2022-07-31,286,2,9.98
Day,2022-07-31,323,2,9.98
Day,2022-07-31,390,2,9.98
Day,2022-07-31,393,2,9.98
Day,2022-07-31,495,2,9.98
Day,2022-07-31,521,2,9.98
Day,2022-07-31,564,2,9.98
Day,2022-07-31,583,2,9.98
Day,2022-08-01,14,2,9.98
Day,2022-08-01,45,2,9.98
Day,2022-08-01,64,2,9.98
Day,2022-08-01,90,2,9.98
Day,2022-08-01,99,2,9.98
Day,2022-08-01,138,2,9.98
Day,2022-08-01,201,2,9.98
Day,2022-08-01,263,2,9.98
Day,2022-08-01,405,2,9.98
Day,2022-08-01,444,2,9.98
Day,2022-08-01,517,2,9.98
Day,2022-08-01,533,2,9.98
Day,2022-08-01,535,2,9.98
Day,2022-08-01,538,2,9.98
Day,2022-08-01,566,2,9.98
Day,2022-08-02,5,2,9.98
Day,2022-08-02,18,2,9.98
Day,2022-08-02,35,2,9.98
Day,2022-08-02,54,2,9.98
Day,2022-08-02,102,2,9.98
Day,2022-08-02,157,2,9.98
Day,2022-08-02,269,2,9.98
Day,2022-08-02,378,2,9.98
Day,2022-08-02,435,2,9.98
Day,2022-08-02,439,2,9.98
Day,2022-08-02,508,2,9.98
Day,2022-08-16,400,2,9.98
Day,2022-08-17,35,2,9.98
Day,2022-08-17,36,2,9.98
Day,2022-08-17,268,2,9.98
Day,2022-08-17,296,2,9.98
Day,2022-08-17,324,2,9.98
Day,2022-08-17,376,2,9.98
Day,2022-08-17,392,2,9.98
Day,2022-08-17,424,2,9.98
Day,2022-08-17,438,2,9.98
Day,2022-08-17,462,2,9.98
Day,2022-08-17,590,2,9.98
Day,2022-08-18,55,2,9.98
Day,2022-08-18,96,2,9.98
Day,2022-08-18,108,2,9.98
Day,2022-08-18,122,2,9.98
Day,2022-08-18,147,2,9.98
Day,2022-08-18,167,2,9.98
Day,2022-08-18,168,2,9.98
Day,2022-08-18,258,2,9.98
Day,2022-08-18,336,2,9.98
Day,2022-08-18,345,2,9.98
Day,2022-08-18,350,2,9.98
Day,2022-08-18,367,2,9.98
Day,2022-08-18,401,2,9.98
Day,2022-08-18,446,2,9.98
Day,2022-08-18,485,2,9.98
Day,2022-08-18,507,2,9.98
Day,2022-08-18,541,2,9.98
Day,2022-08-18,564,2,9.98
Day,2022-08-19,16,2,9.98
Day,2022-08-19,105,2,9.98
Day,2022-08-19,182,2,9.98
Day,2022-08-19,239,2,9.98
Day,2022-08-19,293,2,9.98
Day,2022-08-19,341,2,9.98
Day,2022-08-19,342,2,9.98
Day,2022-08-19,381,2,9.98
Day,2022-08-19,393,2,9.98
Day,2022-08-19,396,2,9.98
Day,2022-08-19,399,2,9.98
Day,2022-08-19,409,2,9.98
Day,2022-08-19,508,2,9.98
Day,2022-08-19,576,2,9.98
Day,2022-08-20,4,2,9.98
Day,2022-08-20,146,2,9.98
Day,2022-08-20,157,2,9.98
Day,2022-08-20,255,2,9.98
Day,2022-08-20,277,2,9.98
Day,2022-08-20,368,2,9.98
Day,2022-08-20,410,2,9.98
Day,2022-08-20,413,2,9.98
Day,2022-08-20,470,2,9.98
Day,2022-08-20,493,2,9.98
Day,2022-08-20,526,2,9.98
Day,2022-08-20,537,2,9.98
Day,2022-08-20,574,2,9.98
Day,2022-08-21,5,2,9.98
Day,2022-08-21,25,2,9.98
Day,2022-08-21,153,2,9.98
Day,2022-08-21,186,2,9.98
Day,2022-08-21,268,2,9.98
Day,2022-08-21,277,2,9.98
Day,2022-08-21,284,2,9.98
Day,2022-08-21,325,2,9.98
Day,2022-08-21,331,2,9.98
Day,2022-08-21,342,2,9.98
Day,2022-08-21,443,2,9.98
Day,2022-08-21,445,2,9.98
Day,2022-08-21,486,2,9.98
Day,2022-08-21,489,2,9.98
Day,2022-08-21,506,2,9.98
Day,2022-08-21,559,2,9.98
Day,2022-08-22,15,2,9.98
Day,2022-08-22,43,2,9.98
Day,2022-08-22,50,2,9.98
Day,2022-08-22,74,2,9.98
Day,2022-08-22,88,2,9.98
Day,2022-08-22,211,2,9.98
Day,2022-08-22,237,2,9.98
Day,2022-08-22,304,2,9.98
Day,2022-08-22,337,2,9.98
Day,2022-08-22,415,2,9.98
Day,2022-08-22,478,2,9.98
Day,2022-08-22,544,2,9.98
Day,2022-08-22,580,2,9.98
Day,2022-08-22,594,2,9.98
Day,2022-08-23,43,2,9.98
Day,2022-08-23,163,2,9.98
Day,2022-08-23,165,2,9.98
Day,2022-08-23,210,2,9.98
Day,2022-08-23,279,2,9.98
Day,2022-08-23,361,2,9.98
Day,2022-08-23,400,2,9.98
Day,2022-08-23,425,2,9.98
Day,2022-08-23,445,2,9.98
Day,2022-08-23,447,2,9.98
Day,2022-08-23,493,2,9.98
Day,2022-08-23,512,2,9.98
Day,2022-08-23,536,2,9.98
Month,2022-02-01,60,2,9.98
Month,2022-05-01,12,2,9.98
Month,2022-05-01,24,2,9.98
Month,2022-05-01,43,2,9.98
Month,2022-05-01,110,2,9.98
Month,2022-05-01,133,2,9.98
Month,2022-05-01,135,2,9.98
Month,2022-05-01,152,2,9.98
Month,2022-05-01,215,2,9.98
Month,2022-05-01,346,2,9.98
Month,2022-05-01,350,2,9.98
Month,2022-05-01,379,2,9.98
Month,2022-05-01,383,2,9.98
Month,2022-05-01,388,2,9.98
Month,2022-05-01,390,2,9.98
Month,2022-05-01,413,2,9.98
Month,2022-05-01,444,2,9.98
Month,2022-05-01,495,2,9.98
Month,2022-05-01,542,2,9.98
Month,2022-05-01,557,2,9.98
Month,2022-05-01,561,2,9.98
Month,2022-05-01,581,2,9.98
Month,2022-06-01,60,2,9.98
Month,2022-06-01,106,2,9.98
Month,2022-06-01,170,2,9.98
Month,2022-06-01,232,2,9.98
Month,2022-06-01,285,2,9.98
Month,2022-06-01,373,2,9.98
Month,2022-06-01,441,2,9.98
Month,2022-06-01,488,2,9.98
Month,2022-06-01,535,2,9.98
Month,2022-06-01,541,2,9.98
Day,2022-05-26,251,2,4.98
Day,2022-05-27,220,2,4.98
Day,2022-05-28,197,2,4.98
Day,2022-05-29,452,2,4.98
Day,2022-05-30,197,2,4.98
Day,2022-06-15,371,2,4.98
Day,2022-06-16,121,2,4.98
Day,2022-06-16,216,2,4.98
Day,2022-06-17,111,2,4.98
Day,2022-06-19,67,2,4.98
Day,2022-06-19,361,2,4.98
Day,2022-06-20,260,2,4.98
Day,2022-06-20,295,2,4.98
Day,2022-06-20,333,2,4.98
Day,2022-06-20,451,2,4.98
Day,2022-06-21,45,2,4.98
Day,2022-06-21,62,2,4.98
Day,2022-07-06,312,2,4.98
Day,2022-07-06,436,2,4.98
Day,2022-07-07,108,2,4.98
Day,2022-07-07,120,2,4.98
Day,2022-07-07,469,2,4.98
Day,2022-07-07,474,2,4.98
Day,2022-07-08,149,2,4.98
Day,2022-07-08,230,2,4.98
Day,2022-07-08,283,2,4.98
Day,2022-07-09,52,2,4.98
Day,2022-07-09,263,2,4.98
Day,2022-07-09,469,2,4.98
Day,2022-07-10,180,2,4.98
Day,2022-07-10,271,2,4.98
Day,2022-07-10,287,2,4.98
Day,2022-07-10,424,2,4.98
Day,2022-07-11,7,2,4.98
Day,2022-07-11,26,2,4.98
Day,2022-07-11,75,2,4.98
Day,2022-07-11,185,2,4.98
Day,2022-07-11,360,2,4.98
Day,2022-07-11,373,2,4.98
Day,2022-07-11,498,2,4.98
Day,2022-07-12,43,2,4.98
Day,2022-07-12,263,2,4.98
Day,2022-07-27,98,2,4.98
Day,2022-07-27,151,2,4.98
Day,2022-07-27,163,2,4.98
Day,2022-07-27,362,2,4.98
Day,2022-07-27,574,2,4.98
Day,2022-07-27,589,2,4.98
Day,2022-07-28,5,2,4.98
Day,2022-07-28,144,2,4.98
Day,2022-07-28,186,2,4.98
Day,2022-07-28,307,2,4.98
Day,2022-07-28,458,2,4.98
Day,2022-07-28,555,2,4.98
Day,2022-07-29,410,2,4.98
Day,2022-07-30,158,2,4.98
Day,2022-07-30,159,2,4.98
Day,2022-07-30,446,2,4.98
Day,2022-07-30,500,2,4.98
Day,2022-07-30,581,2,4.98
Day,2022-07-31,115,2,4.98
Day,2022-07-31,158,2,4.98
Day,2022-07-31,235,2,4.98
Day,2022-07-31,273,2,4.98
Day,2022-07-31,569,2,4.98
Day,2022-08-01,172,2,4.98
Day,2022-08-01,207,2,4.98
Day,2022-08-01,295,2,4.98
Day,2022-08-01,463,2,4.98
Day,2022-08-01,475,2,4.98
Day,2022-08-01,504,2,4.98
Day,2022-08-01,527,2,4.98
Day,2022-08-02,1,2,4.98
Day,2022-08-02,120,2,4.98
Day,2022-08-02,503,2,4.98
Day,2022-08-17,40,2,4.98
Day,2022-08-17,251,2,4.98
Day,2022-08-17,261,2,4.98
Day,2022-08-17,277,2,4.98
Day,2022-08-17,288,2,4.98
Day,2022-08-17,393,2,4.98
Day,2022-08-17,522,2,4.98
Day,2022-08-17,596,2,4.98
Day,2022-08-18,183,2,4.98
Day,2022-08-18,212,2,4.98
Day,2022-08-18,215,2,4.98
Day,2022-08-18,221,2,4.98
Day,2022-08-18,372,2,4.98
Day,2022-08-18,557,2,4.98
Day,2022-08-18,569,2,4.98
Day,2022-08-19,145,2,4.98
Day,2022-08-19,169,2,4.98
Day,2022-08-19,170,2,4.98
Day,2022-08-19,290,2,4.98
Day,2022-08-19,300,2,4.98
Day,2022-08-19,336,2,4.98
Day,2022-08-19,468,2,4.98
Day,2022-08-19,494,2,4.98
Day,2022-08-19,551,2,4.98
Day,2022-08-19,592,2,4.98
Day,2022-08-20,85,2,4.98
Day,2022-08-20,304,2,4.98
Day,2022-08-20,335,2,4.98
Day,2022-08-20,343,2,4.98
Day,2022-08-20,585,2,4.98
Day,2022-08-21,48,2,4.98
Day,2022-08-21,56,2,4.98
Day,2022-08-21,62,2,4.98
Day,2022-08-21,101,2,4.98
Day,2022-08-21,299,2,4.98
Day,2022-08-21,456,2,4.98
Day,2022-08-21,515,2,4.98
Day,2022-08-21,586,2,4.98
Day,2022-08-22,100,2,4.98
Day,2022-08-22,167,2,4.98
Day,2022-08-22,332,2,4.98
Day,2022-08-22,405,2,4.98
Day,2022-08-22,460,2,4.98
Day,2022-08-22,467,2,4.98
Day,2022-08-23,113,2,4.98
Day,2022-08-23,139,2,4.98
Day,2022-08-23,267,2,4.98
Day,2022-08-23,393,2,4.98
Day,2022-08-23,562,2,4.98
Day,2022-08-23,586,2,4.98
Month,2022-05-01,3,2,4.98
Month,2022-05-01,106,2,4.98
Month,2022-05-01,182,2,4.98
Month,2022-05-01,220,2,4.98
Month,2022-05-01,266,2,4.98
Month,2022-05-01,273,2,4.98
Month,2022-05-01,297,2,4.98
Month,2022-05-01,545,2,4.98
Month,2022-06-01,121,2,4.98
Month,2022-06-01,142,2,4.98
Month,2022-06-01,219,2,4.98
Month,2022-06-01,248,2,4.98
Month,2022-06-01,312,2,4.98
Month,2022-08-01,281,2,4.98
Day,2022-05-26,58,2,8.98
Day,2022-05-26,391,2,8.98
Day,2022-05-27,56,2,8.98
Day,2022-05-27,274,2,8.98
Day,2022-05-28,14,2,8.98
Day,2022-05-30,369,2,8.98
Day,2022-05-30,549,2,8.98
Day,2022-05-30,551,2,8.98
Day,2022-05-31,5,2,8.98
Day,2022-06-15,122,2,8.98
Day,2022-06-15,148,2,8.98
Day,2022-06-15,320,2,8.98
Day,2022-06-15,339,2,8.98
Day,2022-06-15,344,2,8.98
Day,2022-06-15,375,2,8.98
Day,2022-06-15,571,2,8.98
Day,2022-06-15,585,2,8.98
Day,2022-06-15,592,2,8.98
Day,2022-06-16,174,2,8.98
Day,2022-06-16,390,2,8.98
Day,2022-06-16,429,2,8.98
Day,2022-06-17,182,2,8.98
Day,2022-06-17,227,2,8.98
Day,2022-06-17,319,2,8.98
Day,2022-06-17,357,2,8.98
Day,2022-06-17,406,2,8.98
Day,2022-06-17,457,2,8.98
Day,2022-06-17,550,2,8.98
Day,2022-06-18,240,2,8.98
Day,2022-06-18,431,2,8.98
Day,2022-06-18,489,2,8.98
Day,2022-06-18,497,2,8.98
Day,2022-06-19,44,2,8.98
Day,2022-06-19,116,2,8.98
Day,2022-06-19,139,2,8.98
Day,2022-06-19,171,2,8.98
Day,2022-06-19,200,2,8.98
Day,2022-06-19,422,2,8.98
Day,2022-06-19,523,2,8.98
Day,2022-06-19,562,2,8.98
Day,2022-06-19,576,2,8.98
Day,2022-06-20,114,2,8.98
Day,2022-06-20,189,2,8.98
Day,2022-06-20,342,2,8.98
Day,2022-06-20,399,2,8.98
Day,2022-06-21,229,2,8.98
Day,2022-06-21,299,2,8.98
Day,2022-06-21,318,2,8.98
Day,2022-07-06,154,2,8.98
Day,2022-07-06,233,2,8.98
Day,2022-07-06,250,2,8.98
Day,2022-07-06,277,2,8.98
Day,2022-07-06,286,2,8.98
Day,2022-07-06,428,2,8.98
Day,2022-07-06,468,2,8.98
Day,2022-07-06,514,2,8.98
Day,2022-07-06,577,2,8.98
Day,2022-07-07,143,2,8.98
Day,2022-07-07,299,2,8.98
Day,2022-07-07,401,2,8.98
Day,2022-07-07,425,2,8.98
Day,2022-07-07,477,2,8.98
Day,2022-07-08,59,2,8.98
Day,2022-07-08,219,2,8.98
Day,2022-07-08,234,2,8.98
Day,2022-07-08,297,2,8.98
Day,2022-07-08,462,2,8.98
Day,2022-07-09,80,2,8.98
Day,2022-07-09,191,2,8.98
Day,2022-07-09,290,2,8.98
Day,2022-07-09,343,2,8.98
Day,2022-07-09,405,2,8.98
Day,2022-07-09,490,2,8.98
Day,2022-07-10,28,2,8.98
Day,2022-07-10,40,2,8.98
Day,2022-07-10,87,2,8.98
Day,2022-07-10,241,2,8.98
Day,2022-07-10,317,2,8.98
Day,2022-07-10,354,2,8.98
Day,2022-07-10,439,2,8.98
Day,2022-07-10,537,2,8.98
Day,2022-07-10,554,2,8.98
Day,2022-07-10,576,2,8.98
Day,2022-07-11,119,2,8.98
Day,2022-07-11,160,2,8.98
Day,2022-07-11,169,2,8.98
Day,2022-07-11,172,2,8.98
Day,2022-07-11,232,2,8.98
Day,2022-07-11,337,2,8.98
Day,2022-07-11,420,2,8.98
Day,2022-07-11,507,2,8.98
Day,2022-07-11,589,2,8.98
Day,2022-07-12,5,2,8.98
Day,2022-07-12,277,2,8.98
Day,2022-07-12,299,2,8.98
Day,2022-07-12,335,2,8.98
Day,2022-07-12,438,2,8.98
Day,2022-07-12,532,2,8.98
Day,2022-07-12,579,2,8.98
Day,2022-07-27,113,2,8.98
Day,2022-07-27,144,2,8.98
Day,2022-07-27,320,2,8.98
Day,2022-07-27,357,2,8.98
Day,2022-07-27,502,2,8.98
Day,2022-07-27,547,2,8.98
Day,2022-07-28,20,2,8.98
Day,2022-07-28,56,2,8.98
Day,2022-07-28,99,2,8.98
Day,2022-07-28,229,2,8.98
Day,2022-07-28,295,2,8.98
Day,2022-07-28,298,2,8.98
Day,2022-07-28,352,2,8.98
Day,2022-07-28,398,2,8.98
Day,2022-07-28,547,2,8.98
Day,2022-07-28,590,2,8.98
Day,2022-07-29,2,2,8.98
Day,2022-07-29,14,2,8.98
Day,2022-07-29,32,2,8.98
Day,2022-07-29,86,2,8.98
Day,2022-07-29,135,2,8.98
Day,2022-07-29,180,2,8.98
Day,2022-07-29,365,2,8.98
Day,2022-07-29,376,2,8.98
Day,2022-07-29,433,2,8.98
Day,2022-07-29,542,2,8.98
Day,2022-07-29,560,2,8.98
Day,2022-07-29,580,2,8.98
Day,2022-07-30,20,2,8.98
Day,2022-07-30,35,2,8.98
Day,2022-07-30,72,2,8.98
Day,2022-07-30,96,2,8.98
Day,2022-07-30,148,2,8.98
Day,2022-07-30,186,2,8.98
Day,2022-07-30,290,2,8.98
Day,2022-07-30,296,2,8.98
Day,2022-07-30,367,2,8.98
Day,2022-07-30,377,2,8.98
Day,2022-07-30,390,2,8.98
Day,2022-07-30,398,2,8.98
Day,2022-07-30,433,2,8.98
Day,2022-07-30,452,2,8.98
Day,2022-07-30,592,2,8.98
Day,2022-07-31,52,2,8.98
Day,2022-07-31,55,2,8.98
Day,2022-07-31,96,2,8.98
Day,2022-07-31,155,2,8.98
Day,2022-07-31,243,2,8.98
Day,2022-07-31,279,2,8.98
Day,2022-07-31,287,2,8.98
Day,2022-07-31,351,2,8.98
Day,2022-07-31,428,2,8.98
Day,2022-07-31,435,2,8.98
Day,2022-07-31,442,2,8.98
Day,2022-07-31,536,2,8.98
Day,2022-07-31,565,2,8.98
Day,2022-07-31,584,2,8.98
Day,2022-08-01,25,2,8.98
Day,2022-08-01,130,2,8.98
Day,2022-08-01,175,2,8.98
Day,2022-08-01,179,2,8.98
Day,2022-08-01,192,2,8.98
Day,2022-08-01,214,2,8.98
Day,2022-08-01,247,2,8.98
Day,2022-08-01,271,2,8.98
Day,2022-08-01,329,2,8.98
Day,2022-08-01,356,2,8.98
Day,2022-08-01,412,2,8.98
Day,2022-08-01,415,2,8.98
Day,2022-08-01,456,2,8.98
Day,2022-08-01,512,2,8.98
Day,2022-08-01,530,2,8.98
Day,2022-08-02,66,2,8.98
Day,2022-08-02,127,2,8.98
Day,2022-08-02,137,2,8.98
Day,2022-08-02,141,2,8.98
Day,2022-08-02,277,2,8.98
Day,2022-08-02,331,2,8.98
Day,2022-08-02,366,2,8.98
Day,2022-08-02,500,2,8.98
Day,2022-08-02,527,2,8.98
Day,2022-08-02,555,2,8.98
Day,2022-08-02,575,2,8.98
Day,2022-08-02,577,2,8.98
Day,2022-08-17,22,2,8.98
Day,2022-08-17,96,2,8.98
Day,2022-08-17,98,2,8.98
Day,2022-08-17,145,2,8.98
Day,2022-08-17,276,2,8.98
Day,2022-08-17,389,2,8.98
Day,2022-08-17,445,2,8.98
Day,2022-08-17,452,2,8.98
Day,2022-08-17,460,2,8.98
Day,2022-08-17,501,2,8.98
Day,2022-08-17,527,2,8.98
Day,2022-08-17,556,2,8.98
Day,2022-08-17,582,2,8.98
Day,2022-08-18,129,2,8.98
Day,2022-08-18,185,2,8.98
Day,2022-08-18,230,2,8.98
Day,2022-08-18,289,2,8.98
Day,2022-08-18,290,2,8.98
Day,2022-08-18,300,2,8.98
Day,2022-08-18,352,2,8.98
Day,2022-08-18,361,2,8.98
Day,2022-08-18,439,2,8.98
Day,2022-08-19,45,2,8.98
Day,2022-08-19,55,2,8.98
Day,2022-08-19,59,2,8.98
Day,2022-08-19,63,2,8.98
Day,2022-08-19,86,2,8.98
Day,2022-08-19,116,2,8.98
Day,2022-08-19,316,2,8.98
Day,2022-08-19,344,2,8.98
Day,2022-08-19,379,2,8.98
Day,2022-08-19,385,2,8.98
Day,2022-08-19,439,2,8.98
Day,2022-08-19,484,2,8.98
Day,2022-08-19,529,2,8.98
Day,2022-08-20,40,2,8.98
Day,2022-08-20,167,2,8.98
Day,2022-08-20,188,2,8.98
Day,2022-08-20,264,2,8.98
Day,2022-08-20,266,2,8.98
Day,2022-08-20,337,2,8.98
Day,2022-08-20,409,2,8.98
Day,2022-08-20,411,2,8.98
Day,2022-08-20,520,2,8.98
Day,2022-08-20,539,2,8.98
Day,2022-08-20,578,2,8.98
Day,2022-08-20,596,2,8.98
Day,2022-08-21,71,2,8.98
Day,2022-08-21,81,2,8.98
Day,2022-08-21,139,2,8.98
Day,2022-08-21,161,2,8.98
Day,2022-08-21,166,2,8.98
Day,2022-08-21,198,2,8.98
Day,2022-08-21,212,2,8.98
Day,2022-08-21,262,2,8.98
Day,2022-08-21,302,2,8.98
Day,2022-08-21,339,2,8.98
Day,2022-08-21,411,2,8.98
Day,2022-08-21,471,2,8.98
Day,2022-08-21,496,2,8.98
Day,2022-08-22,33,2,8.98
Day,2022-08-22,121,2,8.98
Day,2022-08-22,137,2,8.98
Day,2022-08-22,166,2,8.98
Day,2022-08-22,182,2,8.98
Day,2022-08-22,234,2,8.98
Day,2022-08-22,284,2,8.98
Day,2022-08-22,298,2,8.98
Day,2022-08-22,323,2,8.98
Day,2022-08-22,434,2,8.98
Day,2022-08-22,440,2,8.98
Day,2022-08-22,459,2,8.98
Day,2022-08-22,471,2,8.98
Day,2022-08-22,472,2,8.98
Day,2022-08-22,529,2,8.98
Day,2022-08-22,567,2,8.98
Day,2022-08-22,568,2,8.98
Day,2022-08-23,38,2,8.98
Day,2022-08-23,201,2,8.98
Day,2022-08-23,223,2,8.98
Day,2022-08-23,342,2,8.98
Day,2022-08-23,377,2,8.98
Day,2022-08-23,465,2,8.98
Month,2022-05-01,120,2,8.98
Month,2022-05-01,128,2,8.98
Month,2022-05-01,169,2,8.98
Month,2022-05-01,225,2,8.98
Month,2022-05-01,227,2,8.98
Month,2022-05-01,232,2,8.98
Month,2022-05-01,254,2,8.98
Month,2022-05-01,344,2,8.98
Month,2022-05-01,414,2,8.98
Month,2022-05-01,543,2,8.98
Month,2022-05-01,564,2,8.98
Month,2022-06-01,128,2,8.98
Month,2022-06-01,399,2,8.98
Month,2022-06-01,504,2,8.98
Month,2022-06-01,532,2,8.98
Month,2022-06-01,551,2,8.98
Month,2022-08-01,164,2,8.98
Day,2022-02-14,15,2,3.98
Day,2022-02-14,43,2,3.98
Day,2022-02-14,175,2,3.98
Day,2022-02-14,228,2,3.98
Day,2022-02-14,269,2,3.98
Day,2022-02-14,361,2,3.98
Day,2022-02-14,448,2,3.98
Day,2022-02-14,457,2,3.98
Day,2022-05-25,185,2,3.98
Day,2022-05-28,77,2,3.98
Day,2022-05-28,287,2,3.98
Day,2022-05-29,371,2,3.98
Day,2022-05-29,551,2,3.98
Day,2022-05-30,83,2,3.98
Day,2022-05-30,374,2,3.98
Day,2022-06-15,115,2,3.98
Day,2022-06-15,197,2,3.98
Day,2022-06-15,254,2,3.98
Day,2022-06-15,349,2,3.98
Day,2022-06-15,430,2,3.98
Day,2022-06-16,234,2,3.98
Day,2022-06-16,283,2,3.98
Day,2022-06-17,307,2,3.98
Day,2022-06-17,391,2,3.98
Day,2022-06-17,411,2,3.98
Day,2022-06-17,533,2,3.98
Day,2022-06-18,406,2,3.98
Day,2022-06-18,544,2,3.98
Day,2022-06-19,38,2,3.98
Day,2022-06-19,208,2,3.98
Day,2022-06-19,493,2,3.98
Day,2022-06-20,50,2,3.98
Day,2022-06-20,350,2,3.98
Day,2022-06-20,380,2,3.98
Day,2022-06-20,446,2,3.98
Day,2022-06-21,340,2,3.98
Day,2022-07-06,79,2,3.98
Day,2022-07-06,132,2,3.98
Day,2022-07-06,171,2,3.98
Day,2022-07-06,314,2,3.98
Day,2022-07-06,381,2,3.98
Day,2022-07-06,441,2,3.98
Day,2022-07-06,494,2,3.98
Day,2022-07-06,498,2,3.98
Day,2022-07-06,573,2,3.98
Day,2022-07-06,580,2,3.98
Day,2022-07-06,587,2,3.98
Day,2022-07-07,182,2,3.98
Day,2022-07-07,183,2,3.98
Day,2022-07-07,295,2,3.98
Day,2022-07-07,411,2,3.98
Day,2022-07-07,507,2,3.98
Day,2022-07-07,521,2,3.98
Day,2022-07-07,539,2,3.98
Day,2022-07-07,564,2,3.98
Day,2022-07-08,32,2,3.98
Day,2022-07-08,78,2,3.98
Day,2022-07-08,126,2,3.98
Day,2022-07-08,139,2,3.98
Day,2022-07-08,198,2,3.98
Day,2022-07-08,263,2,3.98
Day,2022-07-08,265,2,3.98
Day,2022-07-08,288,2,3.98
Day,2022-07-08,431,2,3.98
Day,2022-07-08,507,2,3.98
Day,2022-07-08,517,2,3.98
Day,2022-07-08,519,2,3.98
Day,2022-07-08,573,2,3.98
Day,2022-07-09,35,2,3.98
Day,2022-07-09,305,2,3.98
Day,2022-07-09,350,2,3.98
Day,2022-07-10,32,2,3.98
Day,2022-07-10,57,2,3.98
Day,2022-07-10,147,2,3.98
Day,2022-07-10,277,2,3.98
Day,2022-07-10,324,2,3.98
Day,2022-07-10,336,2,3.98
Day,2022-07-10,386,2,3.98
Day,2022-07-10,447,2,3.98
Day,2022-07-10,461,2,3.98
Day,2022-07-10,595,2,3.98
Day,2022-07-11,30,2,3.98
Day,2022-07-11,45,2,3.98
Day,2022-07-11,77,2,3.98
Day,2022-07-11,107,2,3.98
Day,2022-07-11,392,2,3.98
Day,2022-07-11,538,2,3.98
Day,2022-07-11,561,2,3.98
Day,2022-07-12,54,2,3.98
Day,2022-07-12,138,2,3.98
Day,2022-07-12,140,2,3.98
Day,2022-07-12,171,2,3.98
Day,2022-07-12,261,2,3.98
Day,2022-07-12,359,2,3.98
Day,2022-07-12,565,2,3.98
Day,2022-07-27,16,2,3.98
Day,2022-07-27,133,2,3.98
Day,2022-07-27,201,2,3.98
Day,2022-07-27,241,2,3.98
Day,2022-07-27,243,2,3.98
Day,2022-07-27,342,2,3.98
Day,2022-07-27,396,2,3.98
Day,2022-07-27,442,2,3.98
Day,2022-07-27,512,2,3.98
Day,2022-07-27,575,2,3.98
Day,2022-07-28,94,2,3.98
Day,2022-07-28,126,2,3.98
Day,2022-07-28,158,2,3.98
Day,2022-07-28,175,2,3.98
Day,2022-07-28,227,2,3.98
Day,2022-07-28,288,2,3.98
Day,2022-07-28,368,2,3.98
Day,2022-07-28,411,2,3.98
Day,2022-07-28,416,2,3.98
Day,2022-07-28,500,2,3.98
Day,2022-07-29,25,2,3.98
Day,2022-07-29,70,2,3.98
Day,2022-07-29,230,2,3.98
Day,2022-07-29,383,2,3.98
Day,2022-07-29,406,2,3.98
Day,2022-07-29,407,2,3.98
Day,2022-07-29,454,2,3.98
Day,2022-07-29,592,2,3.98
Day,2022-07-30,76,2,3.98
Day,2022-07-30,89,2,3.98
Day,2022-07-30,133,2,3.98
Day,2022-07-30,185,2,3.98
Day,2022-07-30,215,2,3.98
Day,2022-07-30,217,2,3.98
Day,2022-07-30,251,2,3.98
Day,2022-07-30,264,2,3.98
Day,2022-07-30,300,2,3.98
Day,2022-07-30,354,2,3.98
Day,2022-07-30,388,2,3.98
Day,2022-07-30,471,2,3.98
Day,2022-07-30,551,2,3.98
Day,2022-07-31,8,2,3.98
Day,2022-07-31,69,2,3.98
Day,2022-07-31,111,2,3.98
Day,2022-07-31,309,2,3.98
Day,2022-07-31,358,2,3.98
Day,2022-07-31,485,2,3.98
Day,2022-07-31,488,2,3.98
Day,2022-07-31,520,2,3.98
Day,2022-08-01,84,2,3.98
Day,2022-08-01,116,2,3.98
Day,2022-08-01,160,2,3.98
Day,2022-08-01,252,2,3.98
Day,2022-08-01,276,2,3.98
Day,2022-08-01,307,2,3.98
Day,2022-08-01,400,2,3.98
Day,2022-08-01,494,2,3.98
Day,2022-08-01,499,2,3.98
Day,2022-08-01,528,2,3.98
Day,2022-08-01,573,2,3.98
Day,2022-08-01,592,2,3.98
Day,2022-08-02,4,2,3.98
Day,2022-08-02,10,2,3.98
Day,2022-08-02,51,2,3.98
Day,2022-08-02,342,2,3.98
Day,2022-08-02,474,2,3.98
Day,2022-08-02,481,2,3.98
Day,2022-08-02,505,2,3.98
Day,2022-08-02,550,2,3.98
Day,2022-08-17,21,2,3.98
Day,2022-08-17,131,2,3.98
Day,2022-08-17,148,2,3.98
Day,2022-08-17,195,2,3.98
Day,2022-08-17,470,2,3.98
Day,2022-08-17,542,2,3.98
Day,2022-08-18,27,2,3.98
Day,2022-08-18,52,2,3.98
Day,2022-08-18,63,2,3.98
Day,2022-08-18,190,2,3.98
Day,2022-08-18,254,2,3.98
Day,2022-08-18,303,2,3.98
Day,2022-08-18,486,2,3.98
Day,2022-08-18,510,2,3.98
Day,2022-08-19,1,2,3.98
Day,2022-08-19,29,2,3.98
Day,2022-08-19,54,2,3.98
Day,2022-08-19,141,2,3.98
Day,2022-08-19,255,2,3.98
Day,2022-08-19,260,2,3.98
Day,2022-08-19,324,2,3.98
Day,2022-08-19,377,2,3.98
Day,2022-08-19,447,2,3.98
Day,2022-08-19,457,2,3.98
Day,2022-08-19,506,2,3.98
Day,2022-08-19,520,2,3.98
Day,2022-08-20,7,2,3.98
Day,2022-08-20,12,2,3.98
Day,2022-08-20,35,2,3.98
Day,2022-08-20,51,2,3.98
Day,2022-08-20,64,2,3.98
Day,2022-08-20,92,2,3.98
Day,2022-08-20,103,2,3.98
Day,2022-08-20,105,2,3.98
Day,2022-08-20,128,2,3.98
Day,2022-08-20,193,2,3.98
Day,2022-08-20,243,2,3.98
Day,2022-08-20,366,2,3.98
Day,2022-08-20,381,2,3.98
Day,2022-08-20,418,2,3.98
Day,2022-08-20,552,2,3.98
Day,2022-08-21,30,2,3.98
Day,2022-08-21,78,2,3.98
Day,2022-08-21,136,2,3.98
Day,2022-08-21,278,2,3.98
Day,2022-08-21,354,2,3.98
Day,2022-08-21,379,2,3.98
Day,2022-08-21,467,2,3.98
Day,2022-08-21,538,2,3.98
Day,2022-08-21,554,2,3.98
Day,2022-08-22,11,2,3.98
Day,2022-08-22,72,2,3.98
Day,2022-08-22,142,2,3.98
Day,2022-08-22,177,2,3.98
Day,2022-08-22,217,2,3.98
Day,2022-08-22,224,2,3.98
Day,2022-08-22,268,2,3.98
Day,2022-08-22,313,2,3.98
Day,2022-08-22,435,2,3.98
Day,2022-08-22,540,2,3.98
Day,2022-08-22,581,2,3.98
Day,2022-08-22,587,2,3.98
Day,2022-08-23,73,2,3.98
Day,2022-08-23,257,2,3.98
Day,2022-08-23,371,2,3.98
Day,2022-08-23,561,2,3.98
Month,2022-02-01,15,2,3.98
Month,2022-02-01,43,2,3.98
Month,2022-02-01,175,2,3.98
Month,2022-02-01,228,2,3.98
Month,2022-02-01,269,2,3.98
Month,2022-02-01,361,2,3.98
Month,2022-02-01,448,2,3.98
Month,2022-02-01,457,2,3.98
Month,2022-05-01,1,2,3.98
Month,2022-05-01,37,2,3.98
Month,2022-05-01,112,2,3.98
Month,2022-05-01,138,2,3.98
Month,2022-05-01,193,2,3.98
Month,2022-05-01,235,2,3.98
Month,2022-05-01,279,2,3.98
Month,2022-05-01,331,2,3.98
Month,2022-05-01,367,2,3.98
Month,2022-05-01,403,2,3.98
Month,2022-05-01,447,2,3.98
Month,2022-05-01,491,2,3.98
Month,2022-05-01,576,2,3.98
Month,2022-06-01,64,2,3.98
Month,2022-06-01,184,2,3.98
Month,2022-06-01,210,2,3.98
Month,2022-06-01,300,2,3.98
Month,2022-06-01,324,2,3.98
Month,2022-06-01,355,2,3.98
Month,2022-06-01,407,2,3.98
Month,2022-06-01,482,2,3.98
Month,2022-06-01,586,2,3.98
Month,2022-06-01,596,2,3.98
Day,2022-05-24,399,1,5.99
Day,2022-05-25,135,1,5.99
Day,2022-05-25,174,1,5.99
Day,2022-05-25,250,1,5.99
Day,2022-05-25,314,1,5.99
Day,2022-05-25,325,1,5.99
Day,2022-05-25,365,1,5.99
Day,2022-05-25,408,1,5.99
Day,2022-05-25,429,1,5.99
Day,2022-05-25,504,1,5.99
Day,2022-05-26,91,1,5.99
Day,2022-05-26,92,1,5.99
Day,2022-05-26,107,1,5.99
Day,2022-05-26,109,1,5.99
Day,2022-05-26,119,1,5.99
Day,2022-05-26,196,1,5.99
Day,2022-05-26,301,1,5.99
Day,2022-05-26,311,1,5.99
Day,2022-05-26,534,1,5.99
Day,2022-05-26,546,1,5.99
Day,2022-05-26,564,1,5.99
Day,2022-05-26,566,1,5.99
Day,2022-05-26,577,1,5.99
Day,2022-05-27,118,1,5.99
Day,2022-05-27,151,1,5.99
Day,2022-05-27,154,1,5.99
Day,2022-05-27,170,1,5.99
Day,2022-05-27,299,1,5.99
Day,2022-05-27,361,1,5.99
Day,2022-05-27,364,1,5.99
Day,2022-05-27,449,1,5.99
Day,2022-05-27,503,1,5.99
Day,2022-05-27,510,1,5.99
Day,2022-05-27,522,1,5.99
Day,2022-05-27,525,1,5.99
Day,2022-05-28,42,1,5.99
Day,2022-05-28,296,1,5.99
Day,2022-05-28,321,1,5.99
Day,2022-05-28,396,1,5.99
Day,2022-05-28,432,1,5.99
Day,2022-05-28,434,1,5.99
Day,2022-05-28,528,1,5.99
Day,2022-05-28,533,1,5.99
Day,2022-05-29,77,1,5.99
Day,2022-05-29,89,1,5.99
Day,2022-05-29,201,1,5.99
Day,2022-05-29,344,1,5.99
Day,2022-05-29,556,1,5.99
Day,2022-05-30,128,1,5.99
Day,2022-05-30,323,1,5.99
Day,2022-05-30,339,1,5.99
Day,2022-05-30,400,1,5.99
Day,2022-05-30,436,1,5.99
Day,2022-05-31,7,1,5.99
Day,2022-05-31,59,1,5.99
Day,2022-05-31,107,1,5.99
Day,2022-05-31,189,1,5.99
Day,2022-05-31,254,1,5.99
Day,2022-05-31,259,1,5.99
Day,2022-05-31,404,1,5.99
Day,2022-05-31,425,1,5.99
Day,2022-05-31,481,1,5.99
Day,2022-05-31,562,1,5.99
Day,2022-06-14,1,1,5.99
Day,2022-06-14,196,1,5.99
Day,2022-06-14,295,1,5.99
Day,2022-06-14,432,1,5.99
Day,2022-06-15,18,1,5.99
Day,2022-06-15,26,1,5.99
Day,2022-06-15,83,1,5.99
Day,2022-06-15,176,1,5.99
Day,2022-06-15,252,1,5.99
Day,2022-06-15,266,1,5.99
Day,2022-06-15,281,1,5.99
Day,2022-06-15,288,1,5.99
Day,2022-06-15,357,1,5.99
Day,2022-06-15,409,1,5.99
Day,2022-06-15,427,1,5.99
Day,2022-06-15,448,1,5.99
Day,2022-06-15,510,1,5.99
Day,2022-06-15,533,1,5.99
Day,2022-06-15,538,1,5.99
Day,2022-06-15,594,1,5.99
Day,2022-06-16,12,1,5.99
Day,2022-06-16,39,1,5.99
Day,2022-06-16,68,1,5.99
Day,2022-06-16,98,1,5.99
Day,2022-06-16,144,1,5.99
Day,2022-06-16,223,1,5.99
Day,2022-06-16,244,1,5.99
Day,2022-06-16,321,1,5.99
Day,2022-06-16,338,1,5.99
Day,2022-06-16,351,1,5.99
Day,2022-06-16,397,1,5.99
Day,2022-06-16,434,1,5.99
Day,2022-06-16,462,1,5.99
Day,2022-06-16,505,1,5.99
Day,2022-06-16,518,1,5.99
Day,2022-06-16,566,1,5.99
Day,2022-06-16,569,1,5.99
Day,2022-06-17,8,1,5.99
Day,2022-06-17,17,1,5.99
Day,2022-06-17,18,1,5.99
Day,2022-06-17,85,1,5.99
Day,2022-06-17,208,1,5.99
Day,2022-06-17,340,1,5.99
Day,2022-06-17,346,1,5.99
Day,2022-06-17,413,1,5.99
Day,2022-06-17,593,1,5.99
Day,2022-06-18,24,1,5.99
Day,2022-06-18,34,1,5.99
Day,2022-06-18,167,1,5.99
Day,2022-06-18,174,1,5.99
Day,2022-06-18,205,1,5.99
Day,2022-06-18,206,1,5.99
Day,2022-06-18,234,1,5.99
Day,2022-06-18,247,1,5.99
Day,2022-06-18,259,1,5.99
Day,2022-06-18,281,1,5.99
Day,2022-06-18,285,1,5.99
Day,2022-06-18,310,1,5.99
Day,2022-06-18,328,1,5.99
Day,2022-06-18,342,1,5.99
Day,2022-06-18,379,1,5.99
Day,2022-06-18,437,1,5.99
Day,2022-06-18,546,1,5.99
Day,2022-06-18,561,1,5.99
Day,2022-06-18,565,1,5.99
Day,2022-06-19,4,1,5.99
Day,2022-06-19,32,1,5.99
Day,2022-06-19,109,1,5.99
Day,2022-06-19,163,1,5.99
Day,2022-06-19,166,1,5.99
Day,2022-06-19,181,1,5.99
Day,2022-06-19,240,1,5.99
Day,2022-06-19,243,1,5.99
Day,2022-06-19,272,1,5.99
Day,2022-06-19,458,1,5.99
Day,2022-06-19,472,1,5.99
Day,2022-06-19,556,1,5.99
Day,2022-06-19,573,1,5.99
Day,2022-06-20,96,1,5.99
Day,2022-06-20,109,1,5.99
Day,2022-06-20,147,1,5.99
Day,2022-06-20,221,1,5.99
Day,2022-06-20,270,1,5.99
Day,2022-06-20,387,1,5.99
Day,2022-06-20,390,1,5.99
Day,2022-06-20,461,1,5.99
Day,2022-06-20,505,1,5.99
Day,2022-06-20,519,1,5.99
Day,2022-06-21,17,1,5.99
Day,2022-06-21,47,1,5.99
Day,2022-06-21,71,1,5.99
Day,2022-06-21,119,1,5.99
Day,2022-06-21,134,1,5.99
Day,2022-06-21,137,1,5.99
Day,2022-06-21,150,1,5.99
Day,2022-06-21,183,1,5.99
Day,2022-06-21,239,1,5.99
Day,2022-06-21,272,1,5.99
Day,2022-06-21,338,1,5.99
Day,2022-06-21,341,1,5.99
Day,2022-06-21,403,1,5.99
Day,2022-06-21,414,1,5.99
Day,2022-06-21,543,1,5.99
Day,2022-06-21,565,1,5.99
Day,2022-07-05,8,1,5.99
Day,2022-07-05,126,1,5.99
Day,2022-07-05,223,1,5.99
Day,2022-07-05,397,1,5.99
Day,2022-07-05,443,1,5.99
Day,2022-07-06,7,1,5.99
Day,2022-07-06,37,1,5.99
Day,2022-07-06,113,1,5.99
Day,2022-07-06,120,1,5.99
Day,2022-07-06,145,1,5.99
Day,2022-07-06,159,1,5.99
Day,2022-07-06,190,1,5.99
Day,2022-07-06,227,1,5.99
Day,2022-07-06,274,1,5.99
Day,2022-07-06,337,1,5.99
Day,2022-07-06,343,1,5.99
Day,2022-07-06,409,1,5.99
Day,2022-07-06,439,1,5.99
Day,2022-07-06,476,1,5.99
Day,2022-07-06,505,1,5.99
Day,2022-07-06,531,1,5.99
Day,2022-07-06,551,1,5.99
Day,2022-07-06,559,1,5.99
Day,2022-07-06,567,1,5.99
Day,2022-07-07,15,1,5.99
Day,2022-07-07,33,1,5.99
Day,2022-07-07,39,1,5.99
Day,2022-07-07,47,1,5.99
Day,2022-07-07,78,1,5.99
Day,2022-07-07,153,1,5.99
Day,2022-07-07,175,1,5.99
Day,2022-07-07,208,1,5.99
Day,2022-07-07,259,1,5.99
Day,2022-07-07,336,1,5.99
Day,2022-07-07,338,1,5.99
Day,2022-07-07,347,1,5.99
Day,2022-07-07,353,1,5.99
Day,2022-07-07,391,1,5.99
Day,2022-07-07,421,1,5.99
Day,2022-07-07,464,1,5.99
Day,2022-07-07,504,1,5.99
Day,2022-07-07,524,1,5.99
Day,2022-07-07,558,1,5.99
Day,2022-07-07,569,1,5.99
Day,2022-07-08,27,1,5.99
Day,2022-07-08,66,1,5.99
Day,2022-07-08,80,1,5.99
Day,2022-07-08,95,1,5.99
Day,2022-07-08,141,1,5.99
Day,2022-07-08,153,1,5.99
Day,2022-07-08,154,1,5.99
Day,2022-07-08,273,1,5.99
Day,2022-07-08,277,1,5.99
Day,2022-07-08,366,1,5.99
Day,2022-07-08,383,1,5.99
Day,2022-07-08,388,1,5.99
Day,2022-07-08,390,1,5.99
Day,2022-07-08,457,1,5.99
Day,2022-07-08,490,1,5.99
Day,2022-07-08,528,1,5.99
Day,2022-07-08,545,1,5.99
Day,2022-07-09,37,1,5.99
Day,2022-07-09,92,1,5.99
Day,2022-07-09,117,1,5.99
Day,2022-07-09,221,1,5.99
Day,2022-07-09,233,1,5.99
Day,2022-07-09,258,1,5.99
Day,2022-07-09,266,1,5.99
Day,2022-07-09,281,1,5.99
Day,2022-07-09,311,1,5.99
Day,2022-07-09,312,1,5.99
Day,2022-07-09,313,1,5.99
Day,2022-07-09,325,1,5.99
Day,2022-07-09,326,1,5.99
Day,2022-07-09,358,1,5.99
Day,2022-07-09,373,1,5.99
Day,2022-07-09,398,1,5.99
Day,2022-07-09,411,1,5.99
Day,2022-07-09,419,1,5.99
Day,2022-07-09,473,1,5.99
Day,2022-07-09,502,1,5.99
Day,2022-07-09,573,1,5.99
Day,2022-07-10,11,1,5.99
Day,2022-07-10,70,1,5.99
Day,2022-07-10,84,1,5.99
Day,2022-07-10,168,1,5.99
Day,2022-07-10,188,1,5.99
Day,2022-07-10,191,1,5.99
Day,2022-07-10,199,1,5.99
Day,2022-07-10,203,1,5.99
Day,2022-07-10,221,1,5.99
Day,2022-07-10,231,1,5.99
Day,2022-07-10,238,1,5.99
Day,2022-07-10,242,1,5.99
Day,2022-07-10,330,1,5.99
Day,2022-07-10,355,1,5.99
Day,2022-07-10,427,1,5.99
Day,2022-07-10,517,1,5.99
Day,2022-07-10,519,1,5.99
Day,2022-07-10,598,1,5.99
Day,2022-07-11,60,1,5.99
Day,2022-07-11,79,1,5.99
Day,2022-07-11,101,1,5.99
Day,2022-07-11,102,1,5.99
Day,2022-07-11,189,1,5.99
Day,2022-07-11,257,1,5.99
Day,2022-07-11,275,1,5.99
Day,2022-07-11,284,1,5.99
Day,2022-07-11,294,1,5.99
Day,2022-07-11,314,1,5.99
Day,2022-07-11,344,1,5.99
Day,2022-07-11,352,1,5.99
Day,2022-07-11,536,1,5.99
Day,2022-07-11,569,1,5.99
Day,2022-07-12,23,1,5.99
Day,2022-07-12,38,1,5.99
Day,2022-07-12,71,1,5.99
Day,2022-07-12,107,1,5.99
Day,2022-07-12,158,1,5.99
Day,2022-07-12,172,1,5.99
Day,2022-07-12,245,1,5.99
Day,2022-07-12,257,1,5.99
Day,2022-07-12,300,1,5.99
Day,2022-07-12,321,1,5.99
Day,2022-07-12,360,1,5.99
Day,2022-07-12,400,1,5.99
Day,2022-07-12,428,1,5.99
Day,2022-07-12,471,1,5.99
Day,2022-07-12,482,1,5.99
Day,2022-07-12,488,1,5.99
Day,2022-07-12,509,1,5.99
Day,2022-07-12,539,1,5.99
Day,2022-07-12,582,1,5.99
Day,2022-07-26,149,1,5.99
Day,2022-07-26,441,1,5.99
Day,2022-07-27,67,1,5.99
Day,2022-07-27,97,1,5.99
Day,2022-07-27,101,1,5.99
Day,2022-07-27,223,1,5.99
Day,2022-07-27,232,1,5.99
Day,2022-07-27,276,1,5.99
Day,2022-07-27,309,1,5.99
Day,2022-07-27,407,1,5.99
Day,2022-07-27,488,1,5.99
Day,2022-07-27,520,1,5.99
Day,2022-07-27,545,1,5.99
Day,2022-07-27,565,1,5.99
Day,2022-07-27,578,1,5.99
Day,2022-07-27,583,1,5.99
Day,2022-07-28,2,1,5.99
Day,2022-07-28,51,1,5.99
Day,2022-07-28,57,1,5.99
Day,2022-07-28,114,1,5.99
Day,2022-07-28,116,1,5.99
Day,2022-07-28,139,1,5.99
Day,2022-07-28,155,1,5.99
Day,2022-07-28,166,1,5.99
Day,2022-07-28,176,1,5.99
Day,2022-07-28,198,1,5.99
Day,2022-07-28,206,1,5.99
Day,2022-07-28,214,1,5.99
Day,2022-07-28,219,1,5.99
Day,2022-07-28,247,1,5.99
Day,2022-07-28,248,1,5.99
Day,2022-07-28,310,1,5.99
Day,2022-07-28,388,1,5.99
Day,2022-07-28,400,1,5.99
Day,2022-07-28,403,1,5.99
Day,2022-07-28,404,1,5.99
Day,2022-07-28,455,1,5.99
Day,2022-07-28,571,1,5.99
Day,2022-07-29,7,1,5.99
Day,2022-07-29,16,1,5.99
Day,2022-07-29,63,1,5.99
Day,2022-07-29,74,1,5.99
Day,2022-07-29,102,1,5.99
Day,2022-07-29,122,1,5.99
Day,2022-07-29,144,1,5.99
Day,2022-07-29,207,1,5.99
Day,2022-07-29,252,1,5.99
Day,2022-07-29,298,1,5.99
Day,2022-07-29,310,1,5.99
Day,2022-07-29,399,1,5.99
Day,2022-07-29,411,1,5.99
Day,2022-07-29,490,1,5.99
Day,2022-07-29,523,1,5.99
Day,2022-07-29,532,1,5.99
Day,2022-07-29,539,1,5.99
Day,2022-07-29,587,1,5.99
Day,2022-07-30,41,1,5.99
Day,2022-07-30,66,1,5.99
Day,2022-07-30,152,1,5.99
Day,2022-07-30,196,1,5.99
Day,2022-07-30,231,1,5.99
Day,2022-07-30,236,1,5.99
Day,2022-07-30,237,1,5.99
Day,2022-07-30,240,1,5.99
Day,2022-07-30,266,1,5.99
Day,2022-07-30,343,1,5.99
Day,2022-07-30,368,1,5.99
Day,2022-07-30,372,1,5.99
Day,2022-07-30,396,1,5.99
Day,2022-07-30,400,1,5.99
Day,2022-07-30,405,1,5.99
Day,2022-07-30,470,1,5.99
Day,2022-07-30,472,1,5.99
Day,2022-07-30,488,1,5.99
Day,2022-07-30,555,1,5.99
Day,2022-07-30,556,1,5.99
Day,2022-07-31,16,1,5.99
Day,2022-07-31,21,1,5.99
Day,2022-07-31,37,1,5.99
Day,2022-07-31,104,1,5.99
Day,2022-07-31,136,1,5.99
Day,2022-07-31,234,1,5.99
Day,2022-07-31,264,1,5.99
Day,2022-07-31,276,1,5.99
Day,2022-07-31,302,1,5.99
Day,2022-07-31,318,1,5.99
Day,2022-07-31,449,1,5.99
Day,2022-07-31,464,1,5.99
Day,2022-07-31,522,1,5.99
Day,2022-07-31,548,1,5.99
Day,2022-07-31,560,1,5.99
Day,2022-08-01,3,1,5.99
Day,2022-08-01,29,1,5.99
Day,2022-08-01,112,1,5.99
Day,2022-08-01,121,1,5.99
Day,2022-08-01,170,1,5.99
Day,2022-08-01,173,1,5.99
Day,2022-08-01,180,1,5.99
Day,2022-08-01,183,1,5.99
Day,2022-08-01,204,1,5.99
Day,2022-08-01,238,1,5.99
Day,2022-08-01,313,1,5.99
Day,2022-08-01,364,1,5.99
Day,2022-08-01,474,1,5.99
Day,2022-08-01,505,1,5.99
Day,2022-08-01,518,1,5.99
Day,2022-08-01,541,1,5.99
Day,2022-08-02,9,1,5.99
Day,2022-08-02,42,1,5.99
Day,2022-08-02,62,1,5.99
Day,2022-08-02,80,1,5.99
Day,2022-08-02,93,1,5.99
Day,2022-08-02,124,1,5.99
Day,2022-08-02,135,1,5.99
Day,2022-08-02,154,1,5.99
Day,2022-08-02,194,1,5.99
Day,2022-08-02,230,1,5.99
Day,2022-08-02,278,1,5.99
Day,2022-08-02,332,1,5.99
Day,2022-08-02,344,1,5.99
Day,2022-08-02,358,1,5.99
Day,2022-08-02,420,1,5.99
Day,2022-08-02,427,1,5.99
Day,2022-08-02,475,1,5.99
Day,2022-08-02,509,1,5.99
Day,2022-08-02,534,1,5.99
Day,2022-08-02,546,1,5.99
Day,2022-08-16,119,1,5.99
Day,2022-08-16,236,1,5.99
Day,2022-08-16,238,1,5.99
Day,2022-08-16,439,1,5.99
Day,2022-08-17,11,1,5.99
Day,2022-08-17,13,1,5.99
Day,2022-08-17,19,1,5.99
Day,2022-08-17,26,1,5.99
Day,2022-08-17,53,1,5.99
Day,2022-08-17,81,1,5.99
Day,2022-08-17,82,1,5.99
Day,2022-08-17,155,1,5.99
Day,2022-08-17,156,1,5.99
Day,2022-08-17,176,1,5.99
Day,2022-08-17,231,1,5.99
Day,2022-08-17,237,1,5.99
Day,2022-08-17,312,1,5.99
Day,2022-08-17,384,1,5.99
Day,2022-08-17,390,1,5.99
Day,2022-08-17,400,1,5.99
Day,2022-08-17,411,1,5.99
Day,2022-08-17,415,1,5.99
Day,2022-08-17,494,1,5.99
Day,2022-08-17,538,1,5.99
Day,2022-08-17,576,1,5.99
Day,2022-08-18,95,1,5.99
Day,2022-08-18,98,1,5.99
Day,2022-08-18,113,1,5.99
Day,2022-08-18,158,1,5.99
Day,2022-08-18,233,1,5.99
Day,2022-08-18,263,1,5.99
Day,2022-08-18,277,1,5.99
Day,2022-08-18,294,1,5.99
Day,2022-08-18,304,1,5.99
Day,2022-08-18,344,1,5.99
Day,2022-08-18,396,1,5.99
Day,2022-08-18,403,1,5.99
Day,2022-08-18,405,1,5.99
Day,2022-08-18,406,1,5.99
Day,2022-08-18,488,1,5.99
Day,2022-08-18,495,1,5.99
Day,2022-08-18,532,1,5.99
Day,2022-08-18,562,1,5.99
Day,2022-08-18,565,1,5.99
Day,2022-08-18,579,1,5.99
Day,2022-08-19,52,1,5.99
Day,2022-08-19,53,1,5.99
Day,2022-08-19,83,1,5.99
Day,2022-08-19,92,1,5.99
Day,2022-08-19,164,1,5.99
Day,2022-08-19,192,1,5.99
Day,2022-08-19,198,1,5.99
Day,2022-08-19,223,1,5.99
Day,2022-08-19,246,1,5.99
Day,2022-08-19,269,1,5.99
Day,2022-08-19,301,1,5.99
Day,2022-08-19,309,1,5.99
Day,2022-08-19,323,1,5.99
Day,2022-08-19,347,1,5.99
Day,2022-08-19,353,1,5.99
Day,2022-08-19,515,1,5.99
Day,2022-08-19,548,1,5.99
Day,2022-08-19,578,1,5.99
Day,2022-08-20,78,1,5.99
Day,2022-08-20,81,1,5.99
Day,2022-08-20,94,1,5.99
Day,2022-08-20,111,1,5.99
Day,2022-08-20,145,1,5.99
Day,2022-08-20,150,1,5.99
Day,2022-08-20,151,1,5.99
Day,2022-08-20,198,1,5.99
Day,2022-08-20,229,1,5.99
Day,2022-08-20,252,1,5.99
Day,2022-08-20,257,1,5.99
Day,2022-08-20,262,1,5.99
Day,2022-08-20,268,1,5.99
Day,2022-08-20,284,1,5.99
Day,2022-08-20,291,1,5.99
Day,2022-08-20,317,1,5.99
Day,2022-08-20,425,1,5.99
Day,2022-08-20,430,1,5.99
Day,2022-08-20,460,1,5.99
Day,2022-08-20,489,1,5.99
Day,2022-08-20,504,1,5.99
Day,2022-08-20,530,1,5.99
Day,2022-08-20,546,1,5.99
Day,2022-08-20,558,1,5.99
Day,2022-08-20,559,1,5.99
Day,2022-08-20,560,1,5.99
Day,2022-08-20,582,1,5.99
Day,2022-08-20,584,1,5.99
Day,2022-08-21,7,1,5.99
Day,2022-08-21,32,1,5.99
Day,2022-08-21,59,1,5.99
Day,2022-08-21,84,1,5.99
Day,2022-08-21,114,1,5.99
Day,2022-08-21,122,1,5.99
Day,2022-08-21,135,1,5.99
Day,2022-08-21,182,1,5.99
Day,2022-08-21,203,1,5.99
Day,2022-08-21,225,1,5.99
Day,2022-08-21,267,1,5.99
Day,2022-08-21,297,1,5.99
Day,2022-08-21,303,1,5.99
Day,2022-08-21,337,1,5.99
Day,2022-08-21,369,1,5.99
Day,2022-08-21,387,1,5.99
Day,2022-08-21,438,1,5.99
Day,2022-08-21,439,1,5.99
Day,2022-08-21,447,1,5.99
Day,2022-08-21,494,1,5.99
Day,2022-08-21,530,1,5.99
Day,2022-08-22,10,1,5.99
Day,2022-08-22,39,1,5.99
Day,2022-08-22,81,1,5.99
Day,2022-08-22,93,1,5.99
Day,2022-08-22,143,1,5.99
Day,2022-08-22,248,1,5.99
Day,2022-08-22,310,1,5.99
Day,2022-08-22,346,1,5.99
Day,2022-08-22,354,1,5.99
Day,2022-08-22,388,1,5.99
Day,2022-08-22,497,1,5.99
Day,2022-08-22,506,1,5.99
Day,2022-08-22,509,1,5.99
Day,2022-08-22,582,1,5.99
Day,2022-08-23,17,1,5.99
Day,2022-08-23,52,1,5.99
Day,2022-08-23,75,1,5.99
Day,2022-08-23,193,1,5.99
Day,2022-08-23,294,1,5.99
Day,2022-08-23,300,1,5.99
Day,2022-08-23,343,1,5.99
Day,2022-08-23,388,1,5.99
Day,2022-08-23,438,1,5.99
Day,2022-08-23,491,1,5.99
Day,2022-08-23,501,1,5.99
Day,2022-08-23,513,1,5.99
Day,2022-08-23,514,1,5.99
Day,2022-08-23,517,1,5.99
Day,2022-08-23,532,1,5.99
Month,2022-05-01,42,1,5.99
Month,2022-05-01,91,1,5.99
Month,2022-05-01,118,1,5.99
Month,2022-05-01,189,1,5.99
Month,2022-05-01,325,1,5.99
Month,2022-05-01,339,1,5.99
Month,2022-05-01,364,1,5.99
Month,2022-05-01,396,1,5.99
Month,2022-05-01,404,1,5.99
Month,2022-05-01,425,1,5.99
Month,2022-05-01,434,1,5.99
Month,2022-05-01,481,1,5.99
Month,2022-05-01,522,1,5.99
Month,2022-05-01,525,1,5.99
Month,2022-05-01,577,1,5.99
Month,2022-06-01,247,1,5.99
Month,2022-06-01,288,1,5.99
Day,2022-02-14,5,1,0.99
Day,2022-02-14,11,1,0.99
Day,2022-02-14,29,1,0.99
Day,2022-02-14,33,1,0.99
Day,2022-02-14,58,1,0.99
Day,2022-02-14,69,1,0.99
Day,2022-02-14,99,1,0.99
Day,2022-02-14,100,1,0.99
Day,2022-02-14,101,1,0.99
Day,2022-02-14,135,1,0.99
Day,2022-02-14,142,1,0.99
Day,2022-02-14,162,1,0.99
Day,2022-02-14,168,1,0.99
Day,2022-02-14,191,1,0.99
Day,2022-02-14,215,1,0.99
Day,2022-02-14,229,1,0.99
Day,2022-02-14,234,1,0.99
Day,2022-02-14,236,1,0.99
Day,2022-02-14,251,1,0.99
Day,2022-02-14,263,1,0.99
Day,2022-02-14,274,1,0.99
Day,2022-02-14,282,1,0.99
Day,2022-02-14,287,1,0.99
Day,2022-02-14,295,1,0.99
Day,2022-02-14,317,1,0.99
Day,2022-02-14,334,1,0.99
Day,2022-02-14,335,1,0.99
Day,2022-02-14,336,1,0.99
Day,2022-02-14,337,1,0.99
Day,2022-02-14,355,1,0.99
Day,2022-02-14,369,1,0.99
Day,2022-02-14,373,1,0.99
Day,2022-02-14,388,1,0.99
Day,2022-02-14,405,1,0.99
Day,2022-02-14,412,1,0.99
Day,2022-02-14,421,1,0.99
Day,2022-02-14,424,1,0.99
Day,2022-02-14,438,1,0.99
Day,2022-02-14,450,1,0.99
Day,2022-02-14,474,1,0.99
Day,2022-02-14,476,1,0.99
Day,2022-02-14,479,1,0.99
Day,2022-02-14,495,1,0.99
Day,2022-02-14,508,1,0.99
Day,2022-02-14,512,1,0.99
Day,2022-02-14,532,1,0.99
Day,2022-02-14,548,1,0.99
Day,2022-02-14,561,1,0.99
Day,2022-02-14,570,1,0.99
Day,2022-02-14,579,1,0.99
Day,2022-02-14,587,1,0.99
Day,2022-02-14,592,1,0.99
Day,2022-02-14,596,1,0.99
Day,2022-05-24,446,1,0.99
Day,2022-05-24,549,1,0.99
Day,2022-05-25,14,1,0.99
Day,2022-05-25,37,1,0.99
Day,2022-05-25,48,1,0.99
Day,2022-05-25,100,1,0.99
Day,2022-05-25,119,1,0.99
Day,2022-05-25,142,1,0.99
Day,2022-05-25,230,1,0.99
Day,2022-05-25,237,1,0.99
Day,2022-05-25,265,1,0.99
Day,2022-05-25,269,1,0.99
Day,2022-05-25,272,1,0.99
Day,2022-05-25,297,1,0.99
Day,2022-05-25,310,1,0.99
Day,2022-05-25,331,1,0.99
Day,2022-05-25,348,1,0.99
Day,2022-05-25,354,1,0.99
Day,2022-05-25,383,1,0.99
Day,2022-05-25,451,1,0.99
Day,2022-05-25,455,1,0.99
Day,2022-05-25,472,1,0.99
Day,2022-05-25,507,1,0.99
Day,2022-05-25,524,1,0.99
Day,2022-05-25,535,1,0.99
Day,2022-05-26,81,1,0.99
Day,2022-05-26,83,1,0.99
Day,2022-05-26,176,1,0.99
Day,2022-05-26,182,1,0.99
Day,2022-05-26,197,1,0.99
Day,2022-05-26,203,1,0.99
Day,2022-05-26,204,1,0.99
Day,2022-05-26,245,1,0.99
Day,2022-05-26,256,1,0.99
Day,2022-05-26,263,1,0.99
Day,2022-05-26,303,1,0.99
Day,2022-05-26,345,1,0.99
Day,2022-05-26,381,1,0.99
Day,2022-05-26,412,1,0.99
Day,2022-05-26,416,1,0.99
Day,2022-05-26,446,1,0.99
Day,2022-05-26,469,1,0.99
Day,2022-05-26,528,1,0.99
Day,2022-05-26,536,1,0.99
Day,2022-05-26,545,1,0.99
Day,2022-05-26,547,1,0.99
Day,2022-05-26,552,1,0.99
Day,2022-05-26,556,1,0.99
Day,2022-05-26,582,1,0.99
Day,2022-05-27,36,1,0.99
Day,2022-05-27,84,1,0.99
Day,2022-05-27,102,1,0.99
Day,2022-05-27,109,1,0.99
Day,2022-05-27,112,1,0.99
Day,2022-05-27,127,1,0.99
Day,2022-05-27,147,1,0.99
Day,2022-05-27,157,1,0.99
Day,2022-05-27,183,1,0.99
Day,2022-05-27,193,1,0.99
Day,2022-05-27,198,1,0.99
Day,2022-05-27,213,1,0.99
Day,2022-05-27,219,1,0.99
Day,2022-05-27,222,1,0.99
Day,2022-05-27,284,1,0.99
Day,2022-05-27,292,1,0.99
Day,2022-05-27,293,1,0.99
Day,2022-05-27,300,1,0.99
Day,2022-05-27,304,1,0.99
Day,2022-05-27,345,1,0.99
Day,2022-05-27,354,1,0.99
Day,2022-05-27,378,1,0.99
Day,2022-05-27,422,1,0.99
Day,2022-05-27,424,1,0.99
Day,2022-05-27,439,1,0.99
Day,2022-05-27,442,1,0.99
Day,2022-05-27,455,1,0.99
Day,2022-05-27,468,1,0.99
Day,2022-05-27,501,1,0.99
Day,2022-05-27,528,1,0.99
Day,2022-05-27,539,1,0.99
Day,2022-05-27,574,1,0.99
Day,2022-05-27,587,1,0.99
Day,2022-05-28,1,1,0.99
Day,2022-05-28,21,1,0.99
Day,2022-05-28,64,1,0.99
Day,2022-05-28,65,1,0.99
Day,2022-05-28,89,1,0.99
Day,2022-05-28,113,1,0.99
Day,2022-05-28,120,1,0.99
Day,2022-05-28,145,1,0.99
Day,2022-05-28,147,1,0.99
Day,2022-05-28,170,1,0.99
Day,2022-05-28,179,1,0.99
Day,2022-05-28,185,1,0.99
Day,2022-05-28,207,1,0.99
Day,2022-05-28,282,1,0.99
Day,2022-05-28,312,1,0.99
Day,2022-05-28,338,1,0.99
Day,2022-05-28,360,1,0.99
Day,2022-05-28,374,1,0.99
Day,2022-05-28,376,1,0.99
Day,2022-05-28,403,1,0.99
Day,2022-05-28,421,1,0.99
Day,2022-05-28,426,1,0.99
Day,2022-05-28,444,1,0.99
Day,2022-05-28,465,1,0.99
Day,2022-05-28,468,1,0.99
Day,2022-05-28,480,1,0.99
Day,2022-05-28,500,1,0.99
Day,2022-05-28,523,1,0.99
Day,2022-05-28,578,1,0.99
Day,2022-05-28,580,1,0.99
Day,2022-05-29,5,1,0.99
Day,2022-05-29,14,1,0.99
Day,2022-05-29,36,1,0.99
Day,2022-05-29,44,1,0.99
Day,2022-05-29,58,1,0.99
Day,2022-05-29,109,1,0.99
Day,2022-05-29,113,1,0.99
Day,2022-05-29,117,1,0.99
Day,2022-05-29,124,1,0.99
Day,2022-05-29,127,1,0.99
Day,2022-05-29,172,1,0.99
Day,2022-05-29,261,1,0.99
Day,2022-05-29,284,1,0.99
Day,2022-05-29,309,1,0.99
Day,2022-05-29,348,1,0.99
Day,2022-05-29,412,1,0.99
Day,2022-05-29,447,1,0.99
Day,2022-05-29,472,1,0.99
Day,2022-05-29,475,1,0.99
Day,2022-05-30,6,1,0.99
Day,2022-05-30,9,1,0.99
Day,2022-05-30,16,1,0.99
Day,2022-05-30,52,1,0.99
Day,2022-05-30,76,1,0.99
Day,2022-05-30,99,1,0.99
Day,2022-05-30,122,1,0.99
Day,2022-05-30,161,1,0.99
Day,2022-05-30,186,1,0.99
Day,2022-05-30,273,1,0.99
Day,2022-05-30,301,1,0.99
Day,2022-05-30,357,1,0.99
Day,2022-05-30,367,1,0.99
Day,2022-05-30,384,1,0.99
Day,2022-05-30,393,1,0.99
Day,2022-05-30,397,1,0.99
Day,2022-05-30,406,1,0.99
Day,2022-05-30,421,1,0.99
Day,2022-05-30,460,1,0.99
Day,2022-05-30,482,1,0.99
Day,2022-05-30,496,1,0.99
Day,2022-05-30,506,1,0.99
Day,2022-05-30,530,1,0.99
Day,2022-05-30,534,1,0.99
Day,2022-05-30,565,1,0.99
Day,2022-05-30,576,1,0.99
Day,2022-05-31,23,1,0.99
Day,2022-05-31,61,1,0.99
Day,2022-05-31,72,1,0.99
Day,2022-05-31,106,1,0.99
Day,2022-05-31,108,1,0.99
Day,2022-05-31,117,1,0.99
Day,2022-05-31,138,1,0.99
Day,2022-05-31,228,1,0.99
Day,2022-05-31,235,1,0.99
Day,2022-05-31,252,1,0.99
Day,2022-05-31,256,1,0.99
Day,2022-05-31,279,1,0.99
Day,2022-05-31,486,1,0.99
Day,2022-05-31,491,1,0.99
Day,2022-06-14,49,1,0.99
Day,2022-06-14,284,1,0.99
Day,2022-06-14,306,1,0.99
Day,2022-06-14,323,1,0.99
Day,2022-06-14,368,1,0.99
Day,2022-06-15,42,1,0.99
Day,2022-06-15,64,1,0.99
Day,2022-06-15,76,1,0.99
Day,2022-06-15,82,1,0.99
Day,2022-06-15,135,1,0.99
Day,2022-06-15,138,1,0.99
Day,2022-06-15,158,1,0.99
Day,2022-06-15,172,1,0.99
Day,2022-06-15,175,1,0.99
Day,2022-06-15,183,1,0.99
Day,2022-06-15,191,1,0.99
Day,2022-06-15,194,1,0.99
Day,2022-06-15,213,1,0.99
Day,2022-06-15,221,1,0.99
Day,2022-06-15,276,1,0.99
Day,2022-06-15,278,1,0.99
Day,2022-06-15,300,1,0.99
Day,2022-06-15,312,1,0.99
Day,2022-06-15,352,1,0.99
Day,2022-06-15,354,1,0.99
Day,2022-06-15,355,1,0.99
Day,2022-06-15,356,1,0.99
Day,2022-06-15,360,1,0.99
Day,2022-06-15,369,1,0.99
Day,2022-06-15,376,1,0.99
Day,2022-06-15,391,1,0.99
Day,2022-06-15,395,1,0.99
Day,2022-06-15,400,1,0.99
Day,2022-06-15,434,1,0.99
Day,2022-06-15,435,1,0.99
Day,2022-06-15,447,1,0.99
Day,2022-06-15,451,1,0.99
Day,2022-06-15,460,1,0.99
Day,2022-06-15,469,1,0.99
Day,2022-06-15,480,1,0.99
Day,2022-06-15,520,1,0.99
Day,2022-06-15,546,1,0.99
Day,2022-06-15,580,1,0.99
Day,2022-06-15,591,1,0.99
Day,2022-06-16,7,1,0.99
Day,2022-06-16,20,1,0.99
Day,2022-06-16,35,1,0.99
Day,2022-06-16,62,1,0.99
Day,2022-06-16,63,1,0.99
Day,2022-06-16,73,1,0.99
Day,2022-06-16,82,1,0.99
Day,2022-06-16,84,1,0.99
Day,2022-06-16,129,1,0.99
Day,2022-06-16,132,1,0.99
Day,2022-06-16,159,1,0.99
Day,2022-06-16,171,1,0.99
Day,2022-06-16,187,1,0.99
Day,2022-06-16,196,1,0.99
Day,2022-06-16,205,1,0.99
Day,2022-06-16,208,1,0.99
Day,2022-06-16,220,1,0.99
Day,2022-06-16,232,1,0.99
Day,2022-06-16,235,1,0.99
Day,2022-06-16,301,1,0.99
Day,2022-06-16,324,1,0.99
Day,2022-06-16,344,1,0.99
Day,2022-06-16,345,1,0.99
Day,2022-06-16,422,1,0.99
Day,2022-06-16,423,1,0.99
Day,2022-06-16,438,1,0.99
Day,2022-06-16,439,1,0.99
Day,2022-06-16,451,1,0.99
Day,2022-06-16,456,1,0.99
Day,2022-06-16,457,1,0.99
Day,2022-06-16,473,1,0.99
Day,2022-06-16,478,1,0.99
Day,2022-06-16,480,1,0.99
Day,2022-06-16,506,1,0.99
Day,2022-06-16,510,1,0.99
Day,2022-06-16,521,1,0.99
Day,2022-06-16,526,1,0.99
Day,2022-06-16,529,1,0.99
Day,2022-06-16,533,1,0.99
Day,2022-06-16,557,1,0.99
Day,2022-06-16,586,1,0.99
Day,2022-06-17,4,1,0.99
Day,2022-06-17,6,1,0.99
Day,2022-06-17,46,1,0.99
Day,2022-06-17,53,1,0.99
Day,2022-06-17,56,1,0.99
Day,2022-06-17,76,1,0.99
Day,2022-06-17,90,1,0.99
Day,2022-06-17,103,1,0.99
Day,2022-06-17,104,1,0.99
Day,2022-06-17,123,1,0.99
Day,2022-06-17,134,1,0.99
Day,2022-06-17,138,1,0.99
Day,2022-06-17,144,1,0.99
Day,2022-06-17,147,1,0.99
Day,2022-06-17,154,1,0.99
Day,2022-06-17,170,1,0.99
Day,2022-06-17,172,1,0.99
Day,2022-06-17,187,1,0.99
Day,2022-06-17,188,1,0.99
Day,2022-06-17,206,1,0.99
Day,2022-06-17,268,1,0.99
Day,2022-06-17,274,1,0.99
Day,2022-06-17,311,1,0.99
Day,2022-06-17,326,1,0.99
Day,2022-06-17,351,1,0.99
Day,2022-06-17,385,1,0.99
Day,2022-06-17,388,1,0.99
Day,2022-06-17,476,1,0.99
Day,2022-06-17,510,1,0.99
Day,2022-06-17,516,1,0.99
Day,2022-06-17,521,1,0.99
Day,2022-06-18,6,1,0.99
Day,2022-06-18,52,1,0.99
Day,2022-06-18,84,1,0.99
Day,2022-06-18,89,1,0.99
Day,2022-06-18,92,1,0.99
Day,2022-06-18,96,1,0.99
Day,2022-06-18,103,1,0.99
Day,2022-06-18,118,1,0.99
Day,2022-06-18,153,1,0.99
Day,2022-06-18,156,1,0.99
Day,2022-06-18,157,1,0.99
Day,2022-06-18,162,1,0.99
Day,2022-06-18,182,1,0.99
Day,2022-06-18,184,1,0.99
Day,2022-06-18,198,1,0.99
Day,2022-06-18,216,1,0.99
Day,2022-06-18,231,1,0.99
Day,2022-06-18,248,1,0.99
Day,2022-06-18,261,1,0.99
Day,2022-06-18,275,1,0.99
Day,2022-06-18,334,1,0.99
Day,2022-06-18,347,1,0.99
Day,2022-06-18,348,1,0.99
Day,2022-06-18,359,1,0.99
Day,2022-06-18,366,1,0.99
Day,2022-06-18,427,1,0.99
Day,2022-06-18,438,1,0.99
Day,2022-06-18,449,1,0.99
Day,2022-06-18,455,1,0.99
Day,2022-06-18,465,1,0.99
Day,2022-06-18,502,1,0.99
Day,2022-06-18,514,1,0.99
Day,2022-06-18,534,1,0.99
Day,2022-06-18,552,1,0.99
Day,2022-06-18,566,1,0.99
Day,2022-06-18,572,1,0.99
Day,2022-06-18,597,1,0.99
Day,2022-06-19,7,1,0.99
Day,2022-06-19,28,1,0.99
Day,2022-06-19,36,1,0.99
Day,2022-06-19,48,1,0.99
Day,2022-06-19,58,1,0.99
Day,2022-06-19,85,1,0.99
Day,2022-06-19,103,1,0.99
Day,2022-06-19,128,1,0.99
Day,2022-06-19,145,1,0.99
Day,2022-06-19,146,1,0.99
Day,2022-06-19,149,1,0.99
Day,2022-06-19,153,1,0.99
Day,2022-06-19,159,1,0.99
Day,2022-06-19,196,1,0.99
Day,2022-06-19,210,1,0.99
Day,2022-06-19,219,1,0.99
Day,2022-06-19,257,1,0.99
Day,2022-06-19,258,1,0.99
Day,2022-06-19,322,1,0.99
Day,2022-06-19,350,1,0.99
Day,2022-06-19,371,1,0.99
Day,2022-06-19,376,1,0.99
Day,2022-06-19,386,1,0.99
Day,2022-06-19,406,1,0.99
Day,2022-06-19,407,1,0.99
Day,2022-06-19,411,1,0.99
Day,2022-06-19,426,1,0.99
Day,2022-06-19,446,1,0.99
Day,2022-06-19,448,1,0.99
Day,2022-06-19,452,1,0.99
Day,2022-06-19,468,1,0.99
Day,2022-06-19,514,1,0.99
Day,2022-06-19,561,1,0.99
Day,2022-06-19,563,1,0.99
Day,2022-06-19,568,1,0.99
Day,2022-06-19,574,1,0.99
Day,2022-06-19,585,1,0.99
Day,2022-06-19,592,1,0.99
Day,2022-06-19,594,1,0.99
Day,2022-06-20,11,1,0.99
Day,2022-06-20,34,1,0.99
Day,2022-06-20,56,1,0.99
Day,2022-06-20,58,1,0.99
Day,2022-06-20,76,1,0.99
Day,2022-06-20,86,1,0.99
Day,2022-06-20,90,1,0.99
Day,2022-06-20,91,1,0.99
Day,2022-06-20,93,1,0.99
Day,2022-06-20,104,1,0.99
Day,2022-06-20,133,1,0.99
Day,2022-06-20,140,1,0.99
Day,2022-06-20,166,1,0.99
Day,2022-06-20,208,1,0.99
Day,2022-06-20,227,1,0.99
Day,2022-06-20,229,1,0.99
Day,2022-06-20,252,1,0.99
Day,2022-06-20,264,1,0.99
Day,2022-06-20,273,1,0.99
Day,2022-06-20,299,1,0.99
Day,2022-06-20,319,1,0.99
Day,2022-06-20,365,1,0.99
Day,2022-06-20,367,1,0.99
Day,2022-06-20,385,1,0.99
Day,2022-06-20,410,1,0.99
Day,2022-06-20,435,1,0.99
Day,2022-06-20,498,1,0.99
Day,2022-06-20,502,1,0.99
Day,2022-06-20,516,1,0.99
Day,2022-06-20,517,1,0.99
Day,2022-06-20,533,1,0.99
Day,2022-06-20,548,1,0.99
Day,2022-06-20,582,1,0.99
Day,2022-06-21,12,1,0.99
Day,2022-06-21,16,1,0.99
Day,2022-06-21,28,1,0.99
Day,2022-06-21,40,1,0.99
Day,2022-06-21,53,1,0.99
Day,2022-06-21,57,1,0.99
Day,2022-06-21,76,1,0.99
Day,2022-06-21,77,1,0.99
Day,2022-06-21,82,1,0.99
Day,2022-06-21,95,1,0.99
Day,2022-06-21,97,1,0.99
Day,2022-06-21,133,1,0.99
Day,2022-06-21,199,1,0.99
Day,2022-06-21,241,1,0.99
Day,2022-06-21,261,1,0.99
Day,2022-06-21,284,1,0.99
Day,2022-06-21,305,1,0.99
Day,2022-06-21,317,1,0.99
Day,2022-06-21,321,1,0.99
Day,2022-06-21,328,1,0.99
Day,2022-06-21,336,1,0.99
Day,2022-06-21,343,1,0.99
Day,2022-06-21,371,1,0.99
Day,2022-06-21,424,1,0.99
Day,2022-06-21,426,1,0.99
Day,2022-06-21,428,1,0.99
Day,2022-06-21,458,1,0.99
Day,2022-06-21,472,1,0.99
Day,2022-06-21,482,1,0.99
Day,2022-06-21,498,1,0.99
Day,2022-06-21,503,1,0.99
Day,2022-06-21,514,1,0.99
Day,2022-06-21,518,1,0.99
Day,2022-06-21,529,1,0.99
Day,2022-06-21,561,1,0.99
Day,2022-06-21,583,1,0.99
Day,2022-07-05,298,1,0.99
Day,2022-07-05,299,1,0.99
Day,2022-07-05,314,1,0.99
Day,2022-07-05,320,1,0.99
Day,2022-07-05,322,1,0.99
Day,2022-07-05,338,1,0.99
Day,2022-07-05,449,1,0.99
Day,2022-07-05,494,1,0.99
Day,2022-07-05,565,1,0.99
Day,2022-07-05,594,1,0.99
Day,2022-07-06,6,1,0.99
Day,2022-07-06,8,1,0.99
Day,2022-07-06,16,1,0.99
Day,2022-07-06,28,1,0.99
Day,2022-07-06,64,1,0.99
Day,2022-07-06,72,1,0.99
Day,2022-07-06,75,1,0.99
Day,2022-07-06,91,1,0.99
Day,2022-07-06,108,1,0.99
Day,2022-07-06,148,1,0.99
Day,2022-07-06,157,1,0.99
Day,2022-07-06,173,1,0.99
Day,2022-07-06,223,1,0.99
Day,2022-07-06,241,1,0.99
Day,2022-07-06,242,1,0.99
Day,2022-07-06,248,1,0.99
Day,2022-07-06,266,1,0.99
Day,2022-07-06,284,1,0.99
Day,2022-07-06,292,1,0.99
Day,2022-07-06,297,1,0.99
Day,2022-07-06,300,1,0.99
Day,2022-07-06,326,1,0.99
Day,2022-07-06,335,1,0.99
Day,2022-07-06,389,1,0.99
Day,2022-07-06,395,1,0.99
Day,2022-07-06,412,1,0.99
Day,2022-07-06,418,1,0.99
Day,2022-07-06,424,1,0.99
Day,2022-07-06,444,1,0.99
Day,2022-07-06,453,1,0.99
Day,2022-07-06,461,1,0.99
Day,2022-07-06,471,1,0.99
Day,2022-07-06,481,1,0.99
Day,2022-07-06,513,1,0.99
Day,2022-07-06,515,1,0.99
Day,2022-07-06,518,1,0.99
Day,2022-07-06,522,1,0.99
Day,2022-07-06,570,1,0.99
Day,2022-07-06,582,1,0.99
Day,2022-07-06,591,1,0.99
Day,2022-07-07,27,1,0.99
Day,2022-07-07,36,1,0.99
Day,2022-07-07,44,1,0.99
Day,2022-07-07,70,1,0.99
Day,2022-07-07,85,1,0.99
Day,2022-07-07,114,1,0.99
Day,2022-07-07,116,1,0.99
Day,2022-07-07,135,1,0.99
Day,2022-07-07,148,1,0.99
Day,2022-07-07,165,1,0.99
Day,2022-07-07,184,1,0.99
Day,2022-07-07,189,1,0.99
Day,2022-07-07,204,1,0.99
Day,2022-07-07,214,1,0.99
Day,2022-07-07,231,1,0.99
Day,2022-07-07,238,1,0.99
Day,2022-07-07,252,1,0.99
Day,2022-07-07,260,1,0.99
Day,2022-07-07,275,1,0.99
Day,2022-07-07,293,1,0.99
Day,2022-07-07,300,1,0.99
Day,2022-07-07,310,1,0.99
Day,2022-07-07,314,1,0.99
Day,2022-07-07,357,1,0.99
Day,2022-07-07,364,1,0.99
Day,2022-07-07,368,1,0.99
Day,2022-07-07,384,1,0.99
Day,2022-07-07,397,1,0.99
Day,2022-07-07,407,1,0.99
Day,2022-07-07,412,1,0.99
Day,2022-07-07,419,1,0.99
Day,2022-07-07,428,1,0.99
Day,2022-07-07,544,1,0.99
Day,2022-07-07,549,1,0.99
Day,2022-07-07,567,1,0.99
Day,2022-07-07,570,1,0.99
Day,2022-07-07,584,1,0.99
Day,2022-07-08,14,1,0.99
Day,2022-07-08,29,1,0.99
Day,2022-07-08,35,1,0.99
Day,2022-07-08,45,1,0.99
Day,2022-07-08,77,1,0.99
Day,2022-07-08,118,1,0.99
Day,2022-07-08,136,1,0.99
Day,2022-07-08,147,1,0.99
Day,2022-07-08,157,1,0.99
Day,2022-07-08,166,1,0.99
Day,2022-07-08,167,1,0.99
Day,2022-07-08,177,1,0.99
Day,2022-07-08,231,1,0.99
Day,2022-07-08,241,1,0.99
Day,2022-07-08,243,1,0.99
Day,2022-07-08,255,1,0.99
Day,2022-07-08,262,1,0.99
Day,2022-07-08,264,1,0.99
Day,2022-07-08,276,1,0.99
Day,2022-07-08,289,1,0.99
Day,2022-07-08,317,1,0.99
Day,2022-07-08,327,1,0.99
Day,2022-07-08,340,1,0.99
Day,2022-07-08,378,1,0.99
Day,2022-07-08,381,1,0.99
Day,2022-07-08,413,1,0.99
Day,2022-07-08,422,1,0.99
Day,2022-07-08,452,1,0.99
Day,2022-07-08,465,1,0.99
Day,2022-07-08,504,1,0.99
Day,2022-07-08,527,1,0.99
Day,2022-07-08,529,1,0.99
Day,2022-07-08,570,1,0.99
Day,2022-07-08,584,1,0.99
Day,2022-07-09,24,1,0.99
Day,2022-07-09,33,1,0.99
Day,2022-07-09,36,1,0.99
Day,2022-07-09,47,1,0.99
Day,2022-07-09,81,1,0.99
Day,2022-07-09,86,1,0.99
Day,2022-07-09,90,1,0.99
Day,2022-07-09,114,1,0.99
Day,2022-07-09,126,1,0.99
Day,2022-07-09,138,1,0.99
Day,2022-07-09,147,1,0.99
Day,2022-07-09,154,1,0.99
Day,2022-07-09,168,1,0.99
Day,2022-07-09,170,1,0.99
Day,2022-07-09,180,1,0.99
Day,2022-07-09,187,1,0.99
Day,2022-07-09,204,1,0.99
Day,2022-07-09,218,1,0.99
Day,2022-07-09,243,1,0.99
Day,2022-07-09,246,1,0.99
Day,2022-07-09,262,1,0.99
Day,2022-07-09,296,1,0.99
Day,2022-07-09,302,1,0.99
Day,2022-07-09,333,1,0.99
Day,2022-07-09,347,1,0.99
Day,2022-07-09,351,1,0.99
Day,2022-07-09,366,1,0.99
Day,2022-07-09,380,1,0.99
Day,2022-07-09,384,1,0.99
Day,2022-07-09,389,1,0.99
Day,2022-07-09,399,1,0.99
Day,2022-07-09,408,1,0.99
Day,2022-07-09,433,1,0.99
Day,2022-07-09,457,1,0.99
Day,2022-07-09,466,1,0.99
Day,2022-07-09,474,1,0.99
Day,2022-07-09,479,1,0.99
Day,2022-07-09,492,1,0.99
Day,2022-07-09,515,1,0.99
Day,2022-07-09,519,1,0.99
Day,2022-07-09,527,1,0.99
Day,2022-07-09,536,1,0.99
Day,2022-07-09,545,1,0.99
Day,2022-07-09,562,1,0.99
Day,2022-07-09,563,1,0.99
Day,2022-07-09,569,1,0.99
Day,2022-07-09,590,1,0.99
Day,2022-07-09,599,1,0.99
Day,2022-07-10,5,1,0.99
Day,2022-07-10,6,1,0.99
Day,2022-07-10,24,1,0.99
Day,2022-07-10,45,1,0.99
Day,2022-07-10,66,1,0.99
Day,2022-07-10,76,1,0.99
Day,2022-07-10,78,1,0.99
Day,2022-07-10,85,1,0.99
Day,2022-07-10,91,1,0.99
Day,2022-07-10,117,1,0.99
Day,2022-07-10,121,1,0.99
Day,2022-07-10,126,1,0.99
Day,2022-07-10,135,1,0.99
Day,2022-07-10,141,1,0.99
Day,2022-07-10,159,1,0.99
Day,2022-07-10,183,1,0.99
Day,2022-07-10,184,1,0.99
Day,2022-07-10,195,1,0.99
Day,2022-07-10,207,1,0.99
Day,2022-07-10,210,1,0.99
Day,2022-07-10,218,1,0.99
Day,2022-07-10,228,1,0.99
Day,2022-07-10,240,1,0.99
Day,2022-07-10,250,1,0.99
Day,2022-07-10,270,1,0.99
Day,2022-07-10,314,1,0.99
Day,2022-07-10,341,1,0.99
Day,2022-07-10,342,1,0.99
Day,2022-07-10,348,1,0.99
Day,2022-07-10,356,1,0.99
Day,2022-07-10,357,1,0.99
Day,2022-07-10,371,1,0.99
Day,2022-07-10,381,1,0.99
Day,2022-07-10,382,1,0.99
Day,2022-07-10,401,1,0.99
Day,2022-07-10,406,1,0.99
Day,2022-07-10,420,1,0.99
Day,2022-07-10,436,1,0.99
Day,2022-07-10,441,1,0.99
Day,2022-07-10,456,1,0.99
Day,2022-07-10,458,1,0.99
Day,2022-07-10,459,1,0.99
Day,2022-07-10,492,1,0.99
Day,2022-07-10,498,1,0.99
Day,2022-07-10,506,1,0.99
Day,2022-07-10,507,1,0.99
Day,2022-07-10,511,1,0.99
Day,2022-07-10,530,1,0.99
Day,2022-07-10,546,1,0.99
Day,2022-07-10,551,1,0.99
Day,2022-07-10,556,1,0.99
Day,2022-07-10,589,1,0.99
Day,2022-07-11,27,1,0.99
Day,2022-07-11,28,1,0.99
Day,2022-07-11,33,1,0.99
Day,2022-07-11,36,1,0.99
Day,2022-07-11,71,1,0.99
Day,2022-07-11,72,1,0.99
Day,2022-07-11,113,1,0.99
Day,2022-07-11,118,1,0.99
Day,2022-07-11,147,1,0.99
Day,2022-07-11,152,1,0.99
Day,2022-07-11,154,1,0.99
Day,2022-07-11,163,1,0.99
Day,2022-07-11,164,1,0.99
Day,2022-07-11,166,1,0.99
Day,2022-07-11,192,1,0.99
Day,2022-07-11,209,1,0.99
Day,2022-07-11,211,1,0.99
Day,2022-07-11,220,1,0.99
Day,2022-07-11,238,1,0.99
Day,2022-07-11,240,1,0.99
Day,2022-07-11,256,1,0.99
Day,2022-07-11,259,1,0.99
Day,2022-07-11,262,1,0.99
Day,2022-07-11,267,1,0.99
Day,2022-07-11,279,1,0.99
Day,2022-07-11,304,1,0.99
Day,2022-07-11,333,1,0.99
Day,2022-07-11,354,1,0.99
Day,2022-07-11,361,1,0.99
Day,2022-07-11,374,1,0.99
Day,2022-07-11,384,1,0.99
Day,2022-07-11,419,1,0.99
Day,2022-07-11,421,1,0.99
Day,2022-07-11,430,1,0.99
Day,2022-07-11,445,1,0.99
Day,2022-07-11,456,1,0.99
Day,2022-07-11,459,1,0.99
Day,2022-07-11,463,1,0.99
Day,2022-07-11,468,1,0.99
Day,2022-07-11,481,1,0.99
Day,2022-07-11,519,1,0.99
Day,2022-07-11,551,1,0.99
Day,2022-07-12,6,1,0.99
Day,2022-07-12,8,1,0.99
Day,2022-07-12,18,1,0.99
Day,2022-07-12,28,1,0.99
Day,2022-07-12,40,1,0.99
Day,2022-07-12,65,1,0.99
Day,2022-07-12,76,1,0.99
Day,2022-07-12,108,1,0.99
Day,2022-07-12,113,1,0.99
Day,2022-07-12,120,1,0.99
Day,2022-07-12,134,1,0.99
Day,2022-07-12,142,1,0.99
Day,2022-07-12,192,1,0.99
Day,2022-07-12,222,1,0.99
Day,2022-07-12,239,1,0.99
Day,2022-07-12,240,1,0.99
Day,2022-07-12,264,1,0.99
Day,2022-07-12,275,1,0.99
Day,2022-07-12,280,1,0.99
Day,2022-07-12,281,1,0.99
Day,2022-07-12,285,1,0.99
Day,2022-07-12,298,1,0.99
Day,2022-07-12,305,1,0.99
Day,2022-07-12,325,1,0.99
Day,2022-07-12,357,1,0.99
Day,2022-07-12,370,1,0.99
Day,2022-07-12,393,1,0.99
Day,2022-07-12,404,1,0.99
Day,2022-07-12,407,1,0.99
Day,2022-07-12,454,1,0.99
Day,2022-07-12,508,1,0.99
Day,2022-07-12,528,1,0.99
Day,2022-07-12,537,1,0.99
Day,2022-07-12,547,1,0.99
Day,2022-07-12,567,1,0.99
Day,2022-07-12,570,1,0.99
Day,2022-07-26,38,1,0.99
Day,2022-07-26,42,1,0.99
Day,2022-07-26,245,1,0.99
Day,2022-07-26,370,1,0.99
Day,2022-07-26,434,1,0.99
Day,2022-07-26,538,1,0.99
Day,2022-07-26,584,1,0.99
Day,2022-07-26,592,1,0.99
Day,2022-07-27,5,1,0.99
Day,2022-07-27,9,1,0.99
Day,2022-07-27,26,1,0.99
Day,2022-07-27,46,1,0.99
Day,2022-07-27,80,1,0.99
Day,2022-07-27,91,1,0.99
Day,2022-07-27,109,1,0.99
Day,2022-07-27,116,1,0.99
Day,2022-07-27,132,1,0.99
Day,2022-07-27,139,1,0.99
Day,2022-07-27,146,1,0.99
Day,2022-07-27,147,1,0.99
Day,2022-07-27,160,1,0.99
Day,2022-07-27,181,1,0.99
Day,2022-07-27,182,1,0.99
Day,2022-07-27,183,1,0.99
Day,2022-07-27,208,1,0.99
Day,2022-07-27,211,1,0.99
Day,2022-07-27,213,1,0.99
Day,2022-07-27,278,1,0.99
Day,2022-07-27,283,1,0.99
Day,2022-07-27,313,1,0.99
Day,2022-07-27,382,1,0.99
Day,2022-07-27,387,1,0.99
Day,2022-07-27,393,1,0.99
Day,2022-07-27,414,1,0.99
Day,2022-07-27,453,1,0.99
Day,2022-07-27,476,1,0.99
Day,2022-07-27,501,1,0.99
Day,2022-07-27,506,1,0.99
Day,2022-07-27,550,1,0.99
Day,2022-07-27,558,1,0.99
Day,2022-07-27,563,1,0.99
Day,2022-07-27,580,1,0.99
Day,2022-07-28,6,1,0.99
Day,2022-07-28,15,1,0.99
Day,2022-07-28,37,1,0.99
Day,2022-07-28,38,1,0.99
Day,2022-07-28,50,1,0.99
Day,2022-07-28,67,1,0.99
Day,2022-07-28,77,1,0.99
Day,2022-07-28,81,1,0.99
Day,2022-07-28,83,1,0.99
Day,2022-07-28,85,1,0.99
Day,2022-07-28,93,1,0.99
Day,2022-07-28,97,1,0.99
Day,2022-07-28,102,1,0.99
Day,2022-07-28,120,1,0.99
Day,2022-07-28,130,1,0.99
Day,2022-07-28,131,1,0.99
Day,2022-07-28,135,1,0.99
Day,2022-07-28,145,1,0.99
Day,2022-07-28,147,1,0.99
Day,2022-07-28,157,1,0.99
Day,2022-07-28,173,1,0.99
Day,2022-07-28,192,1,0.99
Day,2022-07-28,222,1,0.99
Day,2022-07-28,235,1,0.99
Day,2022-07-28,252,1,0.99
Day,2022-07-28,280,1,0.99
Day,2022-07-28,283,1,0.99
Day,2022-07-28,296,1,0.99
Day,2022-07-28,331,1,0.99
Day,2022-07-28,370,1,0.99
Day,2022-07-28,374,1,0.99
Day,2022-07-28,378,1,0.99
Day,2022-07-28,384,1,0.99
Day,2022-07-28,385,1,0.99
Day,2022-07-28,391,1,0.99
Day,2022-07-28,402,1,0.99
Day,2022-07-28,405,1,0.99
Day,2022-07-28,412,1,0.99
Day,2022-07-28,434,1,0.99
Day,2022-07-28,468,1,0.99
Day,2022-07-28,471,1,0.99
Day,2022-07-28,476,1,0.99
Day,2022-07-28,495,1,0.99
Day,2022-07-28,513,1,0.99
Day,2022-07-28,525,1,0.99
Day,2022-07-28,538,1,0.99
Day,2022-07-28,549,1,0.99
Day,2022-07-28,561,1,0.99
Day,2022-07-28,562,1,0.99
Day,2022-07-28,568,1,0.99
Day,2022-07-28,598,1,0.99
Day,2022-07-29,23,1,0.99
Day,2022-07-29,56,1,0.99
Day,2022-07-29,58,1,0.99
Day,2022-07-29,99,1,0.99
Day,2022-07-29,111,1,0.99
Day,2022-07-29,124,1,0.99
Day,2022-07-29,145,1,0.99
Day,2022-07-29,159,1,0.99
Day,2022-07-29,165,1,0.99
Day,2022-07-29,190,1,0.99
Day,2022-07-29,191,1,0.99
Day,2022-07-29,199,1,0.99
Day,2022-07-29,221,1,0.99
Day,2022-07-29,231,1,0.99
Day,2022-07-29,255,1,0.99
Day,2022-07-29,271,1,0.99
Day,2022-07-29,285,1,0.99
Day,2022-07-29,286,1,0.99
Day,2022-07-29,308,1,0.99
Day,2022-07-29,325,1,0.99
Day,2022-07-29,338,1,0.99
Day,2022-07-29,367,1,0.99
Day,2022-07-29,370,1,0.99
Day,2022-07-29,381,1,0.99
Day,2022-07-29,390,1,0.99
Day,2022-07-29,393,1,0.99
Day,2022-07-29,420,1,0.99
Day,2022-07-29,466,1,0.99
Day,2022-07-29,469,1,0.99
Day,2022-07-29,484,1,0.99
Day,2022-07-29,506,1,0.99
Day,2022-07-29,527,1,0.99
Day,2022-07-29,530,1,0.99
Day,2022-07-29,534,1,0.99
Day,2022-07-29,538,1,0.99
Day,2022-07-30,16,1,0.99
Day,2022-07-30,21,1,0.99
Day,2022-07-30,22,1,0.99
Day,2022-07-30,26,1,0.99
Day,2022-07-30,27,1,0.99
Day,2022-07-30,31,1,0.99
Day,2022-07-30,49,1,0.99
Day,2022-07-30,50,1,0.99
Day,2022-07-30,63,1,0.99
Day,2022-07-30,71,1,0.99
Day,2022-07-30,109,1,0.99
Day,2022-07-30,130,1,0.99
Day,2022-07-30,136,1,0.99
Day,2022-07-30,169,1,0.99
Day,2022-07-30,180,1,0.99
Day,2022-07-30,184,1,0.99
Day,2022-07-30,198,1,0.99
Day,2022-07-30,201,1,0.99
Day,2022-07-30,216,1,0.99
Day,2022-07-30,224,1,0.99
Day,2022-07-30,250,1,0.99
Day,2022-07-30,252,1,0.99
Day,2022-07-30,320,1,0.99
Day,2022-07-30,352,1,0.99
Day,2022-07-30,358,1,0.99
Day,2022-07-30,374,1,0.99
Day,2022-07-30,394,1,0.99
Day,2022-07-30,397,1,0.99
Day,2022-07-30,409,1,0.99
Day,2022-07-30,420,1,0.99
Day,2022-07-30,435,1,0.99
Day,2022-07-30,445,1,0.99
Day,2022-07-30,486,1,0.99
Day,2022-07-30,498,1,0.99
Day,2022-07-30,502,1,0.99
Day,2022-07-30,535,1,0.99
Day,2022-07-30,538,1,0.99
Day,2022-07-30,539,1,0.99
Day,2022-07-30,559,1,0.99
Day,2022-07-30,590,1,0.99
Day,2022-07-31,36,1,0.99
Day,2022-07-31,51,1,0.99
Day,2022-07-31,62,1,0.99
Day,2022-07-31,76,1,0.99
Day,2022-07-31,119,1,0.99
Day,2022-07-31,133,1,0.99
Day,2022-07-31,144,1,0.99
Day,2022-07-31,145,1,0.99
Day,2022-07-31,147,1,0.99
Day,2022-07-31,156,1,0.99
Day,2022-07-31,209,1,0.99
Day,2022-07-31,211,1,0.99
Day,2022-07-31,221,1,0.99
Day,2022-07-31,233,1,0.99
Day,2022-07-31,251,1,0.99
Day,2022-07-31,284,1,0.99
Day,2022-07-31,288,1,0.99
Day,2022-07-31,299,1,0.99
Day,2022-07-31,300,1,0.99
Day,2022-07-31,321,1,0.99
Day,2022-07-31,336,1,0.99
Day,2022-07-31,364,1,0.99
Day,2022-07-31,370,1,0.99
Day,2022-07-31,371,1,0.99
Day,2022-07-31,382,1,0.99
Day,2022-07-31,392,1,0.99
Day,2022-07-31,394,1,0.99
Day,2022-07-31,405,1,0.99
Day,2022-07-31,411,1,0.99
Day,2022-07-31,429,1,0.99
Day,2022-07-31,438,1,0.99
Day,2022-07-31,462,1,0.99
Day,2022-07-31,487,1,0.99
Day,2022-07-31,490,1,0.99
Day,2022-07-31,499,1,0.99
Day,2022-07-31,510,1,0.99
Day,2022-07-31,525,1,0.99
Day,2022-07-31,527,1,0.99
Day,2022-07-31,541,1,0.99
Day,2022-07-31,543,1,0.99
Day,2022-07-31,549,1,0.99
Day,2022-07-31,591,1,0.99
Day,2022-08-01,2,1,0.99
Day,2022-08-01,60,1,0.99
Day,2022-08-01,61,1,0.99
Day,2022-08-01,66,1,0.99
Day,2022-08-01,72,1,0.99
Day,2022-08-01,74,1,0.99
Day,2022-08-01,81,1,0.99
Day,2022-08-01,88,1,0.99
Day,2022-08-01,95,1,0.99
Day,2022-08-01,109,1,0.99
Day,2022-08-01,133,1,0.99
Day,2022-08-01,163,1,0.99
Day,2022-08-01,168,1,0.99
Day,2022-08-01,198,1,0.99
Day,2022-08-01,239,1,0.99
Day,2022-08-01,301,1,0.99
Day,2022-08-01,302,1,0.99
Day,2022-08-01,304,1,0.99
Day,2022-08-01,323,1,0.99
Day,2022-08-01,326,1,0.99
Day,2022-08-01,327,1,0.99
Day,2022-08-01,341,1,0.99
Day,2022-08-01,343,1,0.99
Day,2022-08-01,355,1,0.99
Day,2022-08-01,361,1,0.99
Day,2022-08-01,396,1,0.99
Day,2022-08-01,417,1,0.99
Day,2022-08-01,425,1,0.99
Day,2022-08-01,437,1,0.99
Day,2022-08-01,443,1,0.99
Day,2022-08-01,455,1,0.99
Day,2022-08-01,467,1,0.99
Day,2022-08-01,470,1,0.99
Day,2022-08-01,483,1,0.99
Day,2022-08-01,498,1,0.99
Day,2022-08-01,515,1,0.99
Day,2022-08-01,544,1,0.99
Day,2022-08-01,546,1,0.99
Day,2022-08-01,548,1,0.99
Day,2022-08-01,549,1,0.99
Day,2022-08-01,558,1,0.99
Day,2022-08-01,569,1,0.99
Day,2022-08-01,585,1,0.99
Day,2022-08-01,597,1,0.99
Day,2022-08-02,16,1,0.99
Day,2022-08-02,21,1,0.99
Day,2022-08-02,27,1,0.99
Day,2022-08-02,34,1,0.99
Day,2022-08-02,52,1,0.99
Day,2022-08-02,75,1,0.99
Day,2022-08-02,83,1,0.99
Day,2022-08-02,91,1,0.99
Day,2022-08-02,106,1,0.99
Day,2022-08-02,115,1,0.99
Day,2022-08-02,132,1,0.99
Day,2022-08-02,149,1,0.99
Day,2022-08-02,161,1,0.99
Day,2022-08-02,162,1,0.99
Day,2022-08-02,170,1,0.99
Day,2022-08-02,179,1,0.99
Day,2022-08-02,185,1,0.99
Day,2022-08-02,186,1,0.99
Day,2022-08-02,201,1,0.99
Day,2022-08-02,216,1,0.99
Day,2022-08-02,254,1,0.99
Day,2022-08-02,267,1,0.99
Day,2022-08-02,291,1,0.99
Day,2022-08-02,312,1,0.99
Day,2022-08-02,315,1,0.99
Day,2022-08-02,320,1,0.99
Day,2022-08-02,340,1,0.99
Day,2022-08-02,343,1,0.99
Day,2022-08-02,351,1,0.99
Day,2022-08-02,355,1,0.99
Day,2022-08-02,392,1,0.99
Day,2022-08-02,402,1,0.99
Day,2022-08-02,426,1,0.99
Day,2022-08-02,436,1,0.99
Day,2022-08-02,469,1,0.99
Day,2022-08-02,477,1,0.99
Day,2022-08-02,506,1,0.99
Day,2022-08-02,530,1,0.99
Day,2022-08-02,541,1,0.99
Day,2022-08-02,551,1,0.99
Day,2022-08-02,557,1,0.99
Day,2022-08-02,558,1,0.99
Day,2022-08-02,573,1,0.99
Day,2022-08-02,598,1,0.99
Day,2022-08-16,11,1,0.99
Day,2022-08-16,12,1,0.99
Day,2022-08-16,90,1,0.99
Day,2022-08-16,174,1,0.99
Day,2022-08-16,247,1,0.99
Day,2022-08-16,278,1,0.99
Day,2022-08-16,323,1,0.99
Day,2022-08-16,350,1,0.99
Day,2022-08-16,413,1,0.99
Day,2022-08-16,428,1,0.99
Day,2022-08-17,9,1,0.99
Day,2022-08-17,20,1,0.99
Day,2022-08-17,25,1,0.99
Day,2022-08-17,62,1,0.99
Day,2022-08-17,85,1,0.99
Day,2022-08-17,86,1,0.99
Day,2022-08-17,90,1,0.99
Day,2022-08-17,186,1,0.99
Day,2022-08-17,201,1,0.99
Day,2022-08-17,204,1,0.99
Day,2022-08-17,209,1,0.99
Day,2022-08-17,219,1,0.99
Day,2022-08-17,224,1,0.99
Day,2022-08-17,227,1,0.99
Day,2022-08-17,232,1,0.99
Day,2022-08-17,249,1,0.99
Day,2022-08-17,252,1,0.99
Day,2022-08-17,286,1,0.99
Day,2022-08-17,298,1,0.99
Day,2022-08-17,316,1,0.99
Day,2022-08-17,329,1,0.99
Day,2022-08-17,368,1,0.99
Day,2022-08-17,370,1,0.99
Day,2022-08-17,374,1,0.99
Day,2022-08-17,395,1,0.99
Day,2022-08-17,405,1,0.99
Day,2022-08-17,407,1,0.99
Day,2022-08-17,414,1,0.99
Day,2022-08-17,417,1,0.99
Day,2022-08-17,432,1,0.99
Day,2022-08-17,469,1,0.99
Day,2022-08-17,473,1,0.99
Day,2022-08-17,497,1,0.99
Day,2022-08-17,502,1,0.99
Day,2022-08-17,520,1,0.99
Day,2022-08-17,592,1,0.99
Day,2022-08-17,595,1,0.99
Day,2022-08-18,1,1,0.99
Day,2022-08-18,18,1,0.99
Day,2022-08-18,20,1,0.99
Day,2022-08-18,22,1,0.99
Day,2022-08-18,31,1,0.99
Day,2022-08-18,64,1,0.99
Day,2022-08-18,66,1,0.99
Day,2022-08-18,99,1,0.99
Day,2022-08-18,100,1,0.99
Day,2022-08-18,105,1,0.99
Day,2022-08-18,115,1,0.99
Day,2022-08-18,154,1,0.99
Day,2022-08-18,175,1,0.99
Day,2022-08-18,197,1,0.99
Day,2022-08-18,199,1,0.99
Day,2022-08-18,203,1,0.99
Day,2022-08-18,228,1,0.99
Day,2022-08-18,234,1,0.99
Day,2022-08-18,237,1,0.99
Day,2022-08-18,248,1,0.99
Day,2022-08-18,253,1,0.99
Day,2022-08-18,273,1,0.99
Day,2022-08-18,278,1,0.99
Day,2022-08-18,295,1,0.99
Day,2022-08-18,314,1,0.99
Day,2022-08-18,316,1,0.99
Day,2022-08-18,339,1,0.99
Day,2022-08-18,369,1,0.99
Day,2022-08-18,375,1,0.99
Day,2022-08-18,407,1,0.99
Day,2022-08-18,424,1,0.99
Day,2022-08-18,430,1,0.99
Day,2022-08-18,438,1,0.99
Day,2022-08-18,447,1,0.99
Day,2022-08-18,450,1,0.99
Day,2022-08-18,458,1,0.99
Day,2022-08-18,479,1,0.99
Day,2022-08-18,517,1,0.99
Day,2022-08-18,526,1,0.99
Day,2022-08-18,547,1,0.99
Day,2022-08-18,592,1,0.99
Day,2022-08-18,595,1,0.99
Day,2022-08-19,25,1,0.99
Day,2022-08-19,30,1,0.99
Day,2022-08-19,41,1,0.99
Day,2022-08-19,46,1,0.99
Day,2022-08-19,61,1,0.99
Day,2022-08-19,74,1,0.99
Day,2022-08-19,82,1,0.99
Day,2022-08-19,135,1,0.99
Day,2022-08-19,137,1,0.99
Day,2022-08-19,151,1,0.99
Day,2022-08-19,185,1,0.99
Day,2022-08-19,195,1,0.99
Day,2022-08-19,196,1,0.99
Day,2022-08-19,215,1,0.99
Day,2022-08-19,216,1,0.99
Day,2022-08-19,218,1,0.99
Day,2022-08-19,245,1,0.99
Day,2022-08-19,256,1,0.99
Day,2022-08-19,305,1,0.99
Day,2022-08-19,312,1,0.99
Day,2022-08-19,328,1,0.99
Day,2022-08-19,330,1,0.99
Day,2022-08-19,335,1,0.99
Day,2022-08-19,350,1,0.99
Day,2022-08-19,361,1,0.99
Day,2022-08-19,370,1,0.99
Day,2022-08-19,394,1,0.99
Day,2022-08-19,408,1,0.99
Day,2022-08-19,418,1,0.99
Day,2022-08-19,425,1,0.99
Day,2022-08-19,435,1,0.99
Day,2022-08-19,477,1,0.99
Day,2022-08-19,517,1,0.99
Day,2022-08-19,534,1,0.99
Day,2022-08-19,543,1,0.99
Day,2022-08-19,564,1,0.99
Day,2022-08-19,586,1,0.99
Day,2022-08-20,18,1,0.99
Day,2022-08-20,54,1,0.99
Day,2022-08-20,61,1,0.99
Day,2022-08-20,65,1,0.99
Day,2022-08-20,115,1,0.99
Day,2022-08-20,130,1,0.99
Day,2022-08-20,135,1,0.99
Day,2022-08-20,148,1,0.99
Day,2022-08-20,159,1,0.99
Day,2022-08-20,177,1,0.99
Day,2022-08-20,190,1,0.99
Day,2022-08-20,194,1,0.99
Day,2022-08-20,195,1,0.99
Day,2022-08-20,223,1,0.99
Day,2022-08-20,224,1,0.99
Day,2022-08-20,248,1,0.99
Day,2022-08-20,331,1,0.99
Day,2022-08-20,353,1,0.99
Day,2022-08-20,361,1,0.99
Day,2022-08-20,445,1,0.99
Day,2022-08-20,457,1,0.99
Day,2022-08-20,486,1,0.99
Day,2022-08-20,501,1,0.99
Day,2022-08-20,512,1,0.99
Day,2022-08-20,514,1,0.99
Day,2022-08-20,541,1,0.99
Day,2022-08-20,562,1,0.99
Day,2022-08-21,1,1,0.99
Day,2022-08-21,8,1,0.99
Day,2022-08-21,33,1,0.99
Day,2022-08-21,47,1,0.99
Day,2022-08-21,79,1,0.99
Day,2022-08-21,82,1,0.99
Day,2022-08-21,91,1,0.99
Day,2022-08-21,92,1,0.99
Day,2022-08-21,112,1,0.99
Day,2022-08-21,117,1,0.99
Day,2022-08-21,124,1,0.99
Day,2022-08-21,128,1,0.99
Day,2022-08-21,129,1,0.99
Day,2022-08-21,177,1,0.99
Day,2022-08-21,179,1,0.99
Day,2022-08-21,206,1,0.99
Day,2022-08-21,211,1,0.99
Day,2022-08-21,215,1,0.99
Day,2022-08-21,232,1,0.99
Day,2022-08-21,242,1,0.99
Day,2022-08-21,248,1,0.99
Day,2022-08-21,249,1,0.99
Day,2022-08-21,251,1,0.99
Day,2022-08-21,257,1,0.99
Day,2022-08-21,270,1,0.99
Day,2022-08-21,292,1,0.99
Day,2022-08-21,298,1,0.99
Day,2022-08-21,307,1,0.99
Day,2022-08-21,320,1,0.99
Day,2022-08-21,334,1,0.99
Day,2022-08-21,361,1,0.99
Day,2022-08-21,391,1,0.99
Day,2022-08-21,394,1,0.99
Day,2022-08-21,404,1,0.99
Day,2022-08-21,418,1,0.99
Day,2022-08-21,419,1,0.99
Day,2022-08-21,420,1,0.99
Day,2022-08-21,440,1,0.99
Day,2022-08-21,451,1,0.99
Day,2022-08-21,452,1,0.99
Day,2022-08-21,454,1,0.99
Day,2022-08-21,463,1,0.99
Day,2022-08-21,474,1,0.99
Day,2022-08-21,491,1,0.99
Day,2022-08-21,497,1,0.99
Day,2022-08-21,500,1,0.99
Day,2022-08-21,549,1,0.99
Day,2022-08-21,561,1,0.99
Day,2022-08-21,583,1,0.99
Day,2022-08-21,595,1,0.99
Day,2022-08-21,596,1,0.99
Day,2022-08-21,598,1,0.99
Day,2022-08-22,3,1,0.99
Day,2022-08-22,5,1,0.99
Day,2022-08-22,27,1,0.99
Day,2022-08-22,53,1,0.99
Day,2022-08-22,70,1,0.99
Day,2022-08-22,80,1,0.99
Day,2022-08-22,97,1,0.99
Day,2022-08-22,104,1,0.99
Day,2022-08-22,133,1,0.99
Day,2022-08-22,159,1,0.99
Day,2022-08-22,199,1,0.99
Day,2022-08-22,202,1,0.99
Day,2022-08-22,205,1,0.99
Day,2022-08-22,227,1,0.99
Day,2022-08-22,232,1,0.99
Day,2022-08-22,242,1,0.99
Day,2022-08-22,257,1,0.99
Day,2022-08-22,285,1,0.99
Day,2022-08-22,286,1,0.99
Day,2022-08-22,322,1,0.99
Day,2022-08-22,325,1,0.99
Day,2022-08-22,341,1,0.99
Day,2022-08-22,352,1,0.99
Day,2022-08-22,357,1,0.99
Day,2022-08-22,364,1,0.99
Day,2022-08-22,372,1,0.99
Day,2022-08-22,377,1,0.99
Day,2022-08-22,387,1,0.99
Day,2022-08-22,399,1,0.99
Day,2022-08-22,424,1,0.99
Day,2022-08-22,453,1,0.99
Day,2022-08-22,476,1,0.99
Day,2022-08-22,489,1,0.99
Day,2022-08-22,516,1,0.99
Day,2022-08-22,525,1,0.99
Day,2022-08-22,530,1,0.99
Day,2022-08-22,531,1,0.99
Day,2022-08-22,557,1,0.99
Day,2022-08-22,571,1,0.99
Day,2022-08-22,596,1,0.99
Day,2022-08-23,12,1,0.99
Day,2022-08-23,14,1,0.99
Day,2022-08-23,19,1,0.99
Day,2022-08-23,94,1,0.99
Day,2022-08-23,118,1,0.99
Day,2022-08-23,124,1,0.99
Day,2022-08-23,138,1,0.99
Day,2022-08-23,171,1,0.99
Day,2022-08-23,184,1,0.99
Day,2022-08-23,186,1,0.99
Day,2022-08-23,196,1,0.99
Day,2022-08-23,218,1,0.99
Day,2022-08-23,238,1,0.99
Day,2022-08-23,240,1,0.99
Day,2022-08-23,254,1,0.99
Day,2022-08-23,323,1,0.99
Day,2022-08-23,328,1,0.99
Day,2022-08-23,354,1,0.99
Day,2022-08-23,386,1,0.99
Day,2022-08-23,411,1,0.99
Day,2022-08-23,414,1,0.99
Day,2022-08-23,415,1,0.99
Day,2022-08-23,417,1,0.99
Day,2022-08-23,420,1,0.99
Day,2022-08-23,443,1,0.99
Day,2022-08-23,452,1,0.99
Day,2022-08-23,459,1,0.99
Day,2022-08-23,533,1,0.99
Day,2022-08-23,535,1,0.99
Day,2022-08-23,553,1,0.99
Day,2022-08-23,576,1,0.99
Day,2022-08-23,578,1,0.99
Day,2022-08-23,584,1,0.99
Month,2022-02-01,5,1,0.99
Month,2022-02-01,11,1,0.99
Month,2022-02-01,29,1,0.99
Month,2022-02-01,33,1,0.99
Month,2022-02-01,58,1,0.99
Month,2022-02-01,69,1,0.99
Month,2022-02-01,99,1,0.99
Month,2022-02-01,100,1,0.99
Month,2022-02-01,101,1,0.99
Month,2022-02-01,135,1,0.99
Month,2022-02-01,142,1,0.99
Month,2022-02-01,162,1,0.99
Month,2022-02-01,168,1,0.99
Month,2022-02-01,191,1,0.99
Month,2022-02-01,215,1,0.99
Month,2022-02-01,229,1,0.99
Month,2022-02-01,234,1,0.99
Month,2022-02-01,236,1,0.99
Month,2022-02-01,251,1,0.99
Month,2022-02-01,263,1,0.99
Month,2022-02-01,274,1,0.99
Month,2022-02-01,282,1,0.99
Month,2022-02-01,287,1,0.99
Month,2022-02-01,295,1,0.99
Month,2022-02-01,317,1,0.99
Month,2022-02-01,334,1,0.99
Month,2022-02-01,335,1,0.99
Month,2022-02-01,336,1,0.99
Month,2022-02-01,337,1,0.99
Month,2022-02-01,355,1,0.99
Month,2022-02-01,369,1,0.99
Month,2022-02-01,373,1,0.99
Month,2022-02-01,388,1,0.99
Month,2022-02-01,405,1,0.99
Month,2022-02-01,412,1,0.99
Month,2022-02-01,421,1,0.99
Month,2022-02-01,424,1,0.99
Month,2022-02-01,438,1,0.99
Month,2022-02-01,450,1,0.99
Month,2022-02-01,474,1,0.99
Month,2022-02-01,476,1,0.99
Month,2022-02-01,479,1,0.99
Month,2022-02-01,495,1,0.99
Month,2022-02-01,508,1,0.99
Month,2022-02-01,512,1,0.99
Month,2022-02-01,532,1,0.99
Month,2022-02-01,548,1,0.99
Month,2022-02-01,561,1,0.99
Month,2022-02-01,570,1,0.99
Month,2022-02-01,579,1,0.99
Month,2022-02-01,587,1,0.99
Month,2022-02-01,592,1,0.99
Month,2022-02-01,596,1,0.99
Month,2022-05-01,52,1,0.99
Month,2022-05-01,61,1,0.99
Month,2022-05-01,81,1,0.99
Month,2022-05-01,99,1,0.99
Month,2022-05-01,100,1,0.99
Month,2022-05-01,145,1,0.99
Month,2022-05-01,183,1,0.99
Month,2022-05-01,203,1,0.99
Month,2022-05-01,213,1,0.99
Month,2022-05-01,219,1,0.99
Month,2022-05-01,265,1,0.99
Month,2022-05-01,292,1,0.99
Month,2022-05-01,310,1,0.99
Month,2022-05-01,338,1,0.99
Month,2022-05-01,376,1,0.99
Month,2022-05-01,378,1,0.99
Month,2022-05-01,397,1,0.99
Month,2022-05-01,406,1,0.99
Month,2022-05-01,422,1,0.99
Month,2022-05-01,424,1,0.99
Month,2022-05-01,426,1,0.99
Month,2022-05-01,465,1,0.99
Month,2022-05-01,530,1,0.99
Month,2022-05-01,552,1,0.99
Month,2022-05-01,574,1,0.99
Month,2022-05-01,578,1,0.99
Month,2022-05-01,580,1,0.99
Month,2022-05-01,582,1,0.99
Month,2022-06-01,36,1,0.99
Month,2022-06-01,63,1,0.99
Month,2022-06-01,157,1,0.99
Month,2022-06-01,198,1,0.99
Month,2022-06-01,220,1,0.99
Month,2022-06-01,231,1,0.99
Month,2022-06-01,367,1,0.99
Month,2022-06-01,369,1,0.99
Month,2022-06-01,460,1,0.99
Month,2022-06-01,580,1,0.99
Day,2022-06-15,396,3,13.97
Day,2022-06-17,526,3,13.97
Day,2022-06-19,148,3,13.97
Day,2022-06-20,307,3,13.97
Day,2022-06-21,277,3,13.97
Day,2022-07-06,452,3,13.97
Day,2022-07-07,376,3,13.97
Day,2022-07-07,560,3,13.97
Day,2022-07-08,64,3,13.97
Day,2022-07-08,481,3,13.97
Day,2022-07-09,14,3,13.97
Day,2022-07-09,89,3,13.97
Day,2022-07-09,196,3,13.97
Day,2022-07-10,374,3,13.97
Day,2022-07-11,540,3,13.97
Day,2022-07-12,366,3,13.97
Day,2022-07-12,533,3,13.97
Day,2022-07-27,90,3,13.97
Day,2022-07-27,135,3,13.97
Day,2022-07-27,190,3,13.97
Day,2022-07-27,191,3,13.97
Day,2022-07-28,236,3,13.97
Day,2022-07-28,449,3,13.97
Day,2022-07-28,518,3,13.97
Day,2022-07-29,175,3,13.97
Day,2022-07-29,210,3,13.97
Day,2022-07-29,222,3,13.97
Day,2022-07-29,237,3,13.97
Day,2022-07-29,326,3,13.97
Day,2022-07-29,495,3,13.97
Day,2022-07-29,516,3,13.97
Day,2022-07-31,13,3,13.97
Day,2022-07-31,40,3,13.97
Day,2022-07-31,183,3,13.97
Day,2022-07-31,579,3,13.97
Day,2022-08-01,285,3,13.97
Day,2022-08-01,416,3,13.97
Day,2022-08-01,534,3,13.97
Day,2022-08-01,559,3,13.97
Day,2022-08-01,593,3,13.97
Day,2022-08-02,134,3,13.97
Day,2022-08-02,160,3,13.97
Day,2022-08-02,244,3,13.97
Day,2022-08-02,305,3,13.97
Day,2022-08-02,348,3,13.97
Day,2022-08-02,532,3,13.97
Day,2022-08-02,569,3,13.97
Day,2022-08-17,168,3,13.97
Day,2022-08-17,299,3,13.97
Day,2022-08-17,352,3,13.97
Day,2022-08-17,373,3,13.97
Day,2022-08-17,436,3,13.97
Day,2022-08-18,54,3,13.97
Day,2022-08-18,231,3,13.97
Day,2022-08-18,499,3,13.97
Day,2022-08-18,513,3,13.97
Day,2022-08-18,534,3,13.97
Day,2022-08-19,37,3,13.97
Day,2022-08-19,234,3,13.97
Day,2022-08-19,236,3,13.97
Day,2022-08-19,348,3,13.97
Day,2022-08-19,460,3,13.97
Day,2022-08-19,559,3,13.97
Day,2022-08-20,37,3,13.97
Day,2022-08-20,147,3,13.97
Day,2022-08-20,261,3,13.97
Day,2022-08-20,333,3,13.97
Day,2022-08-20,386,3,13.97
Day,2022-08-20,466,3,13.97
Day,2022-08-21,389,3,13.97
Day,2022-08-21,410,3,13.97
Day,2022-08-22,151,3,13.97
Day,2022-08-22,153,3,13.97
Day,2022-08-23,356,3,13.97
Month,2022-05-01,54,3,13.97
Month,2022-05-01,59,3,13.97
Month,2022-05-01,119,3,13.97
Month,2022-05-01,209,3,13.97
Month,2022-05-01,323,3,13.97
Month,2022-05-01,437,3,13.97
Month,2022-05-01,439,3,13.97
Month,2022-05-01,442,3,13.97
Month,2022-06-01,8,3,13.97
Month,2022-06-01,71,3,13.97
Month,2022-06-01,88,3,13.97
Month,2022-06-01,269,3,13.97
Month,2022-06-01,298,3,13.97
Month,2022-06-01,375,3,13.97
Month,2022-06-01,389,3,13.97
Month,2022-06-01,396,3,13.97
Month,2022-06-01,432,3,13.97
Month,2022-06-01,577,3,13.97
Day,2022-05-24,319,1,9.99
Day,2022-05-25,57,1,9.99
Day,2022-05-26,200,1,9.99
Day,2022-05-26,318,1,9.99
Day,2022-05-26,571,1,9.99
Day,2022-05-27,14,1,9.99
Day,2022-05-27,67,1,9.99
Day,2022-05-27,101,1,9.99
Day,2022-05-28,85,1,9.99
Day,2022-05-28,103,1,9.99
Day,2022-05-28,142,1,9.99
Day,2022-05-29,171,1,9.99
Day,2022-05-29,439,1,9.99
Day,2022-05-30,53,1,9.99
Day,2022-06-15,49,1,9.99
Day,2022-06-15,368,1,9.99
Day,2022-06-16,48,1,9.99
Day,2022-06-16,469,1,9.99
Day,2022-06-17,26,1,9.99
Day,2022-06-17,156,1,9.99
Day,2022-06-17,462,1,9.99
Day,2022-06-18,287,1,9.99
Day,2022-06-18,436,1,9.99
Day,2022-06-18,583,1,9.99
Day,2022-06-19,120,1,9.99
Day,2022-06-19,212,1,9.99
Day,2022-06-19,414,1,9.99
Day,2022-06-19,454,1,9.99
Day,2022-06-19,467,1,9.99
Day,2022-06-20,87,1,9.99
Day,2022-06-20,178,1,9.99
Day,2022-06-20,398,1,9.99
Day,2022-06-21,274,1,9.99
Day,2022-06-21,459,1,9.99
Day,2022-06-21,492,1,9.99
Day,2022-07-06,51,1,9.99
Day,2022-07-06,270,1,9.99
Day,2022-07-06,295,1,9.99
Day,2022-07-06,595,1,9.99
Day,2022-07-07,41,1,9.99
Day,2022-07-07,185,1,9.99
Day,2022-07-07,249,1,9.99
Day,2022-07-07,269,1,9.99
Day,2022-07-07,528,1,9.99
Day,2022-07-08,31,1,9.99
Day,2022-07-08,44,1,9.99
Day,2022-07-08,81,1,9.99
Day,2022-07-08,86,1,9.99
Day,2022-07-09,32,1,9.99
Day,2022-07-09,566,1,9.99
Day,2022-07-10,265,1,9.99
Day,2022-07-10,285,1,9.99
Day,2022-07-10,407,1,9.99
Day,2022-07-11,293,1,9.99
Day,2022-07-11,359,1,9.99
Day,2022-07-12,153,1,9.99
Day,2022-07-12,169,1,9.99
Day,2022-07-12,226,1,9.99
Day,2022-07-12,542,1,9.99
Day,2022-07-26,45,1,9.99
Day,2022-07-27,28,1,9.99
Day,2022-07-27,79,1,9.99
Day,2022-07-27,325,1,9.99
Day,2022-07-27,551,1,9.99
Day,2022-07-28,440,1,9.99
Day,2022-07-28,480,1,9.99
Day,2022-07-28,506,1,9.99
Day,2022-07-29,37,1,9.99
Day,2022-07-29,295,1,9.99
Day,2022-07-29,392,1,9.99
Day,2022-07-29,423,1,9.99
Day,2022-07-29,504,1,9.99
Day,2022-07-30,436,1,9.99
Day,2022-07-30,495,1,9.99
Day,2022-07-30,497,1,9.99
Day,2022-07-31,75,1,9.99
Day,2022-07-31,282,1,9.99
Day,2022-07-31,315,1,9.99
Day,2022-07-31,582,1,9.99
Day,2022-08-01,189,1,9.99
Day,2022-08-01,280,1,9.99
Day,2022-08-02,70,1,9.99
Day,2022-08-02,126,1,9.99
Day,2022-08-02,288,1,9.99
Day,2022-08-02,487,1,9.99
Day,2022-08-02,489,1,9.99
Day,2022-08-02,543,1,9.99
Day,2022-08-02,585,1,9.99
Day,2022-08-17,61,1,9.99
Day,2022-08-17,184,1,9.99
Day,2022-08-17,244,1,9.99
Day,2022-08-17,375,1,9.99
Day,2022-08-17,512,1,9.99
Day,2022-08-18,32,1,9.99
Day,2022-08-18,40,1,9.99
Day,2022-08-19,22,1,9.99
Day,2022-08-19,102,1,9.99
Day,2022-08-19,421,1,9.99
Day,2022-08-19,502,1,9.99
Day,2022-08-20,77,1,9.99
Day,2022-08-20,363,1,9.99
Day,2022-08-20,563,1,9.99
Day,2022-08-20,569,1,9.99
Day,2022-08-20,591,1,9.99
Day,2022-08-21,36,1,9.99
Day,2022-08-21,547,1,9.99
Day,2022-08-22,542,1,9.99
Day,2022-08-22,550,1,9.99
Day,2022-08-23,209,1,9.99
Day,2022-08-23,424,1,9.99
Day,2022-08-23,526,1,9.99
Month,2022-05-01,101,1,9.99
Month,2022-05-01,171,1,9.99
Month,2022-05-01,200,1,9.99
Month,2022-05-01,318,1,9.99
Month,2022-06-01,436,1,9.99
Day,2022-02-14,75,3,8.97
Day,2022-06-17,459,3,8.97
Day,2022-06-18,383,3,8.97
Day,2022-06-20,330,3,8.97
Day,2022-06-21,279,3,8.97
Day,2022-07-06,97,3,8.97
Day,2022-07-07,452,3,8.97
Day,2022-07-07,496,3,8.97
Day,2022-07-08,99,3,8.97
Day,2022-07-08,351,3,8.97
Day,2022-07-08,436,3,8.97
Day,2022-07-09,230,3,8.97
Day,2022-07-09,241,3,8.97
Day,2022-07-10,96,3,8.97
Day,2022-07-10,132,3,8.97
Day,2022-07-10,156,3,8.97
Day,2022-07-10,302,3,8.97
Day,2022-07-11,200,3,8.97
Day,2022-07-11,225,3,8.97
Day,2022-07-11,236,3,8.97
Day,2022-07-11,596,3,8.97
Day,2022-07-12,164,3,8.97
Day,2022-07-27,102,3,8.97
Day,2022-07-27,114,3,8.97
Day,2022-07-28,36,3,8.97
Day,2022-07-28,122,3,8.97
Day,2022-07-28,409,3,8.97
Day,2022-07-28,552,3,8.97
Day,2022-07-29,88,3,8.97
Day,2022-07-29,202,3,8.97
Day,2022-07-29,224,3,8.97
Day,2022-07-29,303,3,8.97
Day,2022-07-29,439,3,8.97
Day,2022-07-30,391,3,8.97
Day,2022-07-31,57,3,8.97
Day,2022-07-31,89,3,8.97
Day,2022-07-31,376,3,8.97
Day,2022-07-31,550,3,8.97
Day,2022-07-31,570,3,8.97
Day,2022-08-01,101,3,8.97
Day,2022-08-01,177,3,8.97
Day,2022-08-01,308,3,8.97
Day,2022-08-01,596,3,8.97
Day,2022-08-17,6,3,8.97
Day,2022-08-17,297,3,8.97
Day,2022-08-17,418,3,8.97
Day,2022-08-17,434,3,8.97
Day,2022-08-18,15,3,8.97
Day,2022-08-19,229,3,8.97
Day,2022-08-19,327,3,8.97
Day,2022-08-19,504,3,8.97
Day,2022-08-20,74,3,8.97
Day,2022-08-20,168,3,8.97
Day,2022-08-20,180,3,8.97
Day,2022-08-21,190,3,8.97
Day,2022-08-21,243,3,8.97
Day,2022-08-21,317,3,8.97
Day,2022-08-21,403,3,8.97
Day,2022-08-21,551,3,8.97
Day,2022-08-21,589,3,8.97
Day,2022-08-21,599,3,8.97
Day,2022-08-22,186,3,8.97
Day,2022-08-22,197,3,8.97
Day,2022-08-22,266,3,8.97
Day,2022-08-22,274,3,8.97
Day,2022-08-23,380,3,8.97
Day,2022-08-23,395,3,8.97
Day,2022-08-23,416,3,8.97
Day,2022-08-23,582,3,8.97
Month,2022-02-01,75,3,8.97
Month,2022-05-01,6,3,8.97
Month,2022-05-01,21,3,8.97
Month,2022-05-01,48,3,8.97
Month,2022-05-01,64,3,8.97
Month,2022-05-01,236,3,8.97
Month,2022-05-01,257,3,8.97
Month,2022-05-01,284,3,8.97
Month,2022-05-01,303,3,8.97
Month,2022-05-01,357,3,8.97
Month,2022-05-01,533,3,8.97
Month,2022-06-01,19,3,8.97
Month,2022-06-01,90,3,8.97
Month,2022-06-01,97,3,8.97
Month,2022-06-01,154,3,8.97
Month,2022-06-01,199,3,8.97
Month,2022-06-01,245,3,8.97
Month,2022-06-01,284,3,8.97
Month,2022-06-01,291,3,8.97
Month,2022-06-01,301,3,8.97
Month,2022-06-01,323,3,8.97
Month,2022-06-01,356,3,8.97
Month,2022-06-01,418,3,8.97
Month,2022-06-01,449,3,8.97
Month,2022-06-01,503,3,8.97
Month,2022-06-01,591,3,8.97
Month,2022-08-01,97,3,8.97
Month,2022-08-01,222,3,8.97
Month,2022-08-01,428,3,8.97
Day,2022-02-14,9,1,4.99
Day,2022-02-14,14,1,4.99
Day,2022-02-14,22,1,4.99
Day,2022-02-14,44,1,4.99
Day,2022-02-14,52,1,4.99
Day,2022-02-14,56,1,4.99
Day,2022-02-14,64,1,4.99
Day,2022-02-14,83,1,4.99
Day,2022-02-14,87,1,4.99
Day,2022-02-14,91,1,4.99
Day,2022-02-14,94,1,4.99
Day,2022-02-14,108,1,4.99
Day,2022-02-14,114,1,4.99
Day,2022-02-14,120,1,4.99
Day,2022-02-14,152,1,4.99
Day,2022-02-14,178,1,4.99
Day,2022-02-14,180,1,4.99
Day,2022-02-14,190,1,4.99
Day,2022-02-14,192,1,4.99
Day,2022-02-14,211,1,4.99
Day,2022-02-14,219,1,4.99
Day,2022-02-14,227,1,4.99
Day,2022-02-14,244,1,4.99
Day,2022-02-14,252,1,4.99
Day,2022-02-14,279,1,4.99
Day,2022-02-14,300,1,4.99
Day,2022-02-14,359,1,4.99
Day,2022-02-14,366,1,4.99
Day,2022-02-14,394,1,4.99
Day,2022-02-14,411,1,4.99
Day,2022-02-14,440,1,4.99
Day,2022-02-14,441,1,4.99
Day,2022-02-14,452,1,4.99
Day,2022-02-14,472,1,4.99
Day,2022-02-14,497,1,4.99
Day,2022-02-14,505,1,4.99
Day,2022-02-14,521,1,4.99
Day,2022-02-14,537,1,4.99
Day,2022-02-14,557,1,4.99
Day,2022-02-14,585,1,4.99
Day,2022-02-14,597,1,4.99
Day,2022-05-24,126,1,4.99
Day,2022-05-24,239,1,4.99
Day,2022-05-24,261,1,4.99
Day,2022-05-24,316,1,4.99
Day,2022-05-24,333,1,4.99
Day,2022-05-25,6,1,4.99
Day,2022-05-25,40,1,4.99
Day,2022-05-25,43,1,4.99
Day,2022-05-25,51,1,4.99
Day,2022-05-25,108,1,4.99
Day,2022-05-25,208,1,4.99
Day,2022-05-25,222,1,4.99
Day,2022-05-25,227,1,4.99
Day,2022-05-25,232,1,4.99
Day,2022-05-25,245,1,4.99
Day,2022-05-25,256,1,4.99
Day,2022-05-25,263,1,4.99
Day,2022-05-25,291,1,4.99
Day,2022-05-25,301,1,4.99
Day,2022-05-25,323,1,4.99
Day,2022-05-25,346,1,4.99
Day,2022-05-25,350,1,4.99
Day,2022-05-25,369,1,4.99
Day,2022-05-25,384,1,4.99
Day,2022-05-25,388,1,4.99
Day,2022-05-25,391,1,4.99
Day,2022-05-25,413,1,4.99
Day,2022-05-25,414,1,4.99
Day,2022-05-25,438,1,4.99
Day,2022-05-25,456,1,4.99
Day,2022-05-25,484,1,4.99
Day,2022-05-25,509,1,4.99
Day,2022-05-25,523,1,4.99
Day,2022-05-25,569,1,4.99
Day,2022-05-25,586,1,4.99
Day,2022-05-26,2,1,4.99
Day,2022-05-26,54,1,4.99
Day,2022-05-26,59,1,4.99
Day,2022-05-26,60,1,4.99
Day,2022-05-26,65,1,4.99
Day,2022-05-26,102,1,4.99
Day,2022-05-26,121,1,4.99
Day,2022-05-26,151,1,4.99
Day,2022-05-26,211,1,4.99
Day,2022-05-26,221,1,4.99
Day,2022-05-26,237,1,4.99
Day,2022-05-26,238,1,4.99
Day,2022-05-26,243,1,4.99
Day,2022-05-26,247,1,4.99
Day,2022-05-26,249,1,4.99
Day,2022-05-26,296,1,4.99
Day,2022-05-26,312,1,4.99
Day,2022-05-26,321,1,4.99
Day,2022-05-26,365,1,4.99
Day,2022-05-26,369,1,4.99
Day,2022-05-26,373,1,4.99
Day,2022-05-26,379,1,4.99
Day,2022-05-26,387,1,4.99
Day,2022-05-26,390,1,4.99
Day,2022-05-26,401,1,4.99
Day,2022-05-26,417,1,4.99
Day,2022-05-26,448,1,4.99
Day,2022-05-26,449,1,4.99
Day,2022-05-26,467,1,4.99
Day,2022-05-26,489,1,4.99
Day,2022-05-26,496,1,4.99
Day,2022-05-26,531,1,4.99
Day,2022-05-26,539,1,4.99
Day,2022-05-26,542,1,4.99
Day,2022-05-26,587,1,4.99
Day,2022-05-26,594,1,4.99
Day,2022-05-26,596,1,4.99
Day,2022-05-27,9,1,4.99
Day,2022-05-27,22,1,4.99
Day,2022-05-27,32,1,4.99
Day,2022-05-27,48,1,4.99
Day,2022-05-27,54,1,4.99
Day,2022-05-27,64,1,4.99
Day,2022-05-27,87,1,4.99
Day,2022-05-27,92,1,4.99
Day,2022-05-27,95,1,4.99
Day,2022-05-27,152,1,4.99
Day,2022-05-27,165,1,4.99
Day,2022-05-27,190,1,4.99
Day,2022-05-27,194,1,4.99
Day,2022-05-27,204,1,4.99
Day,2022-05-27,228,1,4.99
Day,2022-05-27,267,1,4.99
Day,2022-05-27,307,1,4.99
Day,2022-05-27,314,1,4.99
Day,2022-05-27,375,1,4.99
Day,2022-05-27,388,1,4.99
Day,2022-05-27,398,1,4.99
Day,2022-05-27,401,1,4.99
Day,2022-05-27,412,1,4.99
Day,2022-05-27,430,1,4.99
Day,2022-05-27,446,1,4.99
Day,2022-05-27,473,1,4.99
Day,2022-05-27,475,1,4.99
Day,2022-05-27,476,1,4.99
Day,2022-05-27,504,1,4.99
Day,2022-05-27,526,1,4.99
Day,2022-05-27,542,1,4.99
Day,2022-05-27,569,1,4.99
Day,2022-05-27,584,1,4.99
Day,2022-05-28,22,1,4.99
Day,2022-05-28,43,1,4.99
Day,2022-05-28,51,1,4.99
Day,2022-05-28,55,1,4.99
Day,2022-05-28,69,1,4.99
Day,2022-05-28,94,1,4.99
Day,2022-05-28,148,1,4.99
Day,2022-05-28,157,1,4.99
Day,2022-05-28,240,1,4.99
Day,2022-05-28,244,1,4.99
Day,2022-05-28,248,1,4.99
Day,2022-05-28,313,1,4.99
Day,2022-05-28,337,1,4.99
Day,2022-05-28,393,1,4.99
Day,2022-05-28,411,1,4.99
Day,2022-05-28,415,1,4.99
Day,2022-05-28,428,1,4.99
Day,2022-05-28,494,1,4.99
Day,2022-05-28,495,1,4.99
Day,2022-05-28,514,1,4.99
Day,2022-05-28,526,1,4.99
Day,2022-05-28,537,1,4.99
Day,2022-05-28,584,1,4.99
Day,2022-05-29,18,1,4.99
Day,2022-05-29,32,1,4.99
Day,2022-05-29,72,1,4.99
Day,2022-05-29,79,1,4.99
Day,2022-05-29,126,1,4.99
Day,2022-05-29,149,1,4.99
Day,2022-05-29,152,1,4.99
Day,2022-05-29,215,1,4.99
Day,2022-05-29,225,1,4.99
Day,2022-05-29,252,1,4.99
Day,2022-05-29,256,1,4.99
Day,2022-05-29,291,1,4.99
Day,2022-05-29,321,1,4.99
Day,2022-05-29,346,1,4.99
Day,2022-05-29,350,1,4.99
Day,2022-05-29,357,1,4.99
Day,2022-05-29,360,1,4.99
Day,2022-05-29,375,1,4.99
Day,2022-05-29,405,1,4.99
Day,2022-05-29,417,1,4.99
Day,2022-05-29,420,1,4.99
Day,2022-05-29,441,1,4.99
Day,2022-05-29,495,1,4.99
Day,2022-05-29,504,1,4.99
Day,2022-05-29,507,1,4.99
Day,2022-05-29,538,1,4.99
Day,2022-05-29,548,1,4.99
Day,2022-05-29,553,1,4.99
Day,2022-05-29,566,1,4.99
Day,2022-05-29,589,1,4.99
Day,2022-05-30,7,1,4.99
Day,2022-05-30,12,1,4.99
Day,2022-05-30,17,1,4.99
Day,2022-05-30,50,1,4.99
Day,2022-05-30,57,1,4.99
Day,2022-05-30,66,1,4.99
Day,2022-05-30,72,1,4.99
Day,2022-05-30,85,1,4.99
Day,2022-05-30,167,1,4.99
Day,2022-05-30,204,1,4.99
Day,2022-05-30,216,1,4.99
Day,2022-05-30,242,1,4.99
Day,2022-05-30,262,1,4.99
Day,2022-05-30,274,1,4.99
Day,2022-05-30,293,1,4.99
Day,2022-05-30,349,1,4.99
Day,2022-05-30,358,1,4.99
Day,2022-05-30,379,1,4.99
Day,2022-05-30,389,1,4.99
Day,2022-05-30,390,1,4.99
Day,2022-05-30,399,1,4.99
Day,2022-05-30,413,1,4.99
Day,2022-05-30,440,1,4.99
Day,2022-05-30,472,1,4.99
Day,2022-05-30,513,1,4.99
Day,2022-05-30,517,1,4.99
Day,2022-05-30,524,1,4.99
Day,2022-05-30,535,1,4.99
Day,2022-05-30,581,1,4.99
Day,2022-05-30,584,1,4.99
Day,2022-05-30,588,1,4.99
Day,2022-05-31,9,1,4.99
Day,2022-05-31,10,1,4.99
Day,2022-05-31,12,1,4.99
Day,2022-05-31,32,1,4.99
Day,2022-05-31,49,1,4.99
Day,2022-05-31,51,1,4.99
Day,2022-05-31,70,1,4.99
Day,2022-05-31,73,1,4.99
Day,2022-05-31,93,1,4.99
Day,2022-05-31,116,1,4.99
Day,2022-05-31,122,1,4.99
Day,2022-05-31,126,1,4.99
Day,2022-05-31,134,1,4.99
Day,2022-05-31,146,1,4.99
Day,2022-05-31,156,1,4.99
Day,2022-05-31,169,1,4.99
Day,2022-05-31,174,1,4.99
Day,2022-05-31,179,1,4.99
Day,2022-05-31,198,1,4.99
Day,2022-05-31,215,1,4.99
Day,2022-05-31,230,1,4.99
Day,2022-05-31,234,1,4.99
Day,2022-05-31,246,1,4.99
Day,2022-05-31,267,1,4.99
Day,2022-05-31,270,1,4.99
Day,2022-05-31,278,1,4.99
Day,2022-05-31,280,1,4.99
Day,2022-05-31,300,1,4.99
Day,2022-05-31,303,1,4.99
Day,2022-05-31,356,1,4.99
Day,2022-05-31,361,1,4.99
Day,2022-05-31,362,1,4.99
Day,2022-05-31,385,1,4.99
Day,2022-05-31,443,1,4.99
Day,2022-05-31,460,1,4.99
Day,2022-05-31,503,1,4.99
Day,2022-05-31,510,1,4.99
Day,2022-05-31,549,1,4.99
Day,2022-05-31,581,1,4.99
Day,2022-05-31,599,1,4.99
Day,2022-06-14,46,1,4.99
Day,2022-06-14,239,1,4.99
Day,2022-06-14,310,1,4.99
Day,2022-06-14,334,1,4.99
Day,2022-06-14,516,1,4.99
Day,2022-06-15,4,1,4.99
Day,2022-06-15,14,1,4.99
Day,2022-06-15,46,1,4.99
Day,2022-06-15,52,1,4.99
Day,2022-06-15,60,1,4.99
Day,2022-06-15,91,1,4.99
Day,2022-06-15,103,1,4.99
Day,2022-06-15,123,1,4.99
Day,2022-06-15,127,1,4.99
Day,2022-06-15,162,1,4.99
Day,2022-06-15,163,1,4.99
Day,2022-06-15,168,1,4.99
Day,2022-06-15,193,1,4.99
Day,2022-06-15,199,1,4.99
Day,2022-06-15,203,1,4.99
Day,2022-06-15,209,1,4.99
Day,2022-06-15,214,1,4.99
Day,2022-06-15,215,1,4.99
Day,2022-06-15,235,1,4.99
Day,2022-06-15,264,1,4.99
Day,2022-06-15,270,1,4.99
Day,2022-06-15,298,1,4.99
Day,2022-06-15,326,1,4.99
Day,2022-06-15,327,1,4.99
Day,2022-06-15,334,1,4.99
Day,2022-06-15,338,1,4.99
Day,2022-06-15,340,1,4.99
Day,2022-06-15,359,1,4.99
Day,2022-06-15,363,1,4.99
Day,2022-06-15,394,1,4.99
Day,2022-06-15,402,1,4.99
Day,2022-06-15,405,1,4.99
Day,2022-06-15,416,1,4.99
Day,2022-06-15,438,1,4.99
Day,2022-06-15,439,1,4.99
Day,2022-06-15,449,1,4.99
Day,2022-06-15,457,1,4.99
Day,2022-06-15,464,1,4.99
Day,2022-06-15,472,1,4.99
Day,2022-06-15,507,1,4.99
Day,2022-06-15,526,1,4.99
Day,2022-06-15,560,1,4.99
Day,2022-06-15,565,1,4.99
Day,2022-06-15,576,1,4.99
Day,2022-06-15,589,1,4.99
Day,2022-06-16,1,1,4.99
Day,2022-06-16,10,1,4.99
Day,2022-06-16,18,1,4.99
Day,2022-06-16,26,1,4.99
Day,2022-06-16,28,1,4.99
Day,2022-06-16,43,1,4.99
Day,2022-06-16,45,1,4.99
Day,2022-06-16,50,1,4.99
Day,2022-06-16,77,1,4.99
Day,2022-06-16,87,1,4.99
Day,2022-06-16,112,1,4.99
Day,2022-06-16,116,1,4.99
Day,2022-06-16,118,1,4.99
Day,2022-06-16,120,1,4.99
Day,2022-06-16,158,1,4.99
Day,2022-06-16,164,1,4.99
Day,2022-06-16,209,1,4.99
Day,2022-06-16,238,1,4.99
Day,2022-06-16,239,1,4.99
Day,2022-06-16,242,1,4.99
Day,2022-06-16,272,1,4.99
Day,2022-06-16,296,1,4.99
Day,2022-06-16,305,1,4.99
Day,2022-06-16,309,1,4.99
Day,2022-06-16,311,1,4.99
Day,2022-06-16,339,1,4.99
Day,2022-06-16,389,1,4.99
Day,2022-06-16,404,1,4.99
Day,2022-06-16,421,1,4.99
Day,2022-06-16,441,1,4.99
Day,2022-06-16,499,1,4.99
Day,2022-06-16,508,1,4.99
Day,2022-06-16,514,1,4.99
Day,2022-06-16,524,1,4.99
Day,2022-06-16,532,1,4.99
Day,2022-06-16,535,1,4.99
Day,2022-06-16,536,1,4.99
Day,2022-06-16,543,1,4.99
Day,2022-06-16,561,1,4.99
Day,2022-06-16,563,1,4.99
Day,2022-06-16,568,1,4.99
Day,2022-06-16,571,1,4.99
Day,2022-06-16,573,1,4.99
Day,2022-06-16,589,1,4.99
Day,2022-06-16,594,1,4.99
Day,2022-06-17,5,1,4.99
Day,2022-06-17,10,1,4.99
Day,2022-06-17,34,1,4.99
Day,2022-06-17,47,1,4.99
Day,2022-06-17,89,1,4.99
Day,2022-06-17,92,1,4.99
Day,2022-06-17,99,1,4.99
Day,2022-06-17,113,1,4.99
Day,2022-06-17,116,1,4.99
Day,2022-06-17,169,1,4.99
Day,2022-06-17,171,1,4.99
Day,2022-06-17,186,1,4.99
Day,2022-06-17,190,1,4.99
Day,2022-06-17,213,1,4.99
Day,2022-06-17,237,1,4.99
Day,2022-06-17,266,1,4.99
Day,2022-06-17,279,1,4.99
Day,2022-06-17,289,1,4.99
Day,2022-06-17,293,1,4.99
Day,2022-06-17,303,1,4.99
Day,2022-06-17,316,1,4.99
Day,2022-06-17,365,1,4.99
Day,2022-06-17,389,1,4.99
Day,2022-06-17,415,1,4.99
Day,2022-06-17,422,1,4.99
Day,2022-06-17,431,1,4.99
Day,2022-06-17,439,1,4.99
Day,2022-06-17,467,1,4.99
Day,2022-06-17,491,1,4.99
Day,2022-06-17,492,1,4.99
Day,2022-06-17,503,1,4.99
Day,2022-06-17,505,1,4.99
Day,2022-06-17,507,1,4.99
Day,2022-06-17,512,1,4.99
Day,2022-06-17,515,1,4.99
Day,2022-06-17,538,1,4.99
Day,2022-06-17,551,1,4.99
Day,2022-06-17,554,1,4.99
Day,2022-06-17,558,1,4.99
Day,2022-06-17,561,1,4.99
Day,2022-06-17,566,1,4.99
Day,2022-06-17,571,1,4.99
Day,2022-06-17,575,1,4.99
Day,2022-06-17,587,1,4.99
Day,2022-06-18,13,1,4.99
Day,2022-06-18,20,1,4.99
Day,2022-06-18,39,1,4.99
Day,2022-06-18,42,1,4.99
Day,2022-06-18,56,1,4.99
Day,2022-06-18,57,1,4.99
Day,2022-06-18,58,1,4.99
Day,2022-06-18,60,1,4.99
Day,2022-06-18,70,1,4.99
Day,2022-06-18,71,1,4.99
Day,2022-06-18,72,1,4.99
Day,2022-06-18,86,1,4.99
Day,2022-06-18,93,1,4.99
Day,2022-06-18,106,1,4.99
Day,2022-06-18,111,1,4.99
Day,2022-06-18,112,1,4.99
Day,2022-06-18,145,1,4.99
Day,2022-06-18,173,1,4.99
Day,2022-06-18,178,1,4.99
Day,2022-06-18,185,1,4.99
Day,2022-06-18,188,1,4.99
Day,2022-06-18,200,1,4.99
Day,2022-06-18,223,1,4.99
Day,2022-06-18,229,1,4.99
Day,2022-06-18,250,1,4.99
Day,2022-06-18,253,1,4.99
Day,2022-06-18,268,1,4.99
Day,2022-06-18,286,1,4.99
Day,2022-06-18,293,1,4.99
Day,2022-06-18,320,1,4.99
Day,2022-06-18,322,1,4.99
Day,2022-06-18,326,1,4.99
Day,2022-06-18,338,1,4.99
Day,2022-06-18,340,1,4.99
Day,2022-06-18,354,1,4.99
Day,2022-06-18,361,1,4.99
Day,2022-06-18,374,1,4.99
Day,2022-06-18,375,1,4.99
Day,2022-06-18,402,1,4.99
Day,2022-06-18,408,1,4.99
Day,2022-06-18,414,1,4.99
Day,2022-06-18,441,1,4.99
Day,2022-06-18,447,1,4.99
Day,2022-06-18,468,1,4.99
Day,2022-06-18,471,1,4.99
Day,2022-06-18,476,1,4.99
Day,2022-06-18,478,1,4.99
Day,2022-06-18,481,1,4.99
Day,2022-06-18,493,1,4.99
Day,2022-06-18,495,1,4.99
Day,2022-06-18,507,1,4.99
Day,2022-06-18,526,1,4.99
Day,2022-06-18,568,1,4.99
Day,2022-06-19,12,1,4.99
Day,2022-06-19,21,1,4.99
Day,2022-06-19,27,1,4.99
Day,2022-06-19,39,1,4.99
Day,2022-06-19,41,1,4.99
Day,2022-06-19,45,1,4.99
Day,2022-06-19,54,1,4.99
Day,2022-06-19,75,1,4.99
Day,2022-06-19,97,1,4.99
Day,2022-06-19,98,1,4.99
Day,2022-06-19,144,1,4.99
Day,2022-06-19,155,1,4.99
Day,2022-06-19,162,1,4.99
Day,2022-06-19,179,1,4.99
Day,2022-06-19,186,1,4.99
Day,2022-06-19,188,1,4.99
Day,2022-06-19,204,1,4.99
Day,2022-06-19,217,1,4.99
Day,2022-06-19,242,1,4.99
Day,2022-06-19,252,1,4.99
Day,2022-06-19,253,1,4.99
Day,2022-06-19,275,1,4.99
Day,2022-06-19,276,1,4.99
Day,2022-06-19,277,1,4.99
Day,2022-06-19,301,1,4.99
Day,2022-06-19,307,1,4.99
Day,2022-06-19,316,1,4.99
Day,2022-06-19,319,1,4.99
Day,2022-06-19,345,1,4.99
Day,2022-06-19,359,1,4.99
Day,2022-06-19,363,1,4.99
Day,2022-06-19,378,1,4.99
Day,2022-06-19,404,1,4.99
Day,2022-06-19,413,1,4.99
Day,2022-06-19,438,1,4.99
Day,2022-06-19,444,1,4.99
Day,2022-06-19,463,1,4.99
Day,2022-06-19,477,1,4.99
Day,2022-06-19,489,1,4.99
Day,2022-06-19,497,1,4.99
Day,2022-06-19,520,1,4.99
Day,2022-06-19,538,1,4.99
Day,2022-06-19,542,1,4.99
Day,2022-06-19,558,1,4.99
Day,2022-06-19,567,1,4.99
Day,2022-06-19,578,1,4.99
Day,2022-06-19,593,1,4.99
Day,2022-06-19,597,1,4.99
Day,2022-06-20,5,1,4.99
Day,2022-06-20,8,1,4.99
Day,2022-06-20,25,1,4.99
Day,2022-06-20,35,1,4.99
Day,2022-06-20,38,1,4.99
Day,2022-06-20,39,1,4.99
Day,2022-06-20,52,1,4.99
Day,2022-06-20,65,1,4.99
Day,2022-06-20,73,1,4.99
Day,2022-06-20,85,1,4.99
Day,2022-06-20,106,1,4.99
Day,2022-06-20,108,1,4.99
Day,2022-06-20,125,1,4.99
Day,2022-06-20,129,1,4.99
Day,2022-06-20,146,1,4.99
Day,2022-06-20,152,1,4.99
Day,2022-06-20,176,1,4.99
Day,2022-06-20,186,1,4.99
Day,2022-06-20,201,1,4.99
Day,2022-06-20,206,1,4.99
Day,2022-06-20,242,1,4.99
Day,2022-06-20,246,1,4.99
Day,2022-06-20,257,1,4.99
Day,2022-06-20,298,1,4.99
Day,2022-06-20,304,1,4.99
Day,2022-06-20,323,1,4.99
Day,2022-06-20,328,1,4.99
Day,2022-06-20,372,1,4.99
Day,2022-06-20,382,1,4.99
Day,2022-06-20,392,1,4.99
Day,2022-06-20,395,1,4.99
Day,2022-06-20,421,1,4.99
Day,2022-06-20,432,1,4.99
Day,2022-06-20,450,1,4.99
Day,2022-06-20,453,1,4.99
Day,2022-06-20,471,1,4.99
Day,2022-06-20,491,1,4.99
Day,2022-06-20,509,1,4.99
Day,2022-06-20,558,1,4.99
Day,2022-06-20,559,1,4.99
Day,2022-06-21,9,1,4.99
Day,2022-06-21,20,1,4.99
Day,2022-06-21,25,1,4.99
Day,2022-06-21,46,1,4.99
Day,2022-06-21,49,1,4.99
Day,2022-06-21,67,1,4.99
Day,2022-06-21,69,1,4.99
Day,2022-06-21,75,1,4.99
Day,2022-06-21,81,1,4.99
Day,2022-06-21,83,1,4.99
Day,2022-06-21,86,1,4.99
Day,2022-06-21,98,1,4.99
Day,2022-06-21,118,1,4.99
Day,2022-06-21,141,1,4.99
Day,2022-06-21,155,1,4.99
Day,2022-06-21,175,1,4.99
Day,2022-06-21,190,1,4.99
Day,2022-06-21,224,1,4.99
Day,2022-06-21,326,1,4.99
Day,2022-06-21,329,1,4.99
Day,2022-06-21,335,1,4.99
Day,2022-06-21,339,1,4.99
Day,2022-06-21,352,1,4.99
Day,2022-06-21,368,1,4.99
Day,2022-06-21,377,1,4.99
Day,2022-06-21,380,1,4.99
Day,2022-06-21,387,1,4.99
Day,2022-06-21,406,1,4.99
Day,2022-06-21,410,1,4.99
Day,2022-06-21,461,1,4.99
Day,2022-06-21,462,1,4.99
Day,2022-06-21,478,1,4.99
Day,2022-06-21,511,1,4.99
Day,2022-06-21,535,1,4.99
Day,2022-06-21,552,1,4.99
Day,2022-06-21,562,1,4.99
Day,2022-06-21,566,1,4.99
Day,2022-06-21,595,1,4.99
Day,2022-07-05,114,1,4.99
Day,2022-07-05,167,1,4.99
Day,2022-07-05,242,1,4.99
Day,2022-07-05,291,1,4.99
Day,2022-07-05,331,1,4.99
Day,2022-07-05,348,1,4.99
Day,2022-07-05,444,1,4.99
Day,2022-07-05,490,1,4.99
Day,2022-07-06,5,1,4.99
Day,2022-07-06,19,1,4.99
Day,2022-07-06,30,1,4.99
Day,2022-07-06,47,1,4.99
Day,2022-07-06,48,1,4.99
Day,2022-07-06,57,1,4.99
Day,2022-07-06,58,1,4.99
Day,2022-07-06,65,1,4.99
Day,2022-07-06,78,1,4.99
Day,2022-07-06,80,1,4.99
Day,2022-07-06,104,1,4.99
Day,2022-07-06,110,1,4.99
Day,2022-07-06,125,1,4.99
Day,2022-07-06,161,1,4.99
Day,2022-07-06,175,1,4.99
Day,2022-07-06,200,1,4.99
Day,2022-07-06,213,1,4.99
Day,2022-07-06,225,1,4.99
Day,2022-07-06,226,1,4.99
Day,2022-07-06,229,1,4.99
Day,2022-07-06,251,1,4.99
Day,2022-07-06,254,1,4.99
Day,2022-07-06,268,1,4.99
Day,2022-07-06,294,1,4.99
Day,2022-07-06,320,1,4.99
Day,2022-07-06,324,1,4.99
Day,2022-07-06,334,1,4.99
Day,2022-07-06,341,1,4.99
Day,2022-07-06,348,1,4.99
Day,2022-07-06,368,1,4.99
Day,2022-07-06,378,1,4.99
Day,2022-07-06,379,1,4.99
Day,2022-07-06,413,1,4.99
Day,2022-07-06,417,1,4.99
Day,2022-07-06,422,1,4.99
Day,2022-07-06,425,1,4.99
Day,2022-07-06,437,1,4.99
Day,2022-07-06,451,1,4.99
Day,2022-07-06,460,1,4.99
Day,2022-07-06,464,1,4.99
Day,2022-07-06,474,1,4.99
Day,2022-07-06,478,1,4.99
Day,2022-07-06,483,1,4.99
Day,2022-07-06,486,1,4.99
Day,2022-07-06,490,1,4.99
Day,2022-07-06,499,1,4.99
Day,2022-07-06,500,1,4.99
Day,2022-07-06,538,1,4.99
Day,2022-07-06,546,1,4.99
Day,2022-07-06,550,1,4.99
Day,2022-07-06,560,1,4.99
Day,2022-07-06,586,1,4.99
Day,2022-07-06,588,1,4.99
Day,2022-07-07,3,1,4.99
Day,2022-07-07,35,1,4.99
Day,2022-07-07,58,1,4.99
Day,2022-07-07,62,1,4.99
Day,2022-07-07,64,1,4.99
Day,2022-07-07,65,1,4.99
Day,2022-07-07,67,1,4.99
Day,2022-07-07,76,1,4.99
Day,2022-07-07,79,1,4.99
Day,2022-07-07,89,1,4.99
Day,2022-07-07,90,1,4.99
Day,2022-07-07,97,1,4.99
Day,2022-07-07,130,1,4.99
Day,2022-07-07,132,1,4.99
Day,2022-07-07,159,1,4.99
Day,2022-07-07,181,1,4.99
Day,2022-07-07,187,1,4.99
Day,2022-07-07,192,1,4.99
Day,2022-07-07,213,1,4.99
Day,2022-07-07,221,1,4.99
Day,2022-07-07,226,1,4.99
Day,2022-07-07,240,1,4.99
Day,2022-07-07,242,1,4.99
Day,2022-07-07,264,1,4.99
Day,2022-07-07,277,1,4.99
Day,2022-07-07,278,1,4.99
Day,2022-07-07,279,1,4.99
Day,2022-07-07,292,1,4.99
Day,2022-07-07,294,1,4.99
Day,2022-07-07,296,1,4.99
Day,2022-07-07,301,1,4.99
Day,2022-07-07,305,1,4.99
Day,2022-07-07,309,1,4.99
Day,2022-07-07,327,1,4.99
Day,2022-07-07,346,1,4.99
Day,2022-07-07,352,1,4.99
Day,2022-07-07,360,1,4.99
Day,2022-07-07,375,1,4.99
Day,2022-07-07,382,1,4.99
Day,2022-07-07,403,1,4.99
Day,2022-07-07,406,1,4.99
Day,2022-07-07,420,1,4.99
Day,2022-07-07,446,1,4.99
Day,2022-07-07,447,1,4.99
Day,2022-07-07,470,1,4.99
Day,2022-07-07,476,1,4.99
Day,2022-07-07,484,1,4.99
Day,2022-07-07,498,1,4.99
Day,2022-07-07,522,1,4.99
Day,2022-07-07,535,1,4.99
Day,2022-07-07,553,1,4.99
Day,2022-07-07,571,1,4.99
Day,2022-07-07,574,1,4.99
Day,2022-07-07,583,1,4.99
Day,2022-07-07,585,1,4.99
Day,2022-07-07,598,1,4.99
Day,2022-07-08,3,1,4.99
Day,2022-07-08,16,1,4.99
Day,2022-07-08,38,1,4.99
Day,2022-07-08,54,1,4.99
Day,2022-07-08,55,1,4.99
Day,2022-07-08,56,1,4.99
Day,2022-07-08,63,1,4.99
Day,2022-07-08,71,1,4.99
Day,2022-07-08,73,1,4.99
Day,2022-07-08,91,1,4.99
Day,2022-07-08,92,1,4.99
Day,2022-07-08,96,1,4.99
Day,2022-07-08,97,1,4.99
Day,2022-07-08,98,1,4.99
Day,2022-07-08,103,1,4.99
Day,2022-07-08,109,1,4.99
Day,2022-07-08,110,1,4.99
Day,2022-07-08,116,1,4.99
Day,2022-07-08,122,1,4.99
Day,2022-07-08,130,1,4.99
Day,2022-07-08,152,1,4.99
Day,2022-07-08,164,1,4.99
Day,2022-07-08,169,1,4.99
Day,2022-07-08,202,1,4.99
Day,2022-07-08,204,1,4.99
Day,2022-07-08,205,1,4.99
Day,2022-07-08,206,1,4.99
Day,2022-07-08,208,1,4.99
Day,2022-07-08,221,1,4.99
Day,2022-07-08,223,1,4.99
Day,2022-07-08,233,1,4.99
Day,2022-07-08,237,1,4.99
Day,2022-07-08,244,1,4.99
Day,2022-07-08,257,1,4.99
Day,2022-07-08,259,1,4.99
Day,2022-07-08,268,1,4.99
Day,2022-07-08,280,1,4.99
Day,2022-07-08,287,1,4.99
Day,2022-07-08,302,1,4.99
Day,2022-07-08,309,1,4.99
Day,2022-07-08,315,1,4.99
Day,2022-07-08,319,1,4.99
Day,2022-07-08,337,1,4.99
Day,2022-07-08,338,1,4.99
Day,2022-07-08,356,1,4.99
Day,2022-07-08,364,1,4.99
Day,2022-07-08,369,1,4.99
Day,2022-07-08,409,1,4.99
Day,2022-07-08,426,1,4.99
Day,2022-07-08,437,1,4.99
Day,2022-07-08,454,1,4.99
Day,2022-07-08,475,1,4.99
Day,2022-07-08,482,1,4.99
Day,2022-07-08,511,1,4.99
Day,2022-07-08,523,1,4.99
Day,2022-07-08,532,1,4.99
Day,2022-07-08,533,1,4.99
Day,2022-07-08,554,1,4.99
Day,2022-07-08,576,1,4.99
Day,2022-07-08,578,1,4.99
Day,2022-07-09,34,1,4.99
Day,2022-07-09,39,1,4.99
Day,2022-07-09,42,1,4.99
Day,2022-07-09,50,1,4.99
Day,2022-07-09,56,1,4.99
Day,2022-07-09,57,1,4.99
Day,2022-07-09,73,1,4.99
Day,2022-07-09,85,1,4.99
Day,2022-07-09,93,1,4.99
Day,2022-07-09,97,1,4.99
Day,2022-07-09,103,1,4.99
Day,2022-07-09,107,1,4.99
Day,2022-07-09,115,1,4.99
Day,2022-07-09,134,1,4.99
Day,2022-07-09,146,1,4.99
Day,2022-07-09,165,1,4.99
Day,2022-07-09,174,1,4.99
Day,2022-07-09,195,1,4.99
Day,2022-07-09,225,1,4.99
Day,2022-07-09,240,1,4.99
Day,2022-07-09,303,1,4.99
Day,2022-07-09,314,1,4.99
Day,2022-07-09,328,1,4.99
Day,2022-07-09,338,1,4.99
Day,2022-07-09,341,1,4.99
Day,2022-07-09,346,1,4.99
Day,2022-07-09,348,1,4.99
Day,2022-07-09,349,1,4.99
Day,2022-07-09,354,1,4.99
Day,2022-07-09,355,1,4.99
Day,2022-07-09,362,1,4.99
Day,2022-07-09,367,1,4.99
Day,2022-07-09,371,1,4.99
Day,2022-07-09,374,1,4.99
Day,2022-07-09,379,1,4.99
Day,2022-07-09,382,1,4.99
Day,2022-07-09,393,1,4.99
Day,2022-07-09,394,1,4.99
Day,2022-07-09,397,1,4.99
Day,2022-07-09,402,1,4.99
Day,2022-07-09,407,1,4.99
Day,2022-07-09,428,1,4.99
Day,2022-07-09,435,1,4.99
Day,2022-07-09,447,1,4.99
Day,2022-07-09,467,1,4.99
Day,2022-07-09,470,1,4.99
Day,2022-07-09,486,1,4.99
Day,2022-07-09,524,1,4.99
Day,2022-07-09,534,1,4.99
Day,2022-07-09,543,1,4.99
Day,2022-07-09,547,1,4.99
Day,2022-07-09,548,1,4.99
Day,2022-07-10,33,1,4.99
Day,2022-07-10,46,1,4.99
Day,2022-07-10,51,1,4.99
Day,2022-07-10,59,1,4.99
Day,2022-07-10,72,1,4.99
Day,2022-07-10,82,1,4.99
Day,2022-07-10,128,1,4.99
Day,2022-07-10,157,1,4.99
Day,2022-07-10,196,1,4.99
Day,2022-07-10,198,1,4.99
Day,2022-07-10,245,1,4.99
Day,2022-07-10,247,1,4.99
Day,2022-07-10,253,1,4.99
Day,2022-07-10,257,1,4.99
Day,2022-07-10,266,1,4.99
Day,2022-07-10,286,1,4.99
Day,2022-07-10,292,1,4.99
Day,2022-07-10,296,1,4.99
Day,2022-07-10,309,1,4.99
Day,2022-07-10,346,1,4.99
Day,2022-07-10,376,1,4.99
Day,2022-07-10,394,1,4.99
Day,2022-07-10,403,1,4.99
Day,2022-07-10,429,1,4.99
Day,2022-07-10,432,1,4.99
Day,2022-07-10,464,1,4.99
Day,2022-07-10,466,1,4.99
Day,2022-07-10,476,1,4.99
Day,2022-07-10,478,1,4.99
Day,2022-07-10,479,1,4.99
Day,2022-07-10,483,1,4.99
Day,2022-07-10,485,1,4.99
Day,2022-07-10,490,1,4.99
Day,2022-07-10,491,1,4.99
Day,2022-07-10,499,1,4.99
Day,2022-07-10,510,1,4.99
Day,2022-07-10,547,1,4.99
Day,2022-07-10,550,1,4.99
Day,2022-07-10,570,1,4.99
Day,2022-07-10,571,1,4.99
Day,2022-07-10,578,1,4.99
Day,2022-07-10,585,1,4.99
Day,2022-07-11,8,1,4.99
Day,2022-07-11,16,1,4.99
Day,2022-07-11,93,1,4.99
Day,2022-07-11,110,1,4.99
Day,2022-07-11,133,1,4.99
Day,2022-07-11,149,1,4.99
Day,2022-07-11,167,1,4.99
Day,2022-07-11,173,1,4.99
Day,2022-07-11,178,1,4.99
Day,2022-07-11,186,1,4.99
Day,2022-07-11,195,1,4.99
Day,2022-07-11,210,1,4.99
Day,2022-07-11,224,1,4.99
Day,2022-07-11,229,1,4.99
Day,2022-07-11,233,1,4.99
Day,2022-07-11,237,1,4.99
Day,2022-07-11,244,1,4.99
Day,2022-07-11,258,1,4.99
Day,2022-07-11,263,1,4.99
Day,2022-07-11,300,1,4.99
Day,2022-07-11,311,1,4.99
Day,2022-07-11,325,1,4.99
Day,2022-07-11,340,1,4.99
Day,2022-07-11,362,1,4.99
Day,2022-07-11,363,1,4.99
Day,2022-07-11,385,1,4.99
Day,2022-07-11,387,1,4.99
Day,2022-07-11,394,1,4.99
Day,2022-07-11,409,1,4.99
Day,2022-07-11,418,1,4.99
Day,2022-07-11,432,1,4.99
Day,2022-07-11,435,1,4.99
Day,2022-07-11,438,1,4.99
Day,2022-07-11,454,1,4.99
Day,2022-07-11,475,1,4.99
Day,2022-07-11,486,1,4.99
Day,2022-07-11,503,1,4.99
Day,2022-07-11,508,1,4.99
Day,2022-07-11,513,1,4.99
Day,2022-07-11,529,1,4.99
Day,2022-07-11,543,1,4.99
Day,2022-07-11,552,1,4.99
Day,2022-07-11,559,1,4.99
Day,2022-07-11,560,1,4.99
Day,2022-07-11,570,1,4.99
Day,2022-07-11,579,1,4.99
Day,2022-07-11,588,1,4.99
Day,2022-07-12,19,1,4.99
Day,2022-07-12,24,1,4.99
Day,2022-07-12,31,1,4.99
Day,2022-07-12,68,1,4.99
Day,2022-07-12,87,1,4.99
Day,2022-07-12,93,1,4.99
Day,2022-07-12,99,1,4.99
Day,2022-07-12,100,1,4.99
Day,2022-07-12,105,1,4.99
Day,2022-07-12,114,1,4.99
Day,2022-07-12,116,1,4.99
Day,2022-07-12,121,1,4.99
Day,2022-07-12,159,1,4.99
Day,2022-07-12,161,1,4.99
Day,2022-07-12,174,1,4.99
Day,2022-07-12,181,1,4.99
Day,2022-07-12,188,1,4.99
Day,2022-07-12,196,1,4.99
Day,2022-07-12,217,1,4.99
Day,2022-07-12,235,1,4.99
Day,2022-07-12,246,1,4.99
Day,2022-07-12,270,1,4.99
Day,2022-07-12,278,1,4.99
Day,2022-07-12,283,1,4.99
Day,2022-07-12,290,1,4.99
Day,2022-07-12,303,1,4.99
Day,2022-07-12,304,1,4.99
Day,2022-07-12,309,1,4.99
Day,2022-07-12,354,1,4.99
Day,2022-07-12,355,1,4.99
Day,2022-07-12,362,1,4.99
Day,2022-07-12,365,1,4.99
Day,2022-07-12,372,1,4.99
Day,2022-07-12,383,1,4.99
Day,2022-07-12,386,1,4.99
Day,2022-07-12,397,1,4.99
Day,2022-07-12,399,1,4.99
Day,2022-07-12,453,1,4.99
Day,2022-07-12,455,1,4.99
Day,2022-07-12,469,1,4.99
Day,2022-07-12,470,1,4.99
Day,2022-07-12,473,1,4.99
Day,2022-07-12,499,1,4.99
Day,2022-07-12,523,1,4.99
Day,2022-07-12,524,1,4.99
Day,2022-07-12,548,1,4.99
Day,2022-07-12,590,1,4.99
Day,2022-07-12,596,1,4.99
Day,2022-07-26,41,1,4.99
Day,2022-07-26,141,1,4.99
Day,2022-07-26,240,1,4.99
Day,2022-07-26,262,1,4.99
Day,2022-07-26,290,1,4.99
Day,2022-07-26,306,1,4.99
Day,2022-07-26,362,1,4.99
Day,2022-07-26,366,1,4.99
Day,2022-07-26,373,1,4.99
Day,2022-07-26,385,1,4.99
Day,2022-07-26,404,1,4.99
Day,2022-07-26,418,1,4.99
Day,2022-07-26,448,1,4.99
Day,2022-07-26,489,1,4.99
Day,2022-07-26,503,1,4.99
Day,2022-07-27,11,1,4.99
Day,2022-07-27,15,1,4.99
Day,2022-07-27,20,1,4.99
Day,2022-07-27,22,1,4.99
Day,2022-07-27,35,1,4.99
Day,2022-07-27,43,1,4.99
Day,2022-07-27,49,1,4.99
Day,2022-07-27,50,1,4.99
Day,2022-07-27,55,1,4.99
Day,2022-07-27,73,1,4.99
Day,2022-07-27,81,1,4.99
Day,2022-07-27,92,1,4.99
Day,2022-07-27,99,1,4.99
Day,2022-07-27,120,1,4.99
Day,2022-07-27,123,1,4.99
Day,2022-07-27,125,1,4.99
Day,2022-07-27,128,1,4.99
Day,2022-07-27,130,1,4.99
Day,2022-07-27,140,1,4.99
Day,2022-07-27,149,1,4.99
Day,2022-07-27,167,1,4.99
Day,2022-07-27,184,1,4.99
Day,2022-07-27,185,1,4.99
Day,2022-07-27,187,1,4.99
Day,2022-07-27,189,1,4.99
Day,2022-07-27,204,1,4.99
Day,2022-07-27,214,1,4.99
Day,2022-07-27,238,1,4.99
Day,2022-07-27,277,1,4.99
Day,2022-07-27,280,1,4.99
Day,2022-07-27,293,1,4.99
Day,2022-07-27,296,1,4.99
Day,2022-07-27,299,1,4.99
Day,2022-07-27,300,1,4.99
Day,2022-07-27,301,1,4.99
Day,2022-07-27,304,1,4.99
Day,2022-07-27,322,1,4.99
Day,2022-07-27,337,1,4.99
Day,2022-07-27,344,1,4.99
Day,2022-07-27,350,1,4.99
Day,2022-07-27,368,1,4.99
Day,2022-07-27,379,1,4.99
Day,2022-07-27,389,1,4.99
Day,2022-07-27,408,1,4.99
Day,2022-07-27,413,1,4.99
Day,2022-07-27,421,1,4.99
Day,2022-07-27,425,1,4.99
Day,2022-07-27,429,1,4.99
Day,2022-07-27,432,1,4.99
Day,2022-07-27,436,1,4.99
Day,2022-07-27,468,1,4.99
Day,2022-07-27,485,1,4.99
Day,2022-07-27,516,1,4.99
Day,2022-07-27,522,1,4.99
Day,2022-07-27,533,1,4.99
Day,2022-07-27,536,1,4.99
Day,2022-07-27,560,1,4.99
Day,2022-07-27,570,1,4.99
Day,2022-07-27,590,1,4.99
Day,2022-07-28,26,1,4.99
Day,2022-07-28,33,1,4.99
Day,2022-07-28,43,1,4.99
Day,2022-07-28,47,1,4.99
Day,2022-07-28,53,1,4.99
Day,2022-07-28,59,1,4.99
Day,2022-07-28,72,1,4.99
Day,2022-07-28,73,1,4.99
Day,2022-07-28,96,1,4.99
Day,2022-07-28,106,1,4.99
Day,2022-07-28,107,1,4.99
Day,2022-07-28,115,1,4.99
Day,2022-07-28,134,1,4.99
Day,2022-07-28,150,1,4.99
Day,2022-07-28,156,1,4.99
Day,2022-07-28,160,1,4.99
Day,2022-07-28,172,1,4.99
Day,2022-07-28,181,1,4.99
Day,2022-07-28,199,1,4.99
Day,2022-07-28,216,1,4.99
Day,2022-07-28,230,1,4.99
Day,2022-07-28,240,1,4.99
Day,2022-07-28,267,1,4.99
Day,2022-07-28,294,1,4.99
Day,2022-07-28,301,1,4.99
Day,2022-07-28,304,1,4.99
Day,2022-07-28,312,1,4.99
Day,2022-07-28,322,1,4.99
Day,2022-07-28,339,1,4.99
Day,2022-07-28,348,1,4.99
Day,2022-07-28,351,1,4.99
Day,2022-07-28,359,1,4.99
Day,2022-07-28,371,1,4.99
Day,2022-07-28,375,1,4.99
Day,2022-07-28,393,1,4.99
Day,2022-07-28,401,1,4.99
Day,2022-07-28,406,1,4.99
Day,2022-07-28,415,1,4.99
Day,2022-07-28,419,1,4.99
Day,2022-07-28,431,1,4.99
Day,2022-07-28,445,1,4.99
Day,2022-07-28,470,1,4.99
Day,2022-07-28,505,1,4.99
Day,2022-07-28,511,1,4.99
Day,2022-07-28,514,1,4.99
Day,2022-07-28,516,1,4.99
Day,2022-07-28,528,1,4.99
Day,2022-07-28,530,1,4.99
Day,2022-07-28,553,1,4.99
Day,2022-07-28,584,1,4.99
Day,2022-07-28,593,1,4.99
Day,2022-07-28,597,1,4.99
Day,2022-07-29,18,1,4.99
Day,2022-07-29,28,1,4.99
Day,2022-07-29,43,1,4.99
Day,2022-07-29,52,1,4.99
Day,2022-07-29,59,1,4.99
Day,2022-07-29,62,1,4.99
Day,2022-07-29,64,1,4.99
Day,2022-07-29,73,1,4.99
Day,2022-07-29,82,1,4.99
Day,2022-07-29,83,1,4.99
Day,2022-07-29,92,1,4.99
Day,2022-07-29,115,1,4.99
Day,2022-07-29,119,1,4.99
Day,2022-07-29,123,1,4.99
Day,2022-07-29,141,1,4.99
Day,2022-07-29,161,1,4.99
Day,2022-07-29,163,1,4.99
Day,2022-07-29,164,1,4.99
Day,2022-07-29,169,1,4.99
Day,2022-07-29,184,1,4.99
Day,2022-07-29,205,1,4.99
Day,2022-07-29,214,1,4.99
Day,2022-07-29,217,1,4.99
Day,2022-07-29,220,1,4.99
Day,2022-07-29,242,1,4.99
Day,2022-07-29,243,1,4.99
Day,2022-07-29,254,1,4.99
Day,2022-07-29,258,1,4.99
Day,2022-07-29,290,1,4.99
Day,2022-07-29,292,1,4.99
Day,2022-07-29,294,1,4.99
Day,2022-07-29,305,1,4.99
Day,2022-07-29,313,1,4.99
Day,2022-07-29,316,1,4.99
Day,2022-07-29,320,1,4.99
Day,2022-07-29,330,1,4.99
Day,2022-07-29,333,1,4.99
Day,2022-07-29,337,1,4.99
Day,2022-07-29,349,1,4.99
Day,2022-07-29,351,1,4.99
Day,2022-07-29,430,1,4.99
Day,2022-07-29,431,1,4.99
Day,2022-07-29,442,1,4.99
Day,2022-07-29,450,1,4.99
Day,2022-07-29,456,1,4.99
Day,2022-07-29,478,1,4.99
Day,2022-07-29,480,1,4.99
Day,2022-07-29,483,1,4.99
Day,2022-07-29,512,1,4.99
Day,2022-07-29,515,1,4.99
Day,2022-07-29,537,1,4.99
Day,2022-07-29,541,1,4.99
Day,2022-07-29,546,1,4.99
Day,2022-07-29,549,1,4.99
Day,2022-07-29,570,1,4.99
Day,2022-07-29,571,1,4.99
Day,2022-07-29,573,1,4.99
Day,2022-07-29,574,1,4.99
Day,2022-07-29,584,1,4.99
Day,2022-07-29,590,1,4.99
Day,2022-07-30,9,1,4.99
Day,2022-07-30,14,1,4.99
Day,2022-07-30,15,1,4.99
Day,2022-07-30,24,1,4.99
Day,2022-07-30,29,1,4.99
Day,2022-07-30,43,1,4.99
Day,2022-07-30,47,1,4.99
Day,2022-07-30,52,1,4.99
Day,2022-07-30,53,1,4.99
Day,2022-07-30,54,1,4.99
Day,2022-07-30,60,1,4.99
Day,2022-07-30,74,1,4.99
Day,2022-07-30,77,1,4.99
Day,2022-07-30,86,1,4.99
Day,2022-07-30,103,1,4.99
Day,2022-07-30,151,1,4.99
Day,2022-07-30,162,1,4.99
Day,2022-07-30,174,1,4.99
Day,2022-07-30,179,1,4.99
Day,2022-07-30,191,1,4.99
Day,2022-07-30,238,1,4.99
Day,2022-07-30,258,1,4.99
Day,2022-07-30,274,1,4.99
Day,2022-07-30,301,1,4.99
Day,2022-07-30,305,1,4.99
Day,2022-07-30,316,1,4.99
Day,2022-07-30,347,1,4.99
Day,2022-07-30,364,1,4.99
Day,2022-07-30,421,1,4.99
Day,2022-07-30,434,1,4.99
Day,2022-07-30,442,1,4.99
Day,2022-07-30,461,1,4.99
Day,2022-07-30,481,1,4.99
Day,2022-07-30,490,1,4.99
Day,2022-07-30,510,1,4.99
Day,2022-07-30,516,1,4.99
Day,2022-07-30,546,1,4.99
Day,2022-07-30,553,1,4.99
Day,2022-07-30,589,1,4.99
Day,2022-07-30,597,1,4.99
Day,2022-07-30,598,1,4.99
Day,2022-07-31,10,1,4.99
Day,2022-07-31,22,1,4.99
Day,2022-07-31,29,1,4.99
Day,2022-07-31,60,1,4.99
Day,2022-07-31,72,1,4.99
Day,2022-07-31,84,1,4.99
Day,2022-07-31,87,1,4.99
Day,2022-07-31,91,1,4.99
Day,2022-07-31,94,1,4.99
Day,2022-07-31,97,1,4.99
Day,2022-07-31,108,1,4.99
Day,2022-07-31,113,1,4.99
Day,2022-07-31,114,1,4.99
Day,2022-07-31,122,1,4.99
Day,2022-07-31,126,1,4.99
Day,2022-07-31,135,1,4.99
Day,2022-07-31,139,1,4.99
Day,2022-07-31,165,1,4.99
Day,2022-07-31,167,1,4.99
Day,2022-07-31,175,1,4.99
Day,2022-07-31,181,1,4.99
Day,2022-07-31,188,1,4.99
Day,2022-07-31,191,1,4.99
Day,2022-07-31,193,1,4.99
Day,2022-07-31,197,1,4.99
Day,2022-07-31,202,1,4.99
Day,2022-07-31,205,1,4.99
Day,2022-07-31,208,1,4.99
Day,2022-07-31,215,1,4.99
Day,2022-07-31,219,1,4.99
Day,2022-07-31,307,1,4.99
Day,2022-07-31,324,1,4.99
Day,2022-07-31,330,1,4.99
Day,2022-07-31,339,1,4.99
Day,2022-07-31,344,1,4.99
Day,2022-07-31,362,1,4.99
Day,2022-07-31,367,1,4.99
Day,2022-07-31,379,1,4.99
Day,2022-07-31,408,1,4.99
Day,2022-07-31,412,1,4.99
Day,2022-07-31,418,1,4.99
Day,2022-07-31,422,1,4.99
Day,2022-07-31,440,1,4.99
Day,2022-07-31,469,1,4.99
Day,2022-07-31,497,1,4.99
Day,2022-07-31,498,1,4.99
Day,2022-07-31,502,1,4.99
Day,2022-07-31,509,1,4.99
Day,2022-07-31,511,1,4.99
Day,2022-07-31,515,1,4.99
Day,2022-07-31,517,1,4.99
Day,2022-07-31,530,1,4.99
Day,2022-07-31,535,1,4.99
Day,2022-07-31,551,1,4.99
Day,2022-07-31,556,1,4.99
Day,2022-07-31,575,1,4.99
Day,2022-07-31,590,1,4.99
Day,2022-07-31,597,1,4.99
Day,2022-07-31,598,1,4.99
Day,2022-08-01,1,1,4.99
Day,2022-08-01,11,1,4.99
Day,2022-08-01,73,1,4.99
Day,2022-08-01,76,1,4.99
Day,2022-08-01,87,1,4.99
Day,2022-08-01,89,1,4.99
Day,2022-08-01,105,1,4.99
Day,2022-08-01,107,1,4.99
Day,2022-08-01,111,1,4.99
Day,2022-08-01,120,1,4.99
Day,2022-08-01,145,1,4.99
Day,2022-08-01,165,1,4.99
Day,2022-08-01,171,1,4.99
Day,2022-08-01,210,1,4.99
Day,2022-08-01,216,1,4.99
Day,2022-08-01,220,1,4.99
Day,2022-08-01,228,1,4.99
Day,2022-08-01,233,1,4.99
Day,2022-08-01,250,1,4.99
Day,2022-08-01,254,1,4.99
Day,2022-08-01,256,1,4.99
Day,2022-08-01,266,1,4.99
Day,2022-08-01,291,1,4.99
Day,2022-08-01,297,1,4.99
Day,2022-08-01,305,1,4.99
Day,2022-08-01,311,1,4.99
Day,2022-08-01,333,1,4.99
Day,2022-08-01,335,1,4.99
Day,2022-08-01,342,1,4.99
Day,2022-08-01,358,1,4.99
Day,2022-08-01,366,1,4.99
Day,2022-08-01,367,1,4.99
Day,2022-08-01,370,1,4.99
Day,2022-08-01,383,1,4.99
Day,2022-08-01,389,1,4.99
Day,2022-08-01,392,1,4.99
Day,2022-08-01,407,1,4.99
Day,2022-08-01,433,1,4.99
Day,2022-08-01,466,1,4.99
Day,2022-08-01,477,1,4.99
Day,2022-08-01,479,1,4.99
Day,2022-08-01,501,1,4.99
Day,2022-08-01,502,1,4.99
Day,2022-08-01,519,1,4.99
Day,2022-08-01,520,1,4.99
Day,2022-08-01,542,1,4.99
Day,2022-08-01,574,1,4.99
Day,2022-08-01,588,1,4.99
Day,2022-08-01,589,1,4.99
Day,2022-08-01,590,1,4.99
Day,2022-08-01,591,1,4.99
Day,2022-08-02,14,1,4.99
Day,2022-08-02,32,1,4.99
Day,2022-08-02,59,1,4.99
Day,2022-08-02,82,1,4.99
Day,2022-08-02,90,1,4.99
Day,2022-08-02,99,1,4.99
Day,2022-08-02,116,1,4.99
Day,2022-08-02,153,1,4.99
Day,2022-08-02,155,1,4.99
Day,2022-08-02,159,1,4.99
Day,2022-08-02,181,1,4.99
Day,2022-08-02,182,1,4.99
Day,2022-08-02,192,1,4.99
Day,2022-08-02,202,1,4.99
Day,2022-08-02,223,1,4.99
Day,2022-08-02,273,1,4.99
Day,2022-08-02,280,1,4.99
Day,2022-08-02,287,1,4.99
Day,2022-08-02,292,1,4.99
Day,2022-08-02,295,1,4.99
Day,2022-08-02,300,1,4.99
Day,2022-08-02,303,1,4.99
Day,2022-08-02,327,1,4.99
Day,2022-08-02,339,1,4.99
Day,2022-08-02,345,1,4.99
Day,2022-08-02,359,1,4.99
Day,2022-08-02,376,1,4.99
Day,2022-08-02,398,1,4.99
Day,2022-08-02,412,1,4.99
Day,2022-08-02,443,1,4.99
Day,2022-08-02,479,1,4.99
Day,2022-08-02,486,1,4.99
Day,2022-08-02,501,1,4.99
Day,2022-08-02,526,1,4.99
Day,2022-08-02,538,1,4.99
Day,2022-08-02,583,1,4.99
Day,2022-08-02,593,1,4.99
Day,2022-08-02,596,1,4.99
Day,2022-08-16,4,1,4.99
Day,2022-08-16,114,1,4.99
Day,2022-08-16,229,1,4.99
Day,2022-08-16,273,1,4.99
Day,2022-08-16,397,1,4.99
Day,2022-08-16,407,1,4.99
Day,2022-08-16,423,1,4.99
Day,2022-08-16,565,1,4.99
Day,2022-08-16,572,1,4.99
Day,2022-08-17,1,1,4.99
Day,2022-08-17,17,1,4.99
Day,2022-08-17,31,1,4.99
Day,2022-08-17,32,1,4.99
Day,2022-08-17,34,1,4.99
Day,2022-08-17,43,1,4.99
Day,2022-08-17,56,1,4.99
Day,2022-08-17,63,1,4.99
Day,2022-08-17,79,1,4.99
Day,2022-08-17,92,1,4.99
Day,2022-08-17,101,1,4.99
Day,2022-08-17,127,1,4.99
Day,2022-08-17,140,1,4.99
Day,2022-08-17,175,1,4.99
Day,2022-08-17,192,1,4.99
Day,2022-08-17,202,1,4.99
Day,2022-08-17,236,1,4.99
Day,2022-08-17,255,1,4.99
Day,2022-08-17,275,1,4.99
Day,2022-08-17,280,1,4.99
Day,2022-08-17,287,1,4.99
Day,2022-08-17,304,1,4.99
Day,2022-08-17,323,1,4.99
Day,2022-08-17,325,1,4.99
Day,2022-08-17,353,1,4.99
Day,2022-08-17,358,1,4.99
Day,2022-08-17,364,1,4.99
Day,2022-08-17,367,1,4.99
Day,2022-08-17,372,1,4.99
Day,2022-08-17,386,1,4.99
Day,2022-08-17,394,1,4.99
Day,2022-08-17,406,1,4.99
Day,2022-08-17,453,1,4.99
Day,2022-08-17,467,1,4.99
Day,2022-08-17,471,1,4.99
Day,2022-08-17,475,1,4.99
Day,2022-08-17,489,1,4.99
Day,2022-08-17,503,1,4.99
Day,2022-08-17,506,1,4.99
Day,2022-08-17,510,1,4.99
Day,2022-08-17,523,1,4.99
Day,2022-08-17,546,1,4.99
Day,2022-08-17,553,1,4.99
Day,2022-08-17,560,1,4.99
Day,2022-08-17,562,1,4.99
Day,2022-08-17,570,1,4.99
Day,2022-08-17,587,1,4.99
Day,2022-08-17,589,1,4.99
Day,2022-08-18,3,1,4.99
Day,2022-08-18,12,1,4.99
Day,2022-08-18,71,1,4.99
Day,2022-08-18,73,1,4.99
Day,2022-08-18,81,1,4.99
Day,2022-08-18,83,1,4.99
Day,2022-08-18,84,1,4.99
Day,2022-08-18,85,1,4.99
Day,2022-08-18,93,1,4.99
Day,2022-08-18,102,1,4.99
Day,2022-08-18,133,1,4.99
Day,2022-08-18,140,1,4.99
Day,2022-08-18,165,1,4.99
Day,2022-08-18,166,1,4.99
Day,2022-08-18,171,1,4.99
Day,2022-08-18,177,1,4.99
Day,2022-08-18,182,1,4.99
Day,2022-08-18,198,1,4.99
Day,2022-08-18,214,1,4.99
Day,2022-08-18,217,1,4.99
Day,2022-08-18,220,1,4.99
Day,2022-08-18,224,1,4.99
Day,2022-08-18,241,1,4.99
Day,2022-08-18,251,1,4.99
Day,2022-08-18,264,1,4.99
Day,2022-08-18,267,1,4.99
Day,2022-08-18,268,1,4.99
Day,2022-08-18,269,1,4.99
Day,2022-08-18,271,1,4.99
Day,2022-08-18,302,1,4.99
Day,2022-08-18,307,1,4.99
Day,2022-08-18,321,1,4.99
Day,2022-08-18,328,1,4.99
Day,2022-08-18,331,1,4.99
Day,2022-08-18,332,1,4.99
Day,2022-08-18,334,1,4.99
Day,2022-08-18,340,1,4.99
Day,2022-08-18,362,1,4.99
Day,2022-08-18,370,1,4.99
Day,2022-08-18,379,1,4.99
Day,2022-08-18,383,1,4.99
Day,2022-08-18,417,1,4.99
Day,2022-08-18,421,1,4.99
Day,2022-08-18,423,1,4.99
Day,2022-08-18,435,1,4.99
Day,2022-08-18,443,1,4.99
Day,2022-08-18,449,1,4.99
Day,2022-08-18,455,1,4.99
Day,2022-08-18,456,1,4.99
Day,2022-08-18,457,1,4.99
Day,2022-08-18,460,1,4.99
Day,2022-08-18,465,1,4.99
Day,2022-08-18,471,1,4.99
Day,2022-08-18,472,1,4.99
Day,2022-08-18,477,1,4.99
Day,2022-08-18,484,1,4.99
Day,2022-08-18,496,1,4.99
Day,2022-08-18,502,1,4.99
Day,2022-08-18,521,1,4.99
Day,2022-08-18,551,1,4.99
Day,2022-08-18,552,1,4.99
Day,2022-08-18,576,1,4.99
Day,2022-08-18,596,1,4.99
Day,2022-08-19,10,1,4.99
Day,2022-08-19,26,1,4.99
Day,2022-08-19,34,1,4.99
Day,2022-08-19,44,1,4.99
Day,2022-08-19,67,1,4.99
Day,2022-08-19,90,1,4.99
Day,2022-08-19,107,1,4.99
Day,2022-08-19,124,1,4.99
Day,2022-08-19,146,1,4.99
Day,2022-08-19,153,1,4.99
Day,2022-08-19,162,1,4.99
Day,2022-08-19,166,1,4.99
Day,2022-08-19,167,1,4.99
Day,2022-08-19,175,1,4.99
Day,2022-08-19,201,1,4.99
Day,2022-08-19,202,1,4.99
Day,2022-08-19,217,1,4.99
Day,2022-08-19,227,1,4.99
Day,2022-08-19,247,1,4.99
Day,2022-08-19,252,1,4.99
Day,2022-08-19,261,1,4.99
Day,2022-08-19,277,1,4.99
Day,2022-08-19,299,1,4.99
Day,2022-08-19,310,1,4.99
Day,2022-08-19,317,1,4.99
Day,2022-08-19,322,1,4.99
Day,2022-08-19,325,1,4.99
Day,2022-08-19,334,1,4.99
Day,2022-08-19,343,1,4.99
Day,2022-08-19,349,1,4.99
Day,2022-08-19,354,1,4.99
Day,2022-08-19,372,1,4.99
Day,2022-08-19,378,1,4.99
Day,2022-08-19,388,1,4.99
Day,2022-08-19,416,1,4.99
Day,2022-08-19,426,1,4.99
Day,2022-08-19,429,1,4.99
Day,2022-08-19,433,1,4.99
Day,2022-08-19,443,1,4.99
Day,2022-08-19,452,1,4.99
Day,2022-08-19,465,1,4.99
Day,2022-08-19,481,1,4.99
Day,2022-08-19,482,1,4.99
Day,2022-08-19,486,1,4.99
Day,2022-08-19,487,1,4.99
Day,2022-08-19,488,1,4.99
Day,2022-08-19,489,1,4.99
Day,2022-08-19,492,1,4.99
Day,2022-08-19,499,1,4.99
Day,2022-08-19,501,1,4.99
Day,2022-08-19,511,1,4.99
Day,2022-08-19,518,1,4.99
Day,2022-08-19,537,1,4.99
Day,2022-08-19,554,1,4.99
Day,2022-08-19,555,1,4.99
Day,2022-08-19,566,1,4.99
Day,2022-08-19,588,1,4.99
Day,2022-08-19,596,1,4.99
Day,2022-08-20,14,1,4.99
Day,2022-08-20,27,1,4.99
Day,2022-08-20,28,1,4.99
Day,2022-08-20,30,1,4.99
Day,2022-08-20,50,1,4.99
Day,2022-08-20,68,1,4.99
Day,2022-08-20,70,1,4.99
Day,2022-08-20,73,1,4.99
Day,2022-08-20,83,1,4.99
Day,2022-08-20,119,1,4.99
Day,2022-08-20,122,1,4.99
Day,2022-08-20,136,1,4.99
Day,2022-08-20,143,1,4.99
Day,2022-08-20,154,1,4.99
Day,2022-08-20,172,1,4.99
Day,2022-08-20,178,1,4.99
Day,2022-08-20,203,1,4.99
Day,2022-08-20,220,1,4.99
Day,2022-08-20,247,1,4.99
Day,2022-08-20,249,1,4.99
Day,2022-08-20,276,1,4.99
Day,2022-08-20,279,1,4.99
Day,2022-08-20,280,1,4.99
Day,2022-08-20,305,1,4.99
Day,2022-08-20,336,1,4.99
Day,2022-08-20,341,1,4.99
Day,2022-08-20,349,1,4.99
Day,2022-08-20,371,1,4.99
Day,2022-08-20,374,1,4.99
Day,2022-08-20,375,1,4.99
Day,2022-08-20,376,1,4.99
Day,2022-08-20,382,1,4.99
Day,2022-08-20,383,1,4.99
Day,2022-08-20,398,1,4.99
Day,2022-08-20,421,1,4.99
Day,2022-08-20,431,1,4.99
Day,2022-08-20,433,1,4.99
Day,2022-08-20,447,1,4.99
Day,2022-08-20,455,1,4.99
Day,2022-08-20,456,1,4.99
Day,2022-08-20,463,1,4.99
Day,2022-08-20,473,1,4.99
Day,2022-08-20,478,1,4.99
Day,2022-08-20,480,1,4.99
Day,2022-08-20,495,1,4.99
Day,2022-08-20,500,1,4.99
Day,2022-08-20,509,1,4.99
Day,2022-08-20,515,1,4.99
Day,2022-08-20,532,1,4.99
Day,2022-08-20,536,1,4.99
Day,2022-08-20,545,1,4.99
Day,2022-08-20,566,1,4.99
Day,2022-08-20,568,1,4.99
Day,2022-08-21,4,1,4.99
Day,2022-08-21,12,1,4.99
Day,2022-08-21,54,1,4.99
Day,2022-08-21,77,1,4.99
Day,2022-08-21,95,1,4.99
Day,2022-08-21,97,1,4.99
Day,2022-08-21,103,1,4.99
Day,2022-08-21,107,1,4.99
Day,2022-08-21,142,1,4.99
Day,2022-08-21,175,1,4.99
Day,2022-08-21,194,1,4.99
Day,2022-08-21,199,1,4.99
Day,2022-08-21,204,1,4.99
Day,2022-08-21,223,1,4.99
Day,2022-08-21,252,1,4.99
Day,2022-08-21,254,1,4.99
Day,2022-08-21,259,1,4.99
Day,2022-08-21,289,1,4.99
Day,2022-08-21,291,1,4.99
Day,2022-08-21,311,1,4.99
Day,2022-08-21,332,1,4.99
Day,2022-08-21,341,1,4.99
Day,2022-08-21,352,1,4.99
Day,2022-08-21,353,1,4.99
Day,2022-08-21,360,1,4.99
Day,2022-08-21,364,1,4.99
Day,2022-08-21,378,1,4.99
Day,2022-08-21,381,1,4.99
Day,2022-08-21,383,1,4.99
Day,2022-08-21,408,1,4.99
Day,2022-08-21,409,1,4.99
Day,2022-08-21,416,1,4.99
Day,2022-08-21,421,1,4.99
Day,2022-08-21,429,1,4.99
Day,2022-08-21,434,1,4.99
Day,2022-08-21,441,1,4.99
Day,2022-08-21,450,1,4.99
Day,2022-08-21,458,1,4.99
Day,2022-08-21,461,1,4.99
Day,2022-08-21,470,1,4.99
Day,2022-08-21,493,1,4.99
Day,2022-08-21,502,1,4.99
Day,2022-08-21,507,1,4.99
Day,2022-08-21,512,1,4.99
Day,2022-08-21,517,1,4.99
Day,2022-08-21,518,1,4.99
Day,2022-08-21,523,1,4.99
Day,2022-08-21,535,1,4.99
Day,2022-08-21,546,1,4.99
Day,2022-08-21,552,1,4.99
Day,2022-08-21,563,1,4.99
Day,2022-08-21,587,1,4.99
Day,2022-08-22,2,1,4.99
Day,2022-08-22,13,1,4.99
Day,2022-08-22,21,1,4.99
Day,2022-08-22,24,1,4.99
Day,2022-08-22,28,1,4.99
Day,2022-08-22,30,1,4.99
Day,2022-08-22,51,1,4.99
Day,2022-08-22,55,1,4.99
Day,2022-08-22,58,1,4.99
Day,2022-08-22,62,1,4.99
Day,2022-08-22,66,1,4.99
Day,2022-08-22,76,1,4.99
Day,2022-08-22,82,1,4.99
Day,2022-08-22,86,1,4.99
Day,2022-08-22,92,1,4.99
Day,2022-08-22,112,1,4.99
Day,2022-08-22,114,1,4.99
Day,2022-08-22,124,1,4.99
Day,2022-08-22,136,1,4.99
Day,2022-08-22,157,1,4.99
Day,2022-08-22,162,1,4.99
Day,2022-08-22,172,1,4.99
Day,2022-08-22,176,1,4.99
Day,2022-08-22,178,1,4.99
Day,2022-08-22,191,1,4.99
Day,2022-08-22,210,1,4.99
Day,2022-08-22,215,1,4.99
Day,2022-08-22,218,1,4.99
Day,2022-08-22,219,1,4.99
Day,2022-08-22,226,1,4.99
Day,2022-08-22,261,1,4.99
Day,2022-08-22,263,1,4.99
Day,2022-08-22,278,1,4.99
Day,2022-08-22,289,1,4.99
Day,2022-08-22,312,1,4.99
Day,2022-08-22,324,1,4.99
Day,2022-08-22,349,1,4.99
Day,2022-08-22,351,1,4.99
Day,2022-08-22,381,1,4.99
Day,2022-08-22,402,1,4.99
Day,2022-08-22,403,1,4.99
Day,2022-08-22,412,1,4.99
Day,2022-08-22,430,1,4.99
Day,2022-08-22,444,1,4.99
Day,2022-08-22,466,1,4.99
Day,2022-08-22,468,1,4.99
Day,2022-08-22,474,1,4.99
Day,2022-08-22,500,1,4.99
Day,2022-08-22,501,1,4.99
Day,2022-08-22,505,1,4.99
Day,2022-08-22,510,1,4.99
Day,2022-08-22,511,1,4.99
Day,2022-08-22,515,1,4.99
Day,2022-08-22,547,1,4.99
Day,2022-08-22,553,1,4.99
Day,2022-08-22,559,1,4.99
Day,2022-08-23,2,1,4.99
Day,2022-08-23,15,1,4.99
Day,2022-08-23,36,1,4.99
Day,2022-08-23,41,1,4.99
Day,2022-08-23,50,1,4.99
Day,2022-08-23,54,1,4.99
Day,2022-08-23,68,1,4.99
Day,2022-08-23,88,1,4.99
Day,2022-08-23,96,1,4.99
Day,2022-08-23,132,1,4.99
Day,2022-08-23,143,1,4.99
Day,2022-08-23,176,1,4.99
Day,2022-08-23,179,1,4.99
Day,2022-08-23,181,1,4.99
Day,2022-08-23,188,1,4.99
Day,2022-08-23,194,1,4.99
Day,2022-08-23,202,1,4.99
Day,2022-08-23,216,1,4.99
Day,2022-08-23,220,1,4.99
Day,2022-08-23,227,1,4.99
Day,2022-08-23,241,1,4.99
Day,2022-08-23,247,1,4.99
Day,2022-08-23,264,1,4.99
Day,2022-08-23,278,1,4.99
Day,2022-08-23,282,1,4.99
Day,2022-08-23,285,1,4.99
Day,2022-08-23,286,1,4.99
Day,2022-08-23,298,1,4.99
Day,2022-08-23,307,1,4.99
Day,2022-08-23,345,1,4.99
Day,2022-08-23,347,1,4.99
Day,2022-08-23,375,1,4.99
Day,2022-08-23,381,1,4.99
Day,2022-08-23,399,1,4.99
Day,2022-08-23,405,1,4.99
Day,2022-08-23,410,1,4.99
Day,2022-08-23,419,1,4.99
Day,2022-08-23,423,1,4.99
Day,2022-08-23,436,1,4.99
Day,2022-08-23,440,1,4.99
Day,2022-08-23,451,1,4.99
Day,2022-08-23,453,1,4.99
Day,2022-08-23,458,1,4.99
Day,2022-08-23,473,1,4.99
Day,2022-08-23,478,1,4.99
Day,2022-08-23,480,1,4.99
Day,2022-08-23,489,1,4.99
Day,2022-08-23,544,1,4.99
Day,2022-08-23,546,1,4.99
Day,2022-08-23,554,1,4.99
Day,2022-08-23,559,1,4.99
Day,2022-08-23,571,1,4.99
Day,2022-08-23,581,1,4.99
Day,2022-08-23,597,1,4.99
Month,2022-02-01,9,1,4.99
Month,2022-02-01,14,1,4.99
Month,2022-02-01,22,1,4.99
Month,2022-02-01,44,1,4.99
Month,2022-02-01,52,1,4.99
Month,2022-02-01,56,1,4.99
Month,2022-02-01,64,1,4.99
Month,2022-02-01,83,1,4.99
Month,2022-02-01,87,1,4.99
Month,2022-02-01,91,1,4.99
Month,2022-02-01,94,1,4.99
Month,2022-02-01,108,1,4.99
Month,2022-02-01,114,1,4.99
Month,2022-02-01,120,1,4.99
Month,2022-02-01,152,1,4.99
Month,2022-02-01,178,1,4.99
Month,2022-02-01,180,1,4.99
Month,2022-02-01,190,1,4.99
Month,2022-02-01,192,1,4.99
Month,2022-02-01,211,1,4.99
Month,2022-02-01,219,1,4.99
Month,2022-02-01,227,1,4.99
Month,2022-02-01,244,1,4.99
Month,2022-02-01,252,1,4.99
Month,2022-02-01,279,1,4.99
Month,2022-02-01,300,1,4.99
Month,2022-02-01,359,1,4.99
Month,2022-02-01,366,1,4.99
Month,2022-02-01,394,1,4.99
Month,2022-02-01,411,1,4.99
Month,2022-02-01,440,1,4.99
Month,2022-02-01,441,1,4.99
Month,2022-02-01,452,1,4.99
Month,2022-02-01,472,1,4.99
Month,2022-02-01,497,1,4.99
Month,2022-02-01,505,1,4.99
Month,2022-02-01,521,1,4.99
Month,2022-02-01,537,1,4.99
Month,2022-02-01,557,1,4.99
Month,2022-02-01,585,1,4.99
Month,2022-02-01,597,1,4.99
Month,2022-05-01,2,1,4.99
Month,2022-05-01,10,1,4.99
Month,2022-05-01,40,1,4.99
Month,2022-05-01,66,1,4.99
Month,2022-05-01,70,1,4.99
Month,2022-05-01,95,1,4.99
Month,2022-05-01,116,1,4.99
Month,2022-05-01,121,1,4.99
Month,2022-05-01,148,1,4.99
Month,2022-05-01,149,1,4.99
Month,2022-05-01,165,1,4.99
Month,2022-05-01,208,1,4.99
Month,2022-05-01,211,1,4.99
Month,2022-05-01,216,1,4.99
Month,2022-05-01,221,1,4.99
Month,2022-05-01,234,1,4.99
Month,2022-05-01,243,1,4.99
Month,2022-05-01,262,1,4.99
Month,2022-05-01,278,1,4.99
Month,2022-05-01,280,1,4.99
Month,2022-05-01,333,1,4.99
Month,2022-05-01,349,1,4.99
Month,2022-05-01,356,1,4.99
Month,2022-05-01,358,1,4.99
Month,2022-05-01,362,1,4.99
Month,2022-05-01,373,1,4.99
Month,2022-05-01,389,1,4.99
Month,2022-05-01,398,1,4.99
Month,2022-05-01,415,1,4.99
Month,2022-05-01,420,1,4.99
Month,2022-05-01,428,1,4.99
Month,2022-05-01,440,1,4.99
Month,2022-05-01,441,1,4.99
Month,2022-05-01,443,1,4.99
Month,2022-05-01,456,1,4.99
Month,2022-05-01,467,1,4.99
Month,2022-05-01,494,1,4.99
Month,2022-05-01,513,1,4.99
Month,2022-05-01,514,1,4.99
Month,2022-05-01,517,1,4.99
Month,2022-05-01,537,1,4.99
Month,2022-05-01,553,1,4.99
Month,2022-05-01,599,1,4.99
Month,2022-06-01,14,1,4.99
Month,2022-06-01,43,1,4.99
Month,2022-06-01,70,1,4.99
Month,2022-06-01,72,1,4.99
Month,2022-06-01,152,1,4.99
Month,2022-06-01,168,1,4.99
Month,2022-06-01,250,1,4.99
Month,2022-06-01,335,1,4.99
Month,2022-06-01,394,1,4.99
Month,2022-06-01,508,1,4.99
Day,2022-06-15,96,3,12.97
Day,2022-06-15,290,3,12.97
Day,2022-06-16,386,3,12.97
Day,2022-06-17,338,3,12.97
Day,2022-06-19,299,3,12.97
Day,2022-06-20,55,3,12.97
Day,2022-06-20,522,3,12.97
Day,2022-07-06,598,3,12.97
Day,2022-07-07,38,3,12.97
Day,2022-07-07,91,3,12.97
Day,2022-07-07,486,3,12.97
Day,2022-07-07,513,3,12.97
Day,2022-07-07,592,3,12.97
Day,2022-07-08,590,3,12.97
Day,2022-07-09,5,3,12.97
Day,2022-07-09,574,3,12.97
Day,2022-07-10,165,3,12.97
Day,2022-07-10,268,3,12.97
Day,2022-07-10,384,3,12.97
Day,2022-07-10,522,3,12.97
Day,2022-07-10,581,3,12.97
Day,2022-07-11,264,3,12.97
Day,2022-07-11,319,3,12.97
Day,2022-07-12,363,3,12.97
Day,2022-07-27,221,3,12.97
Day,2022-07-27,239,3,12.97
Day,2022-07-27,531,3,12.97
Day,2022-07-27,585,3,12.97
Day,2022-07-28,323,3,12.97
Day,2022-07-28,429,3,12.97
Day,2022-07-28,432,3,12.97
Day,2022-07-28,508,3,12.97
Day,2022-07-28,526,3,12.97
Day,2022-07-29,219,3,12.97
Day,2022-07-29,232,3,12.97
Day,2022-07-29,348,3,12.97
Day,2022-07-30,87,3,12.97
Day,2022-07-30,202,3,12.97
Day,2022-07-31,95,3,12.97
Day,2022-07-31,346,3,12.97
Day,2022-07-31,443,3,12.97
Day,2022-07-31,459,3,12.97
Day,2022-08-01,403,3,12.97
Day,2022-08-01,583,3,12.97
Day,2022-08-02,111,3,12.97
Day,2022-08-02,346,3,12.97
Day,2022-08-02,447,3,12.97
Day,2022-08-17,141,3,12.97
Day,2022-08-17,221,3,12.97
Day,2022-08-17,339,3,12.97
Day,2022-08-17,481,3,12.97
Day,2022-08-17,550,3,12.97
Day,2022-08-18,150,3,12.97
Day,2022-08-18,530,3,12.97
Day,2022-08-19,20,3,12.97
Day,2022-08-19,210,3,12.97
Day,2022-08-19,251,3,12.97
Day,2022-08-19,259,3,12.97
Day,2022-08-19,368,3,12.97
Day,2022-08-19,591,3,12.97
Day,2022-08-20,87,3,12.97
Day,2022-08-20,256,3,12.97
Day,2022-08-20,437,3,12.97
Day,2022-08-20,441,3,12.97
Day,2022-08-20,581,3,12.97
Day,2022-08-21,392,3,12.97
Day,2022-08-21,406,3,12.97
Day,2022-08-22,63,3,12.97
Day,2022-08-22,147,3,12.97
Day,2022-08-22,156,3,12.97
Day,2022-08-22,329,3,12.97
Day,2022-08-22,482,3,12.97
Day,2022-08-23,105,3,12.97
Day,2022-08-23,112,3,12.97
Day,2022-08-23,173,3,12.97
Day,2022-08-23,482,3,12.97
Month,2022-05-01,18,3,12.97
Month,2022-05-01,23,3,12.97
Month,2022-05-01,84,3,12.97
Month,2022-05-01,114,3,12.97
Month,2022-05-01,179,3,12.97
Month,2022-05-01,291,3,12.97
Month,2022-05-01,408,3,12.97
Month,2022-05-01,438,3,12.97
Month,2022-05-01,482,3,12.97
Month,2022-05-01,486,3,12.97
Month,2022-05-01,526,3,12.97
Month,2022-06-01,81,3,12.97
Month,2022-06-01,243,3,12.97
Month,2022-06-01,258,3,12.97
Month,2022-06-01,276,3,12.97
Month,2022-06-01,311,3,12.97
Month,2022-06-01,325,3,12.97
Month,2022-06-01,331,3,12.97
Month,2022-06-01,348,3,12.97
Month,2022-06-01,402,3,12.97
Month,2022-06-01,421,3,12.97
Month,2022-06-01,424,3,12.97
Month,2022-06-01,513,3,12.97
Month,2022-06-01,520,3,12.97
Month,2022-06-01,572,3,12.97
Month,2022-06-01,579,3,12.97
Month,2022-08-01,429,3,12.97
Month,2022-08-01,570,3,12.97
Day,2022-05-24,142,1,8.99
Day,2022-05-25,23,1,8.99
Day,2022-05-25,433,1,8.99
Day,2022-05-25,500,1,8.99
Day,2022-05-25,510,1,8.99
Day,2022-05-26,82,1,8.99
Day,2022-05-26,359,1,8.99
Day,2022-05-26,375,1,8.99
Day,2022-05-26,444,1,8.99
Day,2022-05-26,482,1,8.99
Day,2022-05-27,334,1,8.99
Day,2022-05-27,498,1,8.99
Day,2022-05-27,500,1,8.99
Day,2022-05-27,547,1,8.99
Day,2022-05-27,594,1,8.99
Day,2022-05-28,231,1,8.99
Day,2022-05-28,299,1,8.99
Day,2022-05-28,316,1,8.99
Day,2022-05-28,417,1,8.99
Day,2022-05-28,506,1,8.99
Day,2022-05-29,22,1,8.99
Day,2022-05-29,337,1,8.99
Day,2022-05-29,383,1,8.99
Day,2022-05-29,509,1,8.99
Day,2022-05-30,245,1,8.99
Day,2022-05-30,432,1,8.99
Day,2022-05-30,586,1,8.99
Day,2022-05-30,593,1,8.99
Day,2022-05-31,217,1,8.99
Day,2022-05-31,260,1,8.99
Day,2022-05-31,271,1,8.99
Day,2022-05-31,293,1,8.99
Day,2022-06-15,110,1,8.99
Day,2022-06-15,222,1,8.99
Day,2022-06-15,379,1,8.99
Day,2022-06-16,197,1,8.99
Day,2022-06-16,286,1,8.99
Day,2022-06-16,299,1,8.99
Day,2022-06-16,322,1,8.99
Day,2022-06-16,347,1,8.99
Day,2022-06-16,467,1,8.99
Day,2022-06-16,474,1,8.99
Day,2022-06-17,68,1,8.99
Day,2022-06-17,108,1,8.99
Day,2022-06-17,176,1,8.99
Day,2022-06-17,236,1,8.99
Day,2022-06-17,263,1,8.99
Day,2022-06-17,348,1,8.99
Day,2022-06-17,497,1,8.99
Day,2022-06-17,547,1,8.99
Day,2022-06-18,82,1,8.99
Day,2022-06-18,102,1,8.99
Day,2022-06-18,170,1,8.99
Day,2022-06-18,230,1,8.99
Day,2022-06-18,303,1,8.99
Day,2022-06-18,409,1,8.99
Day,2022-06-18,466,1,8.99
Day,2022-06-18,519,1,8.99
Day,2022-06-18,523,1,8.99
Day,2022-06-18,553,1,8.99
Day,2022-06-19,17,1,8.99
Day,2022-06-19,25,1,8.99
Day,2022-06-19,82,1,8.99
Day,2022-06-19,92,1,8.99
Day,2022-06-19,211,1,8.99
Day,2022-06-19,232,1,8.99
Day,2022-06-19,537,1,8.99
Day,2022-06-20,18,1,8.99
Day,2022-06-20,33,1,8.99
Day,2022-06-20,158,1,8.99
Day,2022-06-20,164,1,8.99
Day,2022-06-20,258,1,8.99
Day,2022-06-20,343,1,8.99
Day,2022-06-20,423,1,8.99
Day,2022-06-20,537,1,8.99
Day,2022-06-21,193,1,8.99
Day,2022-06-21,295,1,8.99
Day,2022-06-21,316,1,8.99
Day,2022-06-21,322,1,8.99
Day,2022-06-21,483,1,8.99
Day,2022-07-05,169,1,8.99
Day,2022-07-06,63,1,8.99
Day,2022-07-06,69,1,8.99
Day,2022-07-06,202,1,8.99
Day,2022-07-06,211,1,8.99
Day,2022-07-06,449,1,8.99
Day,2022-07-07,158,1,8.99
Day,2022-07-07,308,1,8.99
Day,2022-07-07,318,1,8.99
Day,2022-07-07,367,1,8.99
Day,2022-07-07,371,1,8.99
Day,2022-07-07,386,1,8.99
Day,2022-07-07,453,1,8.99
Day,2022-07-07,479,1,8.99
Day,2022-07-07,533,1,8.99
Day,2022-07-08,119,1,8.99
Day,2022-07-08,123,1,8.99
Day,2022-07-08,213,1,8.99
Day,2022-07-08,215,1,8.99
Day,2022-07-08,278,1,8.99
Day,2022-07-08,304,1,8.99
Day,2022-07-08,346,1,8.99
Day,2022-07-08,362,1,8.99
Day,2022-07-08,415,1,8.99
Day,2022-07-09,7,1,8.99
Day,2022-07-09,309,1,8.99
Day,2022-07-09,488,1,8.99
Day,2022-07-10,86,1,8.99
Day,2022-07-10,297,1,8.99
Day,2022-07-10,321,1,8.99
Day,2022-07-10,433,1,8.99
Day,2022-07-10,451,1,8.99
Day,2022-07-10,575,1,8.99
Day,2022-07-11,5,1,8.99
Day,2022-07-11,13,1,8.99
Day,2022-07-11,292,1,8.99
Day,2022-07-12,136,1,8.99
Day,2022-07-12,220,1,8.99
Day,2022-07-12,346,1,8.99
Day,2022-07-12,562,1,8.99
Day,2022-07-26,181,1,8.99
Day,2022-07-26,393,1,8.99
Day,2022-07-26,502,1,8.99
Day,2022-07-26,508,1,8.99
Day,2022-07-26,579,1,8.99
Day,2022-07-27,251,1,8.99
Day,2022-07-27,255,1,8.99
Day,2022-07-27,264,1,8.99
Day,2022-07-27,527,1,8.99
Day,2022-07-27,587,1,8.99
Day,2022-07-27,594,1,8.99
Day,2022-07-28,49,1,8.99
Day,2022-07-28,101,1,8.99
Day,2022-07-28,124,1,8.99
Day,2022-07-28,284,1,8.99
Day,2022-07-28,541,1,8.99
Day,2022-07-28,542,1,8.99
Day,2022-07-29,84,1,8.99
Day,2022-07-29,216,1,8.99
Day,2022-07-29,345,1,8.99
Day,2022-07-29,445,1,8.99
Day,2022-07-29,447,1,8.99
Day,2022-07-29,486,1,8.99
Day,2022-07-30,40,1,8.99
Day,2022-07-30,46,1,8.99
Day,2022-07-30,59,1,8.99
Day,2022-07-30,121,1,8.99
Day,2022-07-30,166,1,8.99
Day,2022-07-30,292,1,8.99
Day,2022-07-30,477,1,8.99
Day,2022-07-30,528,1,8.99
Day,2022-07-30,550,1,8.99
Day,2022-07-30,552,1,8.99
Day,2022-07-30,585,1,8.99
Day,2022-07-31,317,1,8.99
Day,2022-07-31,406,1,8.99
Day,2022-07-31,437,1,8.99
Day,2022-08-01,10,1,8.99
Day,2022-08-01,123,1,8.99
Day,2022-08-01,345,1,8.99
Day,2022-08-01,508,1,8.99
Day,2022-08-01,594,1,8.99
Day,2022-08-02,67,1,8.99
Day,2022-08-02,85,1,8.99
Day,2022-08-02,180,1,8.99
Day,2022-08-02,200,1,8.99
Day,2022-08-02,260,1,8.99
Day,2022-08-02,592,1,8.99
Day,2022-08-16,19,1,8.99
Day,2022-08-17,24,1,8.99
Day,2022-08-17,67,1,8.99
Day,2022-08-17,121,1,8.99
Day,2022-08-17,256,1,8.99
Day,2022-08-17,285,1,8.99
Day,2022-08-17,347,1,8.99
Day,2022-08-17,540,1,8.99
Day,2022-08-18,4,1,8.99
Day,2022-08-18,58,1,8.99
Day,2022-08-18,180,1,8.99
Day,2022-08-18,202,1,8.99
Day,2022-08-18,210,1,8.99
Day,2022-08-18,298,1,8.99
Day,2022-08-18,319,1,8.99
Day,2022-08-18,416,1,8.99
Day,2022-08-18,437,1,8.99
Day,2022-08-18,566,1,8.99
Day,2022-08-19,3,1,8.99
Day,2022-08-19,99,1,8.99
Day,2022-08-19,168,1,8.99
Day,2022-08-19,266,1,8.99
Day,2022-08-19,472,1,8.99
Day,2022-08-19,479,1,8.99
Day,2022-08-19,516,1,8.99
Day,2022-08-19,526,1,8.99
Day,2022-08-19,589,1,8.99
Day,2022-08-20,62,1,8.99
Day,2022-08-20,63,1,8.99
Day,2022-08-20,187,1,8.99
Day,2022-08-20,196,1,8.99
Day,2022-08-20,209,1,8.99
Day,2022-08-20,240,1,8.99
Day,2022-08-20,265,1,8.99
Day,2022-08-20,329,1,8.99
Day,2022-08-20,415,1,8.99
Day,2022-08-20,565,1,8.99
Day,2022-08-21,3,1,8.99
Day,2022-08-21,16,1,8.99
Day,2022-08-21,159,1,8.99
Day,2022-08-21,374,1,8.99
Day,2022-08-22,103,1,8.99
Day,2022-08-22,221,1,8.99
Day,2022-08-22,564,1,8.99
Day,2022-08-23,66,1,8.99
Day,2022-08-23,128,1,8.99
Day,2022-08-23,322,1,8.99
Day,2022-08-23,537,1,8.99
Month,2022-05-01,260,1,8.99
Month,2022-05-01,271,1,8.99
Month,2022-06-01,110,1,8.99
Month,2022-06-01,547,1,8.99
Day,2022-05-24,408,1,3.99
Day,2022-05-25,35,1,3.99
Day,2022-05-25,53,1,3.99
Day,2022-05-25,56,1,3.99
Day,2022-05-25,273,1,3.99
Day,2022-05-25,288,1,3.99
Day,2022-05-25,319,1,3.99
Day,2022-05-25,343,1,3.99
Day,2022-05-25,371,1,3.99
Day,2022-05-25,400,1,3.99
Day,2022-05-25,479,1,3.99
Day,2022-05-25,506,1,3.99
Day,2022-05-26,21,1,3.99
Day,2022-05-26,49,1,3.99
Day,2022-05-26,98,1,3.99
Day,2022-05-26,125,1,3.99
Day,2022-05-26,201,1,3.99
Day,2022-05-26,242,1,3.99
Day,2022-05-26,250,1,3.99
Day,2022-05-26,394,1,3.99
Day,2022-05-26,414,1,3.99
Day,2022-05-26,436,1,3.99
Day,2022-05-26,464,1,3.99
Day,2022-05-27,16,1,3.99
Day,2022-05-27,21,1,3.99
Day,2022-05-27,134,1,3.99
Day,2022-05-27,150,1,3.99
Day,2022-05-27,172,1,3.99
Day,2022-05-27,182,1,3.99
Day,2022-05-27,261,1,3.99
Day,2022-05-27,295,1,3.99
Day,2022-05-27,298,1,3.99
Day,2022-05-27,306,1,3.99
Day,2022-05-27,343,1,3.99
Day,2022-05-27,516,1,3.99
Day,2022-05-28,54,1,3.99
Day,2022-05-28,106,1,3.99
Day,2022-05-28,109,1,3.99
Day,2022-05-28,169,1,3.99
Day,2022-05-28,249,1,3.99
Day,2022-05-28,308,1,3.99
Day,2022-05-28,324,1,3.99
Day,2022-05-28,332,1,3.99
Day,2022-05-28,359,1,3.99
Day,2022-05-28,450,1,3.99
Day,2022-05-28,462,1,3.99
Day,2022-05-28,571,1,3.99
Day,2022-05-28,590,1,3.99
Day,2022-05-29,104,1,3.99
Day,2022-05-29,135,1,3.99
Day,2022-05-29,159,1,3.99
Day,2022-05-29,197,1,3.99
Day,2022-05-29,222,1,3.99
Day,2022-05-29,232,1,3.99
Day,2022-05-29,246,1,3.99
Day,2022-05-29,276,1,3.99
Day,2022-05-29,300,1,3.99
Day,2022-05-29,330,1,3.99
Day,2022-05-29,363,1,3.99
Day,2022-05-29,416,1,3.99
Day,2022-05-29,511,1,3.99
Day,2022-05-29,535,1,3.99
Day,2022-05-29,545,1,3.99
Day,2022-05-30,150,1,3.99
Day,2022-05-30,207,1,3.99
Day,2022-05-30,225,1,3.99
Day,2022-05-30,297,1,3.99
Day,2022-05-30,380,1,3.99
Day,2022-05-30,548,1,3.99
Day,2022-05-31,207,1,3.99
Day,2022-05-31,227,1,3.99
Day,2022-05-31,241,1,3.99
Day,2022-05-31,326,1,3.99
Day,2022-05-31,355,1,3.99
Day,2022-05-31,387,1,3.99
Day,2022-05-31,412,1,3.99
Day,2022-05-31,519,1,3.99
Day,2022-05-31,556,1,3.99
Day,2022-05-31,569,1,3.99
Day,2022-06-14,264,1,3.99
Day,2022-06-15,5,1,3.99
Day,2022-06-15,44,1,3.99
Day,2022-06-15,98,1,3.99
Day,2022-06-15,104,1,3.99
Day,2022-06-15,120,1,3.99
Day,2022-06-15,133,1,3.99
Day,2022-06-15,230,1,3.99
Day,2022-06-15,234,1,3.99
Day,2022-06-15,269,1,3.99
Day,2022-06-15,285,1,3.99
Day,2022-06-15,297,1,3.99
Day,2022-06-15,381,1,3.99
Day,2022-06-15,423,1,3.99
Day,2022-06-15,484,1,3.99
Day,2022-06-15,522,1,3.99
Day,2022-06-15,583,1,3.99
Day,2022-06-15,584,1,3.99
Day,2022-06-16,59,1,3.99
Day,2022-06-16,94,1,3.99
Day,2022-06-16,105,1,3.99
Day,2022-06-16,182,1,3.99
Day,2022-06-16,260,1,3.99
Day,2022-06-16,268,1,3.99
Day,2022-06-16,275,1,3.99
Day,2022-06-16,327,1,3.99
Day,2022-06-16,340,1,3.99
Day,2022-06-16,428,1,3.99
Day,2022-06-16,452,1,3.99
Day,2022-06-16,476,1,3.99
Day,2022-06-16,484,1,3.99
Day,2022-06-16,489,1,3.99
Day,2022-06-16,490,1,3.99
Day,2022-06-16,546,1,3.99
Day,2022-06-17,20,1,3.99
Day,2022-06-17,27,1,3.99
Day,2022-06-17,67,1,3.99
Day,2022-06-17,105,1,3.99
Day,2022-06-17,109,1,3.99
Day,2022-06-17,165,1,3.99
Day,2022-06-17,207,1,3.99
Day,2022-06-17,248,1,3.99
Day,2022-06-17,277,1,3.99
Day,2022-06-17,292,1,3.99
Day,2022-06-17,304,1,3.99
Day,2022-06-17,350,1,3.99
Day,2022-06-17,417,1,3.99
Day,2022-06-17,493,1,3.99
Day,2022-06-17,514,1,3.99
Day,2022-06-17,553,1,3.99
Day,2022-06-17,562,1,3.99
Day,2022-06-18,10,1,3.99
Day,2022-06-18,28,1,3.99
Day,2022-06-18,91,1,3.99
Day,2022-06-18,125,1,3.99
Day,2022-06-18,127,1,3.99
Day,2022-06-18,143,1,3.99
Day,2022-06-18,166,1,3.99
Day,2022-06-18,219,1,3.99
Day,2022-06-18,228,1,3.99
Day,2022-06-18,292,1,3.99
Day,2022-06-18,298,1,3.99
Day,2022-06-18,403,1,3.99
Day,2022-06-18,500,1,3.99
Day,2022-06-18,570,1,3.99
Day,2022-06-18,577,1,3.99
Day,2022-06-19,105,1,3.99
Day,2022-06-19,190,1,3.99
Day,2022-06-19,192,1,3.99
Day,2022-06-19,194,1,3.99
Day,2022-06-19,254,1,3.99
Day,2022-06-19,280,1,3.99
Day,2022-06-19,292,1,3.99
Day,2022-06-19,327,1,3.99
Day,2022-06-19,377,1,3.99
Day,2022-06-19,389,1,3.99
Day,2022-06-19,405,1,3.99
Day,2022-06-19,532,1,3.99
Day,2022-06-19,551,1,3.99
Day,2022-06-20,59,1,3.99
Day,2022-06-20,137,1,3.99
Day,2022-06-20,161,1,3.99
Day,2022-06-20,200,1,3.99
Day,2022-06-20,244,1,3.99
Day,2022-06-20,268,1,3.99
Day,2022-06-20,290,1,3.99
Day,2022-06-20,364,1,3.99
Day,2022-06-20,371,1,3.99
Day,2022-06-20,466,1,3.99
Day,2022-06-20,487,1,3.99
Day,2022-06-20,495,1,3.99
Day,2022-06-20,515,1,3.99
Day,2022-06-20,540,1,3.99
Day,2022-06-20,583,1,3.99
Day,2022-06-20,585,1,3.99
Day,2022-06-20,588,1,3.99
Day,2022-06-21,1,1,3.99
Day,2022-06-21,27,1,3.99
Day,2022-06-21,38,1,3.99
Day,2022-06-21,80,1,3.99
Day,2022-06-21,129,1,3.99
Day,2022-06-21,228,1,3.99
Day,2022-06-21,264,1,3.99
Day,2022-06-21,312,1,3.99
Day,2022-06-21,319,1,3.99
Day,2022-06-21,372,1,3.99
Day,2022-06-21,491,1,3.99
Day,2022-06-21,540,1,3.99
Day,2022-07-05,34,1,3.99
Day,2022-07-05,270,1,3.99
Day,2022-07-05,349,1,3.99
Day,2022-07-05,382,1,3.99
Day,2022-07-06,10,1,3.99
Day,2022-07-06,12,1,3.99
Day,2022-07-06,20,1,3.99
Day,2022-07-06,74,1,3.99
Day,2022-07-06,90,1,3.99
Day,2022-07-06,163,1,3.99
Day,2022-07-06,188,1,3.99
Day,2022-07-06,288,1,3.99
Day,2022-07-06,293,1,3.99
Day,2022-07-06,308,1,3.99
Day,2022-07-06,357,1,3.99
Day,2022-07-06,363,1,3.99
Day,2022-07-06,450,1,3.99
Day,2022-07-06,496,1,3.99
Day,2022-07-07,56,1,3.99
Day,2022-07-07,123,1,3.99
Day,2022-07-07,176,1,3.99
Day,2022-07-07,228,1,3.99
Day,2022-07-07,251,1,3.99
Day,2022-07-07,408,1,3.99
Day,2022-07-07,414,1,3.99
Day,2022-07-07,431,1,3.99
Day,2022-07-07,449,1,3.99
Day,2022-07-07,456,1,3.99
Day,2022-07-07,468,1,3.99
Day,2022-07-07,485,1,3.99
Day,2022-07-08,8,1,3.99
Day,2022-07-08,65,1,3.99
Day,2022-07-08,102,1,3.99
Day,2022-07-08,106,1,3.99
Day,2022-07-08,291,1,3.99
Day,2022-07-08,298,1,3.99
Day,2022-07-08,301,1,3.99
Day,2022-07-08,311,1,3.99
Day,2022-07-08,312,1,3.99
Day,2022-07-08,339,1,3.99
Day,2022-07-08,402,1,3.99
Day,2022-07-08,427,1,3.99
Day,2022-07-08,442,1,3.99
Day,2022-07-08,468,1,3.99
Day,2022-07-08,489,1,3.99
Day,2022-07-08,580,1,3.99
Day,2022-07-09,106,1,3.99
Day,2022-07-09,227,1,3.99
Day,2022-07-09,316,1,3.99
Day,2022-07-09,345,1,3.99
Day,2022-07-09,451,1,3.99
Day,2022-07-09,459,1,3.99
Day,2022-07-09,460,1,3.99
Day,2022-07-09,511,1,3.99
Day,2022-07-09,528,1,3.99
Day,2022-07-09,587,1,3.99
Day,2022-07-10,65,1,3.99
Day,2022-07-10,69,1,3.99
Day,2022-07-10,90,1,3.99
Day,2022-07-10,136,1,3.99
Day,2022-07-10,164,1,3.99
Day,2022-07-10,194,1,3.99
Day,2022-07-10,249,1,3.99
Day,2022-07-10,293,1,3.99
Day,2022-07-10,307,1,3.99
Day,2022-07-10,339,1,3.99
Day,2022-07-10,351,1,3.99
Day,2022-07-10,389,1,3.99
Day,2022-07-10,404,1,3.99
Day,2022-07-10,426,1,3.99
Day,2022-07-10,472,1,3.99
Day,2022-07-10,487,1,3.99
Day,2022-07-10,512,1,3.99
Day,2022-07-10,516,1,3.99
Day,2022-07-10,596,1,3.99
Day,2022-07-11,31,1,3.99
Day,2022-07-11,130,1,3.99
Day,2022-07-11,135,1,3.99
Day,2022-07-11,136,1,3.99
Day,2022-07-11,243,1,3.99
Day,2022-07-11,268,1,3.99
Day,2022-07-11,274,1,3.99
Day,2022-07-11,289,1,3.99
Day,2022-07-11,350,1,3.99
Day,2022-07-11,351,1,3.99
Day,2022-07-11,391,1,3.99
Day,2022-07-12,7,1,3.99
Day,2022-07-12,48,1,3.99
Day,2022-07-12,133,1,3.99
Day,2022-07-12,168,1,3.99
Day,2022-07-12,190,1,3.99
Day,2022-07-12,259,1,3.99
Day,2022-07-12,267,1,3.99
Day,2022-07-12,288,1,3.99
Day,2022-07-12,323,1,3.99
Day,2022-07-12,389,1,3.99
Day,2022-07-12,419,1,3.99
Day,2022-07-12,459,1,3.99
Day,2022-07-12,464,1,3.99
Day,2022-07-12,465,1,3.99
Day,2022-07-12,500,1,3.99
Day,2022-07-12,519,1,3.99
Day,2022-07-26,164,1,3.99
Day,2022-07-26,200,1,3.99
Day,2022-07-26,421,1,3.99
Day,2022-07-26,469,1,3.99
Day,2022-07-27,42,1,3.99
Day,2022-07-27,77,1,3.99
Day,2022-07-27,171,1,3.99
Day,2022-07-27,177,1,3.99
Day,2022-07-27,242,1,3.99
Day,2022-07-27,271,1,3.99
Day,2022-07-27,338,1,3.99
Day,2022-07-27,371,1,3.99
Day,2022-07-27,383,1,3.99
Day,2022-07-27,394,1,3.99
Day,2022-07-27,515,1,3.99
Day,2022-07-27,529,1,3.99
Day,2022-07-28,45,1,3.99
Day,2022-07-28,46,1,3.99
Day,2022-07-28,109,1,3.99
Day,2022-07-28,146,1,3.99
Day,2022-07-28,164,1,3.99
Day,2022-07-28,196,1,3.99
Day,2022-07-28,256,1,3.99
Day,2022-07-28,353,1,3.99
Day,2022-07-28,427,1,3.99
Day,2022-07-28,444,1,3.99
Day,2022-07-28,460,1,3.99
Day,2022-07-28,517,1,3.99
Day,2022-07-28,560,1,3.99
Day,2022-07-29,4,1,3.99
Day,2022-07-29,61,1,3.99
Day,2022-07-29,138,1,3.99
Day,2022-07-29,206,1,3.99
Day,2022-07-29,223,1,3.99
Day,2022-07-29,240,1,3.99
Day,2022-07-29,279,1,3.99
Day,2022-07-29,300,1,3.99
Day,2022-07-29,324,1,3.99
Day,2022-07-29,373,1,3.99
Day,2022-07-29,388,1,3.99
Day,2022-07-29,404,1,3.99
Day,2022-07-29,408,1,3.99
Day,2022-07-29,499,1,3.99
Day,2022-07-29,510,1,3.99
Day,2022-07-29,528,1,3.99
Day,2022-07-29,589,1,3.99
Day,2022-07-30,34,1,3.99
Day,2022-07-30,42,1,3.99
Day,2022-07-30,65,1,3.99
Day,2022-07-30,68,1,3.99
Day,2022-07-30,81,1,3.99
Day,2022-07-30,104,1,3.99
Day,2022-07-30,131,1,3.99
Day,2022-07-30,208,1,3.99
Day,2022-07-30,212,1,3.99
Day,2022-07-30,242,1,3.99
Day,2022-07-30,313,1,3.99
Day,2022-07-30,357,1,3.99
Day,2022-07-30,438,1,3.99
Day,2022-07-30,514,1,3.99
Day,2022-07-30,564,1,3.99
Day,2022-07-30,572,1,3.99
Day,2022-07-30,584,1,3.99
Day,2022-07-31,5,1,3.99
Day,2022-07-31,74,1,3.99
Day,2022-07-31,116,1,3.99
Day,2022-07-31,124,1,3.99
Day,2022-07-31,180,1,3.99
Day,2022-07-31,229,1,3.99
Day,2022-07-31,270,1,3.99
Day,2022-07-31,454,1,3.99
Day,2022-07-31,476,1,3.99
Day,2022-07-31,481,1,3.99
Day,2022-07-31,528,1,3.99
Day,2022-07-31,533,1,3.99
Day,2022-07-31,596,1,3.99
Day,2022-08-01,26,1,3.99
Day,2022-08-01,53,1,3.99
Day,2022-08-01,98,1,3.99
Day,2022-08-01,167,1,3.99
Day,2022-08-01,265,1,3.99
Day,2022-08-01,339,1,3.99
Day,2022-08-01,362,1,3.99
Day,2022-08-01,377,1,3.99
Day,2022-08-01,382,1,3.99
Day,2022-08-01,436,1,3.99
Day,2022-08-01,465,1,3.99
Day,2022-08-01,576,1,3.99
Day,2022-08-01,580,1,3.99
Day,2022-08-02,7,1,3.99
Day,2022-08-02,37,1,3.99
Day,2022-08-02,50,1,3.99
Day,2022-08-02,89,1,3.99
Day,2022-08-02,109,1,3.99
Day,2022-08-02,117,1,3.99
Day,2022-08-02,140,1,3.99
Day,2022-08-02,198,1,3.99
Day,2022-08-02,227,1,3.99
Day,2022-08-02,259,1,3.99
Day,2022-08-02,265,1,3.99
Day,2022-08-02,323,1,3.99
Day,2022-08-02,330,1,3.99
Day,2022-08-02,379,1,3.99
Day,2022-08-02,380,1,3.99
Day,2022-08-02,434,1,3.99
Day,2022-08-02,437,1,3.99
Day,2022-08-02,446,1,3.99
Day,2022-08-02,450,1,3.99
Day,2022-08-02,485,1,3.99
Day,2022-08-02,494,1,3.99
Day,2022-08-02,515,1,3.99
Day,2022-08-02,518,1,3.99
Day,2022-08-02,539,1,3.99
Day,2022-08-02,544,1,3.99
Day,2022-08-02,570,1,3.99
Day,2022-08-02,579,1,3.99
Day,2022-08-16,14,1,3.99
Day,2022-08-16,356,1,3.99
Day,2022-08-16,421,1,3.99
Day,2022-08-16,599,1,3.99
Day,2022-08-17,28,1,3.99
Day,2022-08-17,52,1,3.99
Day,2022-08-17,73,1,3.99
Day,2022-08-17,89,1,3.99
Day,2022-08-17,182,1,3.99
Day,2022-08-17,211,1,3.99
Day,2022-08-17,213,1,3.99
Day,2022-08-17,234,1,3.99
Day,2022-08-17,240,1,3.99
Day,2022-08-17,269,1,3.99
Day,2022-08-17,284,1,3.99
Day,2022-08-17,305,1,3.99
Day,2022-08-17,314,1,3.99
Day,2022-08-17,337,1,3.99
Day,2022-08-17,349,1,3.99
Day,2022-08-17,361,1,3.99
Day,2022-08-17,399,1,3.99
Day,2022-08-17,488,1,3.99
Day,2022-08-17,496,1,3.99
Day,2022-08-17,513,1,3.99
Day,2022-08-17,517,1,3.99
Day,2022-08-17,532,1,3.99
Day,2022-08-17,574,1,3.99
Day,2022-08-18,41,1,3.99
Day,2022-08-18,82,1,3.99
Day,2022-08-18,104,1,3.99
Day,2022-08-18,110,1,3.99
Day,2022-08-18,111,1,3.99
Day,2022-08-18,148,1,3.99
Day,2022-08-18,153,1,3.99
Day,2022-08-18,170,1,3.99
Day,2022-08-18,274,1,3.99
Day,2022-08-18,296,1,3.99
Day,2022-08-18,305,1,3.99
Day,2022-08-18,325,1,3.99
Day,2022-08-18,380,1,3.99
Day,2022-08-18,544,1,3.99
Day,2022-08-19,70,1,3.99
Day,2022-08-19,109,1,3.99
Day,2022-08-19,183,1,3.99
Day,2022-08-19,194,1,3.99
Day,2022-08-19,275,1,3.99
Day,2022-08-19,338,1,3.99
Day,2022-08-19,339,1,3.99
Day,2022-08-19,364,1,3.99
Day,2022-08-19,390,1,3.99
Day,2022-08-19,514,1,3.99
Day,2022-08-19,528,1,3.99
Day,2022-08-19,577,1,3.99
Day,2022-08-20,76,1,3.99
Day,2022-08-20,253,1,3.99
Day,2022-08-20,314,1,3.99
Day,2022-08-20,319,1,3.99
Day,2022-08-20,396,1,3.99
Day,2022-08-20,397,1,3.99
Day,2022-08-20,412,1,3.99
Day,2022-08-20,424,1,3.99
Day,2022-08-20,448,1,3.99
Day,2022-08-20,452,1,3.99
Day,2022-08-20,484,1,3.99
Day,2022-08-20,499,1,3.99
Day,2022-08-20,505,1,3.99
Day,2022-08-20,577,1,3.99
Day,2022-08-20,592,1,3.99
Day,2022-08-21,96,1,3.99
Day,2022-08-21,104,1,3.99
Day,2022-08-21,108,1,3.99
Day,2022-08-21,149,1,3.99
Day,2022-08-21,181,1,3.99
Day,2022-08-21,235,1,3.99
Day,2022-08-21,237,1,3.99
Day,2022-08-21,255,1,3.99
Day,2022-08-21,459,1,3.99
Day,2022-08-21,477,1,3.99
Day,2022-08-21,570,1,3.99
Day,2022-08-22,37,1,3.99
Day,2022-08-22,48,1,3.99
Day,2022-08-22,71,1,3.99
Day,2022-08-22,231,1,3.99
Day,2022-08-22,355,1,3.99
Day,2022-08-22,370,1,3.99
Day,2022-08-22,398,1,3.99
Day,2022-08-22,421,1,3.99
Day,2022-08-22,427,1,3.99
Day,2022-08-22,441,1,3.99
Day,2022-08-22,457,1,3.99
Day,2022-08-22,499,1,3.99
Day,2022-08-23,70,1,3.99
Day,2022-08-23,82,1,3.99
Day,2022-08-23,102,1,3.99
Day,2022-08-23,107,1,3.99
Day,2022-08-23,199,1,3.99
Day,2022-08-23,274,1,3.99
Day,2022-08-23,275,1,3.99
Day,2022-08-23,291,1,3.99
Day,2022-08-23,303,1,3.99
Day,2022-08-23,314,1,3.99
Day,2022-08-23,379,1,3.99
Day,2022-08-23,525,1,3.99
Day,2022-08-23,527,1,3.99
Day,2022-08-23,540,1,3.99
Month,2022-05-01,98,1,3.99
Month,2022-05-01,125,1,3.99
Month,2022-05-01,295,1,3.99
Month,2022-05-01,298,1,3.99
Month,2022-05-01,308,1,3.99
Month,2022-05-01,324,1,3.99
Month,2022-05-01,355,1,3.99
Month,2022-05-01,363,1,3.99
Month,2022-05-01,380,1,3.99
Month,2022-05-01,450,1,3.99
Month,2022-05-01,519,1,3.99
Month,2022-05-01,590,1,3.99
Month,2022-06-01,192,1,3.99
Month,2022-06-01,207,1,3.99
Month,2022-06-01,417,1,3.99
Month,2022-06-01,487,1,3.99
Month,2022-06-01,490,1,3.99
Day,2022-05-31,251,3,11.97
Day,2022-06-15,100,3,11.97
Day,2022-06-17,581,3,11.97
Day,2022-07-06,206,3,11.97
Day,2022-07-07,103,3,11.97
Day,2022-07-07,211,3,11.97
Day,2022-07-07,329,3,11.97
Day,2022-07-07,390,3,11.97
Day,2022-07-07,442,3,11.97
Day,2022-07-08,18,3,11.97
Day,2022-07-08,132,3,11.97
Day,2022-07-08,418,3,11.97
Day,2022-07-09,10,3,11.97
Day,2022-07-09,101,3,11.97
Day,2022-07-10,531,3,11.97
Day,2022-07-11,295,3,11.97
Day,2022-07-11,527,3,11.97
Day,2022-07-12,57,3,11.97
Day,2022-07-12,433,3,11.97
Day,2022-07-27,29,3,11.97
Day,2022-07-27,52,3,11.97
Day,2022-07-27,292,3,11.97
Day,2022-07-27,438,3,11.97
Day,2022-07-27,446,3,11.97
Day,2022-07-27,467,3,11.97
Day,2022-07-27,518,3,11.97
Day,2022-07-28,138,3,11.97
Day,2022-07-28,314,3,11.97
Day,2022-07-28,360,3,11.97
Day,2022-07-29,121,3,11.97
Day,2022-07-29,363,3,11.97
Day,2022-07-29,416,3,11.97
Day,2022-07-30,12,3,11.97
Day,2022-07-30,33,3,11.97
Day,2022-07-30,189,3,11.97
Day,2022-07-30,273,3,11.97
Day,2022-07-30,335,3,11.97
Day,2022-07-30,529,3,11.97
Day,2022-07-30,570,3,11.97
Day,2022-07-31,148,3,11.97
Day,2022-07-31,347,3,11.97
Day,2022-07-31,414,3,11.97
Day,2022-07-31,508,3,11.97
Day,2022-08-01,119,3,11.97
Day,2022-08-01,144,3,11.97
Day,2022-08-01,386,3,11.97
Day,2022-08-02,306,3,11.97
Day,2022-08-17,521,3,11.97
Day,2022-08-18,131,3,11.97
Day,2022-08-18,181,3,11.97
Day,2022-08-18,211,3,11.97
Day,2022-08-18,285,3,11.97
Day,2022-08-19,126,3,11.97
Day,2022-08-19,152,3,11.97
Day,2022-08-19,172,3,11.97
Day,2022-08-19,184,3,11.97
Day,2022-08-19,371,3,11.97
Day,2022-08-20,32,3,11.97
Day,2022-08-20,33,3,11.97
Day,2022-08-20,186,3,11.97
Day,2022-08-21,138,3,11.97
Day,2022-08-22,327,3,11.97
Day,2022-08-22,384,3,11.97
Day,2022-08-22,454,3,11.97
Day,2022-08-23,160,3,11.97
Day,2022-08-23,408,3,11.97
Day,2022-08-23,520,3,11.97
Month,2022-05-01,20,3,11.97
Month,2022-05-01,162,3,11.97
Month,2022-05-01,172,3,11.97
Month,2022-05-01,242,3,11.97
Month,2022-05-01,301,3,11.97
Month,2022-05-01,401,3,11.97
Month,2022-05-01,473,3,11.97
Month,2022-05-01,547,3,11.97
Month,2022-05-01,562,3,11.97
Month,2022-06-01,34,3,11.97
Month,2022-06-01,105,3,11.97
Month,2022-06-01,127,3,11.97
Month,2022-06-01,206,3,11.97
Month,2022-06-01,252,3,11.97
Month,2022-06-01,346,3,11.97
Month,2022-06-01,372,3,11.97
Month,2022-06-01,400,3,11.97
Month,2022-06-01,437,3,11.97
Month,2022-06-01,557,3,11.97
Month,2022-06-01,581,3,11.97
Month,2022-06-01,582,3,11.97
Day,2022-05-25,25,1,7.99
Day,2022-05-25,120,1,7.99
Day,2022-05-25,436,1,7.99
Day,2022-05-26,103,1,7.99
Day,2022-05-26,187,1,7.99
Day,2022-05-26,551,1,7.99
Day,2022-05-27,248,1,7.99
Day,2022-05-27,432,1,7.99
Day,2022-05-28,194,1,7.99
Day,2022-05-28,199,1,7.99
Day,2022-05-28,241,1,7.99
Day,2022-05-28,245,1,7.99
Day,2022-05-28,386,1,7.99
Day,2022-05-28,407,1,7.99
Day,2022-05-28,429,1,7.99
Day,2022-05-28,493,1,7.99
Day,2022-05-28,572,1,7.99
Day,2022-05-29,146,1,7.99
Day,2022-05-29,454,1,7.99
Day,2022-05-29,474,1,7.99
Day,2022-05-29,479,1,7.99
Day,2022-05-30,131,1,7.99
Day,2022-05-30,330,1,7.99
Day,2022-05-30,449,1,7.99
Day,2022-05-30,550,1,7.99
Day,2022-05-31,176,1,7.99
Day,2022-05-31,457,1,7.99
Day,2022-05-31,497,1,7.99
Day,2022-05-31,570,1,7.99
Day,2022-06-14,119,1,7.99
Day,2022-06-15,141,1,7.99
Day,2022-06-15,146,1,7.99
Day,2022-06-15,179,1,7.99
Day,2022-06-15,224,1,7.99
Day,2022-06-15,287,1,7.99
Day,2022-06-15,590,1,7.99
Day,2022-06-16,155,1,7.99
Day,2022-06-16,204,1,7.99
Day,2022-06-16,383,1,7.99
Day,2022-06-16,448,1,7.99
Day,2022-06-16,466,1,7.99
Day,2022-06-16,470,1,7.99
Day,2022-06-16,502,1,7.99
Day,2022-06-17,11,1,7.99
Day,2022-06-17,65,1,7.99
Day,2022-06-17,155,1,7.99
Day,2022-06-17,265,1,7.99
Day,2022-06-17,353,1,7.99
Day,2022-06-17,378,1,7.99
Day,2022-06-17,429,1,7.99
Day,2022-06-18,40,1,7.99
Day,2022-06-18,88,1,7.99
Day,2022-06-18,128,1,7.99
Day,2022-06-18,225,1,7.99
Day,2022-06-18,390,1,7.99
Day,2022-06-18,513,1,7.99
Day,2022-06-18,582,1,7.99
Day,2022-06-19,89,1,7.99
Day,2022-06-19,114,1,7.99
Day,2022-06-19,125,1,7.99
Day,2022-06-19,133,1,7.99
Day,2022-06-19,138,1,7.99
Day,2022-06-19,260,1,7.99
Day,2022-06-19,383,1,7.99
Day,2022-06-19,495,1,7.99
Day,2022-06-19,505,1,7.99
Day,2022-06-20,9,1,7.99
Day,2022-06-20,16,1,7.99
Day,2022-06-20,24,1,7.99
Day,2022-06-20,57,1,7.99
Day,2022-06-20,141,1,7.99
Day,2022-06-20,203,1,7.99
Day,2022-06-20,249,1,7.99
Day,2022-06-20,320,1,7.99
Day,2022-06-20,341,1,7.99
Day,2022-06-20,388,1,7.99
Day,2022-06-20,406,1,7.99
Day,2022-06-20,474,1,7.99
Day,2022-06-20,592,1,7.99
Day,2022-06-21,41,1,7.99
Day,2022-06-21,74,1,7.99
Day,2022-06-21,78,1,7.99
Day,2022-06-21,201,1,7.99
Day,2022-06-21,347,1,7.99
Day,2022-06-21,573,1,7.99
Day,2022-07-05,37,1,7.99
Day,2022-07-05,296,1,7.99
Day,2022-07-05,421,1,7.99
Day,2022-07-05,476,1,7.99
Day,2022-07-05,480,1,7.99
Day,2022-07-06,15,1,7.99
Day,2022-07-06,24,1,7.99
Day,2022-07-06,98,1,7.99
Day,2022-07-06,205,1,7.99
Day,2022-07-06,253,1,7.99
Day,2022-07-06,454,1,7.99
Day,2022-07-07,122,1,7.99
Day,2022-07-07,124,1,7.99
Day,2022-07-07,194,1,7.99
Day,2022-07-07,225,1,7.99
Day,2022-07-07,246,1,7.99
Day,2022-07-07,326,1,7.99
Day,2022-07-07,343,1,7.99
Day,2022-07-07,370,1,7.99
Day,2022-07-07,373,1,7.99
Day,2022-07-07,460,1,7.99
Day,2022-07-07,497,1,7.99
Day,2022-07-07,518,1,7.99
Day,2022-07-07,548,1,7.99
Day,2022-07-08,143,1,7.99
Day,2022-07-08,173,1,7.99
Day,2022-07-08,239,1,7.99
Day,2022-07-08,279,1,7.99
Day,2022-07-08,294,1,7.99
Day,2022-07-08,359,1,7.99
Day,2022-07-08,360,1,7.99
Day,2022-07-08,433,1,7.99
Day,2022-07-08,440,1,7.99
Day,2022-07-08,477,1,7.99
Day,2022-07-08,486,1,7.99
Day,2022-07-08,494,1,7.99
Day,2022-07-09,87,1,7.99
Day,2022-07-09,135,1,7.99
Day,2022-07-09,268,1,7.99
Day,2022-07-09,495,1,7.99
Day,2022-07-09,517,1,7.99
Day,2022-07-09,552,1,7.99
Day,2022-07-10,7,1,7.99
Day,2022-07-10,14,1,7.99
Day,2022-07-10,30,1,7.99
Day,2022-07-10,125,1,7.99
Day,2022-07-10,144,1,7.99
Day,2022-07-10,219,1,7.99
Day,2022-07-10,372,1,7.99
Day,2022-07-10,413,1,7.99
Day,2022-07-10,513,1,7.99
Day,2022-07-10,583,1,7.99
Day,2022-07-11,1,1,7.99
Day,2022-07-11,52,1,7.99
Day,2022-07-11,55,1,7.99
Day,2022-07-11,74,1,7.99
Day,2022-07-11,305,1,7.99
Day,2022-07-11,345,1,7.99
Day,2022-07-11,379,1,7.99
Day,2022-07-11,429,1,7.99
Day,2022-07-11,495,1,7.99
Day,2022-07-11,501,1,7.99
Day,2022-07-11,502,1,7.99
Day,2022-07-11,532,1,7.99
Day,2022-07-11,558,1,7.99
Day,2022-07-12,86,1,7.99
Day,2022-07-12,175,1,7.99
Day,2022-07-12,214,1,7.99
Day,2022-07-12,249,1,7.99
Day,2022-07-12,289,1,7.99
Day,2022-07-12,302,1,7.99
Day,2022-07-12,339,1,7.99
Day,2022-07-12,377,1,7.99
Day,2022-07-12,416,1,7.99
Day,2022-07-12,457,1,7.99
Day,2022-07-12,474,1,7.99
Day,2022-07-12,573,1,7.99
Day,2022-07-26,122,1,7.99
Day,2022-07-26,427,1,7.99
Day,2022-07-27,23,1,7.99
Day,2022-07-27,89,1,7.99
Day,2022-07-27,227,1,7.99
Day,2022-07-27,249,1,7.99
Day,2022-07-27,272,1,7.99
Day,2022-07-27,365,1,7.99
Day,2022-07-27,479,1,7.99
Day,2022-07-27,528,1,7.99
Day,2022-07-27,549,1,7.99
Day,2022-07-27,581,1,7.99
Day,2022-07-28,22,1,7.99
Day,2022-07-28,87,1,7.99
Day,2022-07-28,153,1,7.99
Day,2022-07-28,170,1,7.99
Day,2022-07-28,254,1,7.99
Day,2022-07-28,260,1,7.99
Day,2022-07-29,154,1,7.99
Day,2022-07-29,192,1,7.99
Day,2022-07-29,374,1,7.99
Day,2022-07-29,398,1,7.99
Day,2022-07-29,402,1,7.99
Day,2022-07-29,583,1,7.99
Day,2022-07-30,48,1,7.99
Day,2022-07-30,85,1,7.99
Day,2022-07-30,141,1,7.99
Day,2022-07-30,165,1,7.99
Day,2022-07-30,192,1,7.99
Day,2022-07-30,194,1,7.99
Day,2022-07-30,310,1,7.99
Day,2022-07-30,334,1,7.99
Day,2022-07-30,338,1,7.99
Day,2022-07-30,463,1,7.99
Day,2022-07-30,475,1,7.99
Day,2022-07-31,7,1,7.99
Day,2022-07-31,48,1,7.99
Day,2022-07-31,53,1,7.99
Day,2022-07-31,67,1,7.99
Day,2022-07-31,90,1,7.99
Day,2022-07-31,106,1,7.99
Day,2022-07-31,223,1,7.99
Day,2022-07-31,238,1,7.99
Day,2022-07-31,291,1,7.99
Day,2022-07-31,308,1,7.99
Day,2022-07-31,391,1,7.99
Day,2022-07-31,561,1,7.99
Day,2022-08-01,149,1,7.99
Day,2022-08-01,166,1,7.99
Day,2022-08-01,240,1,7.99
Day,2022-08-01,251,1,7.99
Day,2022-08-01,289,1,7.99
Day,2022-08-01,316,1,7.99
Day,2022-08-01,490,1,7.99
Day,2022-08-01,497,1,7.99
Day,2022-08-01,510,1,7.99
Day,2022-08-01,567,1,7.99
Day,2022-08-01,578,1,7.99
Day,2022-08-02,76,1,7.99
Day,2022-08-02,125,1,7.99
Day,2022-08-02,204,1,7.99
Day,2022-08-02,268,1,7.99
Day,2022-08-02,307,1,7.99
Day,2022-08-02,313,1,7.99
Day,2022-08-02,334,1,7.99
Day,2022-08-02,373,1,7.99
Day,2022-08-02,405,1,7.99
Day,2022-08-02,490,1,7.99
Day,2022-08-02,560,1,7.99
Day,2022-08-02,578,1,7.99
Day,2022-08-02,582,1,7.99
Day,2022-08-16,7,1,7.99
Day,2022-08-16,144,1,7.99
Day,2022-08-16,373,1,7.99
Day,2022-08-16,499,1,7.99
Day,2022-08-16,533,1,7.99
Day,2022-08-17,15,1,7.99
Day,2022-08-17,106,1,7.99
Day,2022-08-17,110,1,7.99
Day,2022-08-17,135,1,7.99
Day,2022-08-17,212,1,7.99
Day,2022-08-17,216,1,7.99
Day,2022-08-17,302,1,7.99
Day,2022-08-17,463,1,7.99
Day,2022-08-17,466,1,7.99
Day,2022-08-18,60,1,7.99
Day,2022-08-18,134,1,7.99
Day,2022-08-18,242,1,7.99
Day,2022-08-18,245,1,7.99
Day,2022-08-18,255,1,7.99
Day,2022-08-18,306,1,7.99
Day,2022-08-18,434,1,7.99
Day,2022-08-18,487,1,7.99
Day,2022-08-18,519,1,7.99
Day,2022-08-18,589,1,7.99
Day,2022-08-19,33,1,7.99
Day,2022-08-19,39,1,7.99
Day,2022-08-19,50,1,7.99
Day,2022-08-19,103,1,7.99
Day,2022-08-19,285,1,7.99
Day,2022-08-20,71,1,7.99
Day,2022-08-20,95,1,7.99
Day,2022-08-20,163,1,7.99
Day,2022-08-20,176,1,7.99
Day,2022-08-20,358,1,7.99
Day,2022-08-20,360,1,7.99
Day,2022-08-20,462,1,7.99
Day,2022-08-20,487,1,7.99
Day,2022-08-20,519,1,7.99
Day,2022-08-21,9,1,7.99
Day,2022-08-21,41,1,7.99
Day,2022-08-21,42,1,7.99
Day,2022-08-21,137,1,7.99
Day,2022-08-21,195,1,7.99
Day,2022-08-21,296,1,7.99
Day,2022-08-21,368,1,7.99
Day,2022-08-22,8,1,7.99
Day,2022-08-22,22,1,7.99
Day,2022-08-22,109,1,7.99
Day,2022-08-22,123,1,7.99
Day,2022-08-22,223,1,7.99
Day,2022-08-22,334,1,7.99
Day,2022-08-22,348,1,7.99
Day,2022-08-22,396,1,7.99
Day,2022-08-22,449,1,7.99
Day,2022-08-22,536,1,7.99
Day,2022-08-23,26,1,7.99
Day,2022-08-23,56,1,7.99
Day,2022-08-23,90,1,7.99
Day,2022-08-23,98,1,7.99
Day,2022-08-23,144,1,7.99
Day,2022-08-23,170,1,7.99
Day,2022-08-23,263,1,7.99
Day,2022-08-23,296,1,7.99
Day,2022-08-23,382,1,7.99
Day,2022-08-23,461,1,7.99
Day,2022-08-23,466,1,7.99
Day,2022-08-23,499,1,7.99
Month,2022-05-01,187,1,7.99
Month,2022-05-01,199,1,7.99
Month,2022-05-01,386,1,7.99
Month,2022-05-01,407,1,7.99
Month,2022-05-01,454,1,7.99
Month,2022-05-01,457,1,7.99
Month,2022-05-01,474,1,7.99
Month,2022-05-01,493,1,7.99
Month,2022-05-01,497,1,7.99
Month,2022-05-01,550,1,7.99
Month,2022-05-01,570,1,7.99
Month,2022-05-01,572,1,7.99
Month,2022-06-01,225,1,7.99
Day,2022-02-14,21,1,2.99
Day,2022-02-14,23,1,2.99
Day,2022-02-14,28,1,2.99
Day,2022-02-14,41,1,2.99
Day,2022-02-14,73,1,2.99
Day,2022-02-14,80,1,2.99
Day,2022-02-14,111,1,2.99
Day,2022-02-14,115,1,2.99
Day,2022-02-14,181,1,2.99
Day,2022-02-14,186,1,2.99
Day,2022-02-14,188,1,2.99
Day,2022-02-14,193,1,2.99
Day,2022-02-14,199,1,2.99
Day,2022-02-14,200,1,2.99
Day,2022-02-14,213,1,2.99
Day,2022-02-14,214,1,2.99
Day,2022-02-14,245,1,2.99
Day,2022-02-14,264,1,2.99
Day,2022-02-14,296,1,2.99
Day,2022-02-14,315,1,2.99
Day,2022-02-14,324,1,2.99
Day,2022-02-14,327,1,2.99
Day,2022-02-14,330,1,2.99
Day,2022-02-14,349,1,2.99
Day,2022-02-14,352,1,2.99
Day,2022-02-14,374,1,2.99
Day,2022-02-14,410,1,2.99
Day,2022-02-14,417,1,2.99
Day,2022-02-14,422,1,2.99
Day,2022-02-14,431,1,2.99
Day,2022-02-14,493,1,2.99
Day,2022-02-14,496,1,2.99
Day,2022-02-14,525,1,2.99
Day,2022-02-14,527,1,2.99
Day,2022-02-14,530,1,2.99
Day,2022-02-14,533,1,2.99
Day,2022-02-14,534,1,2.99
Day,2022-02-14,550,1,2.99
Day,2022-02-14,568,1,2.99
Day,2022-02-14,582,1,2.99
Day,2022-02-14,590,1,2.99
Day,2022-05-24,130,1,2.99
Day,2022-05-24,459,1,2.99
Day,2022-05-25,1,1,2.99
Day,2022-05-25,73,1,2.99
Day,2022-05-25,82,1,2.99
Day,2022-05-25,88,1,2.99
Day,2022-05-25,89,1,2.99
Day,2022-05-25,93,1,2.99
Day,2022-05-25,94,1,2.99
Day,2022-05-25,197,1,2.99
Day,2022-05-25,242,1,2.99
Day,2022-05-25,257,1,2.99
Day,2022-05-25,274,1,2.99
Day,2022-05-25,305,1,2.99
Day,2022-05-25,357,1,2.99
Day,2022-05-25,405,1,2.99
Day,2022-05-25,419,1,2.99
Day,2022-05-25,430,1,2.99
Day,2022-05-25,439,1,2.99
Day,2022-05-25,470,1,2.99
Day,2022-05-25,492,1,2.99
Day,2022-05-25,498,1,2.99
Day,2022-05-25,499,1,2.99
Day,2022-05-25,511,1,2.99
Day,2022-05-25,532,1,2.99
Day,2022-05-25,560,1,2.99
Day,2022-05-25,575,1,2.99
Day,2022-05-25,597,1,2.99
Day,2022-05-26,17,1,2.99
Day,2022-05-26,20,1,2.99
Day,2022-05-26,33,1,2.99
Day,2022-05-26,45,1,2.99
Day,2022-05-26,48,1,2.99
Day,2022-05-26,77,1,2.99
Day,2022-05-26,144,1,2.99
Day,2022-05-26,167,1,2.99
Day,2022-05-26,170,1,2.99
Day,2022-05-26,184,1,2.99
Day,2022-05-26,193,1,2.99
Day,2022-05-26,236,1,2.99
Day,2022-05-26,240,1,2.99
Day,2022-05-26,254,1,2.99
Day,2022-05-26,257,1,2.99
Day,2022-05-26,290,1,2.99
Day,2022-05-26,344,1,2.99
Day,2022-05-26,384,1,2.99
Day,2022-05-26,429,1,2.99
Day,2022-05-26,437,1,2.99
Day,2022-05-26,462,1,2.99
Day,2022-05-26,472,1,2.99
Day,2022-05-26,502,1,2.99
Day,2022-05-26,505,1,2.99
Day,2022-05-27,19,1,2.99
Day,2022-05-27,28,1,2.99
Day,2022-05-27,44,1,2.99
Day,2022-05-27,53,1,2.99
Day,2022-05-27,133,1,2.99
Day,2022-05-27,144,1,2.99
Day,2022-05-27,159,1,2.99
Day,2022-05-27,167,1,2.99
Day,2022-05-27,196,1,2.99
Day,2022-05-27,197,1,2.99
Day,2022-05-27,236,1,2.99
Day,2022-05-27,239,1,2.99
Day,2022-05-27,240,1,2.99
Day,2022-05-27,251,1,2.99
Day,2022-05-27,275,1,2.99
Day,2022-05-27,319,1,2.99
Day,2022-05-27,359,1,2.99
Day,2022-05-27,381,1,2.99
Day,2022-05-27,382,1,2.99
Day,2022-05-27,403,1,2.99
Day,2022-05-27,445,1,2.99
Day,2022-05-27,447,1,2.99
Day,2022-05-27,451,1,2.99
Day,2022-05-27,452,1,2.99
Day,2022-05-27,491,1,2.99
Day,2022-05-27,508,1,2.99
Day,2022-05-27,529,1,2.99
Day,2022-05-27,544,1,2.99
Day,2022-05-28,6,1,2.99
Day,2022-05-28,16,1,2.99
Day,2022-05-28,17,1,2.99
Day,2022-05-28,19,1,2.99
Day,2022-05-28,23,1,2.99
Day,2022-05-28,87,1,2.99
Day,2022-05-28,111,1,2.99
Day,2022-05-28,138,1,2.99
Day,2022-05-28,150,1,2.99
Day,2022-05-28,155,1,2.99
Day,2022-05-28,223,1,2.99
Day,2022-05-28,266,1,2.99
Day,2022-05-28,281,1,2.99
Day,2022-05-28,382,1,2.99
Day,2022-05-28,408,1,2.99
Day,2022-05-28,471,1,2.99
Day,2022-05-28,482,1,2.99
Day,2022-05-28,484,1,2.99
Day,2022-05-28,489,1,2.99
Day,2022-05-28,503,1,2.99
Day,2022-05-28,505,1,2.99
Day,2022-05-28,531,1,2.99
Day,2022-05-28,535,1,2.99
Day,2022-05-28,538,1,2.99
Day,2022-05-28,554,1,2.99
Day,2022-05-28,588,1,2.99
Day,2022-05-29,3,1,2.99
Day,2022-05-29,7,1,2.99
Day,2022-05-29,19,1,2.99
Day,2022-05-29,26,1,2.99
Day,2022-05-29,27,1,2.99
Day,2022-05-29,67,1,2.99
Day,2022-05-29,112,1,2.99
Day,2022-05-29,130,1,2.99
Day,2022-05-29,190,1,2.99
Day,2022-05-29,217,1,2.99
Day,2022-05-29,235,1,2.99
Day,2022-05-29,238,1,2.99
Day,2022-05-29,257,1,2.99
Day,2022-05-29,281,1,2.99
Day,2022-05-29,323,1,2.99
Day,2022-05-29,352,1,2.99
Day,2022-05-29,368,1,2.99
Day,2022-05-29,381,1,2.99
Day,2022-05-29,476,1,2.99
Day,2022-05-29,484,1,2.99
Day,2022-05-29,498,1,2.99
Day,2022-05-29,518,1,2.99
Day,2022-05-29,554,1,2.99
Day,2022-05-29,562,1,2.99
Day,2022-05-29,573,1,2.99
Day,2022-05-29,576,1,2.99
Day,2022-05-29,593,1,2.99
Day,2022-05-30,28,1,2.99
Day,2022-05-30,37,1,2.99
Day,2022-05-30,44,1,2.99
Day,2022-05-30,46,1,2.99
Day,2022-05-30,49,1,2.99
Day,2022-05-30,59,1,2.99
Day,2022-05-30,60,1,2.99
Day,2022-05-30,64,1,2.99
Day,2022-05-30,114,1,2.99
Day,2022-05-30,123,1,2.99
Day,2022-05-30,137,1,2.99
Day,2022-05-30,141,1,2.99
Day,2022-05-30,198,1,2.99
Day,2022-05-30,210,1,2.99
Day,2022-05-30,222,1,2.99
Day,2022-05-30,253,1,2.99
Day,2022-05-30,256,1,2.99
Day,2022-05-30,259,1,2.99
Day,2022-05-30,279,1,2.99
Day,2022-05-30,287,1,2.99
Day,2022-05-30,303,1,2.99
Day,2022-05-30,304,1,2.99
Day,2022-05-30,328,1,2.99
Day,2022-05-30,331,1,2.99
Day,2022-05-30,368,1,2.99
Day,2022-05-30,375,1,2.99
Day,2022-05-30,385,1,2.99
Day,2022-05-30,394,1,2.99
Day,2022-05-30,445,1,2.99
Day,2022-05-30,477,1,2.99
Day,2022-05-30,508,1,2.99
Day,2022-05-30,544,1,2.99
Day,2022-05-30,562,1,2.99
Day,2022-05-30,564,1,2.99
Day,2022-05-31,16,1,2.99
Day,2022-05-31,25,1,2.99
Day,2022-05-31,26,1,2.99
Day,2022-05-31,53,1,2.99
Day,2022-05-31,115,1,2.99
Day,2022-05-31,128,1,2.99
Day,2022-05-31,136,1,2.99
Day,2022-05-31,180,1,2.99
Day,2022-05-31,209,1,2.99
Day,2022-05-31,236,1,2.99
Day,2022-05-31,250,1,2.99
Day,2022-05-31,269,1,2.99
Day,2022-05-31,291,1,2.99
Day,2022-05-31,367,1,2.99
Day,2022-05-31,384,1,2.99
Day,2022-05-31,416,1,2.99
Day,2022-05-31,431,1,2.99
Day,2022-05-31,448,1,2.99
Day,2022-05-31,451,1,2.99
Day,2022-05-31,466,1,2.99
Day,2022-05-31,469,1,2.99
Day,2022-05-31,485,1,2.99
Day,2022-05-31,526,1,2.99
Day,2022-06-14,95,1,2.99
Day,2022-06-14,139,1,2.99
Day,2022-06-14,191,1,2.99
Day,2022-06-14,197,1,2.99
Day,2022-06-14,210,1,2.99
Day,2022-06-14,279,1,2.99
Day,2022-06-14,329,1,2.99
Day,2022-06-14,416,1,2.99
Day,2022-06-14,481,1,2.99
Day,2022-06-14,595,1,2.99
Day,2022-06-15,8,1,2.99
Day,2022-06-15,28,1,2.99
Day,2022-06-15,38,1,2.99
Day,2022-06-15,50,1,2.99
Day,2022-06-15,59,1,2.99
Day,2022-06-15,66,1,2.99
Day,2022-06-15,88,1,2.99
Day,2022-06-15,102,1,2.99
Day,2022-06-15,107,1,2.99
Day,2022-06-15,125,1,2.99
Day,2022-06-15,149,1,2.99
Day,2022-06-15,166,1,2.99
Day,2022-06-15,173,1,2.99
Day,2022-06-15,188,1,2.99
Day,2022-06-15,196,1,2.99
Day,2022-06-15,204,1,2.99
Day,2022-06-15,217,1,2.99
Day,2022-06-15,218,1,2.99
Day,2022-06-15,238,1,2.99
Day,2022-06-15,245,1,2.99
Day,2022-06-15,277,1,2.99
Day,2022-06-15,291,1,2.99
Day,2022-06-15,295,1,2.99
Day,2022-06-15,302,1,2.99
Day,2022-06-15,310,1,2.99
Day,2022-06-15,313,1,2.99
Day,2022-06-15,322,1,2.99
Day,2022-06-15,331,1,2.99
Day,2022-06-15,336,1,2.99
Day,2022-06-15,353,1,2.99
Day,2022-06-15,358,1,2.99
Day,2022-06-15,398,1,2.99
Day,2022-06-15,404,1,2.99
Day,2022-06-15,410,1,2.99
Day,2022-06-15,456,1,2.99
Day,2022-06-15,463,1,2.99
Day,2022-06-15,465,1,2.99
Day,2022-06-15,468,1,2.99
Day,2022-06-15,509,1,2.99
Day,2022-06-15,527,1,2.99
Day,2022-06-15,537,1,2.99
Day,2022-06-15,575,1,2.99
Day,2022-06-15,586,1,2.99
Day,2022-06-15,587,1,2.99
Day,2022-06-16,5,1,2.99
Day,2022-06-16,24,1,2.99
Day,2022-06-16,27,1,2.99
Day,2022-06-16,55,1,2.99
Day,2022-06-16,69,1,2.99
Day,2022-06-16,109,1,2.99
Day,2022-06-16,117,1,2.99
Day,2022-06-16,127,1,2.99
Day,2022-06-16,130,1,2.99
Day,2022-06-16,139,1,2.99
Day,2022-06-16,149,1,2.99
Day,2022-06-16,181,1,2.99
Day,2022-06-16,186,1,2.99
Day,2022-06-16,191,1,2.99
Day,2022-06-16,203,1,2.99
Day,2022-06-16,212,1,2.99
Day,2022-06-16,227,1,2.99
Day,2022-06-16,249,1,2.99
Day,2022-06-16,255,1,2.99
Day,2022-06-16,256,1,2.99
Day,2022-06-16,258,1,2.99
Day,2022-06-16,261,1,2.99
Day,2022-06-16,262,1,2.99
Day,2022-06-16,271,1,2.99
Day,2022-06-16,277,1,2.99
Day,2022-06-16,287,1,2.99
Day,2022-06-16,315,1,2.99
Day,2022-06-16,319,1,2.99
Day,2022-06-16,323,1,2.99
Day,2022-06-16,328,1,2.99
Day,2022-06-16,333,1,2.99
Day,2022-06-16,348,1,2.99
Day,2022-06-16,355,1,2.99
Day,2022-06-16,362,1,2.99
Day,2022-06-16,364,1,2.99
Day,2022-06-16,385,1,2.99
Day,2022-06-16,392,1,2.99
Day,2022-06-16,407,1,2.99
Day,2022-06-16,431,1,2.99
Day,2022-06-16,432,1,2.99
Day,2022-06-16,494,1,2.99
Day,2022-06-16,498,1,2.99
Day,2022-06-16,513,1,2.99
Day,2022-06-16,525,1,2.99
Day,2022-06-16,564,1,2.99
Day,2022-06-16,570,1,2.99
Day,2022-06-16,575,1,2.99
Day,2022-06-16,576,1,2.99
Day,2022-06-16,582,1,2.99
Day,2022-06-17,2,1,2.99
Day,2022-06-17,13,1,2.99
Day,2022-06-17,35,1,2.99
Day,2022-06-17,45,1,2.99
Day,2022-06-17,55,1,2.99
Day,2022-06-17,64,1,2.99
Day,2022-06-17,71,1,2.99
Day,2022-06-17,87,1,2.99
Day,2022-06-17,97,1,2.99
Day,2022-06-17,112,1,2.99
Day,2022-06-17,114,1,2.99
Day,2022-06-17,119,1,2.99
Day,2022-06-17,136,1,2.99
Day,2022-06-17,146,1,2.99
Day,2022-06-17,161,1,2.99
Day,2022-06-17,184,1,2.99
Day,2022-06-17,199,1,2.99
Day,2022-06-17,214,1,2.99
Day,2022-06-17,215,1,2.99
Day,2022-06-17,233,1,2.99
Day,2022-06-17,245,1,2.99
Day,2022-06-17,246,1,2.99
Day,2022-06-17,269,1,2.99
Day,2022-06-17,297,1,2.99
Day,2022-06-17,390,1,2.99
Day,2022-06-17,410,1,2.99
Day,2022-06-17,450,1,2.99
Day,2022-06-17,455,1,2.99
Day,2022-06-17,468,1,2.99
Day,2022-06-17,471,1,2.99
Day,2022-06-17,473,1,2.99
Day,2022-06-17,495,1,2.99
Day,2022-06-17,519,1,2.99
Day,2022-06-17,530,1,2.99
Day,2022-06-17,536,1,2.99
Day,2022-06-17,541,1,2.99
Day,2022-06-17,545,1,2.99
Day,2022-06-17,549,1,2.99
Day,2022-06-17,594,1,2.99
Day,2022-06-18,7,1,2.99
Day,2022-06-18,15,1,2.99
Day,2022-06-18,27,1,2.99
Day,2022-06-18,44,1,2.99
Day,2022-06-18,46,1,2.99
Day,2022-06-18,53,1,2.99
Day,2022-06-18,78,1,2.99
Day,2022-06-18,99,1,2.99
Day,2022-06-18,108,1,2.99
Day,2022-06-18,113,1,2.99
Day,2022-06-18,130,1,2.99
Day,2022-06-18,151,1,2.99
Day,2022-06-18,177,1,2.99
Day,2022-06-18,204,1,2.99
Day,2022-06-18,224,1,2.99
Day,2022-06-18,237,1,2.99
Day,2022-06-18,267,1,2.99
Day,2022-06-18,283,1,2.99
Day,2022-06-18,291,1,2.99
Day,2022-06-18,329,1,2.99
Day,2022-06-18,364,1,2.99
Day,2022-06-18,365,1,2.99
Day,2022-06-18,372,1,2.99
Day,2022-06-18,392,1,2.99
Day,2022-06-18,421,1,2.99
Day,2022-06-18,426,1,2.99
Day,2022-06-18,454,1,2.99
Day,2022-06-18,479,1,2.99
Day,2022-06-18,503,1,2.99
Day,2022-06-18,512,1,2.99
Day,2022-06-18,536,1,2.99
Day,2022-06-18,537,1,2.99
Day,2022-06-18,543,1,2.99
Day,2022-06-18,548,1,2.99
Day,2022-06-18,571,1,2.99
Day,2022-06-18,590,1,2.99
Day,2022-06-19,3,1,2.99
Day,2022-06-19,5,1,2.99
Day,2022-06-19,30,1,2.99
Day,2022-06-19,35,1,2.99
Day,2022-06-19,52,1,2.99
Day,2022-06-19,113,1,2.99
Day,2022-06-19,123,1,2.99
Day,2022-06-19,130,1,2.99
Day,2022-06-19,132,1,2.99
Day,2022-06-19,137,1,2.99
Day,2022-06-19,147,1,2.99
Day,2022-06-19,160,1,2.99
Day,2022-06-19,164,1,2.99
Day,2022-06-19,173,1,2.99
Day,2022-06-19,191,1,2.99
Day,2022-06-19,214,1,2.99
Day,2022-06-19,228,1,2.99
Day,2022-06-19,241,1,2.99
Day,2022-06-19,268,1,2.99
Day,2022-06-19,310,1,2.99
Day,2022-06-19,324,1,2.99
Day,2022-06-19,325,1,2.99
Day,2022-06-19,329,1,2.99
Day,2022-06-19,341,1,2.99
Day,2022-06-19,351,1,2.99
Day,2022-06-19,374,1,2.99
Day,2022-06-19,391,1,2.99
Day,2022-06-19,418,1,2.99
Day,2022-06-19,419,1,2.99
Day,2022-06-19,428,1,2.99
Day,2022-06-19,431,1,2.99
Day,2022-06-19,437,1,2.99
Day,2022-06-19,439,1,2.99
Day,2022-06-19,443,1,2.99
Day,2022-06-19,450,1,2.99
Day,2022-06-19,456,1,2.99
Day,2022-06-19,496,1,2.99
Day,2022-06-19,517,1,2.99
Day,2022-06-19,526,1,2.99
Day,2022-06-19,527,1,2.99
Day,2022-06-19,540,1,2.99
Day,2022-06-19,590,1,2.99
Day,2022-06-20,12,1,2.99
Day,2022-06-20,29,1,2.99
Day,2022-06-20,77,1,2.99
Day,2022-06-20,88,1,2.99
Day,2022-06-20,95,1,2.99
Day,2022-06-20,111,1,2.99
Day,2022-06-20,112,1,2.99
Day,2022-06-20,120,1,2.99
Day,2022-06-20,135,1,2.99
Day,2022-06-20,165,1,2.99
Day,2022-06-20,193,1,2.99
Day,2022-06-20,228,1,2.99
Day,2022-06-20,237,1,2.99
Day,2022-06-20,238,1,2.99
Day,2022-06-20,245,1,2.99
Day,2022-06-20,291,1,2.99
Day,2022-06-20,293,1,2.99
Day,2022-06-20,294,1,2.99
Day,2022-06-20,300,1,2.99
Day,2022-06-20,301,1,2.99
Day,2022-06-20,317,1,2.99
Day,2022-06-20,354,1,2.99
Day,2022-06-20,362,1,2.99
Day,2022-06-20,373,1,2.99
Day,2022-06-20,379,1,2.99
Day,2022-06-20,383,1,2.99
Day,2022-06-20,391,1,2.99
Day,2022-06-20,393,1,2.99
Day,2022-06-20,402,1,2.99
Day,2022-06-20,404,1,2.99
Day,2022-06-20,439,1,2.99
Day,2022-06-20,449,1,2.99
Day,2022-06-20,464,1,2.99
Day,2022-06-20,482,1,2.99
Day,2022-06-20,500,1,2.99
Day,2022-06-20,514,1,2.99
Day,2022-06-20,531,1,2.99
Day,2022-06-20,538,1,2.99
Day,2022-06-20,550,1,2.99
Day,2022-06-20,567,1,2.99
Day,2022-06-20,570,1,2.99
Day,2022-06-20,579,1,2.99
Day,2022-06-20,589,1,2.99
Day,2022-06-20,598,1,2.99
Day,2022-06-21,19,1,2.99
Day,2022-06-21,22,1,2.99
Day,2022-06-21,23,1,2.99
Day,2022-06-21,29,1,2.99
Day,2022-06-21,91,1,2.99
Day,2022-06-21,104,1,2.99
Day,2022-06-21,111,1,2.99
Day,2022-06-21,117,1,2.99
Day,2022-06-21,126,1,2.99
Day,2022-06-21,142,1,2.99
Day,2022-06-21,144,1,2.99
Day,2022-06-21,151,1,2.99
Day,2022-06-21,169,1,2.99
Day,2022-06-21,187,1,2.99
Day,2022-06-21,189,1,2.99
Day,2022-06-21,203,1,2.99
Day,2022-06-21,216,1,2.99
Day,2022-06-21,255,1,2.99
Day,2022-06-21,275,1,2.99
Day,2022-06-21,278,1,2.99
Day,2022-06-21,292,1,2.99
Day,2022-06-21,294,1,2.99
Day,2022-06-21,358,1,2.99
Day,2022-06-21,361,1,2.99
Day,2022-06-21,362,1,2.99
Day,2022-06-21,363,1,2.99
Day,2022-06-21,381,1,2.99
Day,2022-06-21,386,1,2.99
Day,2022-06-21,412,1,2.99
Day,2022-06-21,415,1,2.99
Day,2022-06-21,429,1,2.99
Day,2022-06-21,437,1,2.99
Day,2022-06-21,476,1,2.99
Day,2022-06-21,516,1,2.99
Day,2022-06-21,524,1,2.99
Day,2022-06-21,578,1,2.99
Day,2022-07-05,32,1,2.99
Day,2022-07-05,60,1,2.99
Day,2022-07-05,131,1,2.99
Day,2022-07-05,138,1,2.99
Day,2022-07-05,142,1,2.99
Day,2022-07-05,182,1,2.99
Day,2022-07-05,209,1,2.99
Day,2022-07-05,459,1,2.99
Day,2022-07-06,13,1,2.99
Day,2022-07-06,14,1,2.99
Day,2022-07-06,34,1,2.99
Day,2022-07-06,35,1,2.99
Day,2022-07-06,41,1,2.99
Day,2022-07-06,60,1,2.99
Day,2022-07-06,62,1,2.99
Day,2022-07-06,81,1,2.99
Day,2022-07-06,82,1,2.99
Day,2022-07-06,114,1,2.99
Day,2022-07-06,168,1,2.99
Day,2022-07-06,183,1,2.99
Day,2022-07-06,192,1,2.99
Day,2022-07-06,198,1,2.99
Day,2022-07-06,208,1,2.99
Day,2022-07-06,245,1,2.99
Day,2022-07-06,247,1,2.99
Day,2022-07-06,265,1,2.99
Day,2022-07-06,267,1,2.99
Day,2022-07-06,273,1,2.99
Day,2022-07-06,276,1,2.99
Day,2022-07-06,278,1,2.99
Day,2022-07-06,289,1,2.99
Day,2022-07-06,296,1,2.99
Day,2022-07-06,298,1,2.99
Day,2022-07-06,329,1,2.99
Day,2022-07-06,338,1,2.99
Day,2022-07-06,339,1,2.99
Day,2022-07-06,351,1,2.99
Day,2022-07-06,354,1,2.99
Day,2022-07-06,369,1,2.99
Day,2022-07-06,376,1,2.99
Day,2022-07-06,377,1,2.99
Day,2022-07-06,390,1,2.99
Day,2022-07-06,392,1,2.99
Day,2022-07-06,404,1,2.99
Day,2022-07-06,411,1,2.99
Day,2022-07-06,482,1,2.99
Day,2022-07-06,489,1,2.99
Day,2022-07-06,495,1,2.99
Day,2022-07-06,497,1,2.99
Day,2022-07-06,502,1,2.99
Day,2022-07-06,530,1,2.99
Day,2022-07-06,534,1,2.99
Day,2022-07-06,565,1,2.99
Day,2022-07-06,571,1,2.99
Day,2022-07-06,593,1,2.99
Day,2022-07-07,6,1,2.99
Day,2022-07-07,7,1,2.99
Day,2022-07-07,9,1,2.99
Day,2022-07-07,20,1,2.99
Day,2022-07-07,22,1,2.99
Day,2022-07-07,24,1,2.99
Day,2022-07-07,30,1,2.99
Day,2022-07-07,32,1,2.99
Day,2022-07-07,42,1,2.99
Day,2022-07-07,48,1,2.99
Day,2022-07-07,50,1,2.99
Day,2022-07-07,73,1,2.99
Day,2022-07-07,75,1,2.99
Day,2022-07-07,86,1,2.99
Day,2022-07-07,92,1,2.99
Day,2022-07-07,100,1,2.99
Day,2022-07-07,110,1,2.99
Day,2022-07-07,113,1,2.99
Day,2022-07-07,129,1,2.99
Day,2022-07-07,151,1,2.99
Day,2022-07-07,156,1,2.99
Day,2022-07-07,188,1,2.99
Day,2022-07-07,190,1,2.99
Day,2022-07-07,203,1,2.99
Day,2022-07-07,207,1,2.99
Day,2022-07-07,216,1,2.99
Day,2022-07-07,229,1,2.99
Day,2022-07-07,258,1,2.99
Day,2022-07-07,274,1,2.99
Day,2022-07-07,284,1,2.99
Day,2022-07-07,298,1,2.99
Day,2022-07-07,315,1,2.99
Day,2022-07-07,316,1,2.99
Day,2022-07-07,320,1,2.99
Day,2022-07-07,340,1,2.99
Day,2022-07-07,349,1,2.99
Day,2022-07-07,366,1,2.99
Day,2022-07-07,393,1,2.99
Day,2022-07-07,402,1,2.99
Day,2022-07-07,422,1,2.99
Day,2022-07-07,434,1,2.99
Day,2022-07-07,440,1,2.99
Day,2022-07-07,455,1,2.99
Day,2022-07-07,471,1,2.99
Day,2022-07-07,481,1,2.99
Day,2022-07-07,490,1,2.99
Day,2022-07-07,520,1,2.99
Day,2022-07-07,532,1,2.99
Day,2022-07-07,536,1,2.99
Day,2022-07-07,565,1,2.99
Day,2022-07-07,568,1,2.99
Day,2022-07-08,5,1,2.99
Day,2022-07-08,23,1,2.99
Day,2022-07-08,30,1,2.99
Day,2022-07-08,43,1,2.99
Day,2022-07-08,85,1,2.99
Day,2022-07-08,93,1,2.99
Day,2022-07-08,101,1,2.99
Day,2022-07-08,124,1,2.99
Day,2022-07-08,145,1,2.99
Day,2022-07-08,161,1,2.99
Day,2022-07-08,162,1,2.99
Day,2022-07-08,165,1,2.99
Day,2022-07-08,168,1,2.99
Day,2022-07-08,178,1,2.99
Day,2022-07-08,179,1,2.99
Day,2022-07-08,196,1,2.99
Day,2022-07-08,211,1,2.99
Day,2022-07-08,220,1,2.99
Day,2022-07-08,224,1,2.99
Day,2022-07-08,227,1,2.99
Day,2022-07-08,235,1,2.99
Day,2022-07-08,251,1,2.99
Day,2022-07-08,271,1,2.99
Day,2022-07-08,274,1,2.99
Day,2022-07-08,305,1,2.99
Day,2022-07-08,313,1,2.99
Day,2022-07-08,329,1,2.99
Day,2022-07-08,336,1,2.99
Day,2022-07-08,341,1,2.99
Day,2022-07-08,350,1,2.99
Day,2022-07-08,354,1,2.99
Day,2022-07-08,379,1,2.99
Day,2022-07-08,423,1,2.99
Day,2022-07-08,458,1,2.99
Day,2022-07-08,459,1,2.99
Day,2022-07-08,461,1,2.99
Day,2022-07-08,485,1,2.99
Day,2022-07-08,487,1,2.99
Day,2022-07-08,498,1,2.99
Day,2022-07-08,501,1,2.99
Day,2022-07-08,502,1,2.99
Day,2022-07-08,503,1,2.99
Day,2022-07-08,509,1,2.99
Day,2022-07-08,543,1,2.99
Day,2022-07-08,555,1,2.99
Day,2022-07-08,558,1,2.99
Day,2022-07-08,572,1,2.99
Day,2022-07-08,574,1,2.99
Day,2022-07-08,577,1,2.99
Day,2022-07-08,589,1,2.99
Day,2022-07-08,592,1,2.99
Day,2022-07-08,595,1,2.99
Day,2022-07-09,26,1,2.99
Day,2022-07-09,49,1,2.99
Day,2022-07-09,53,1,2.99
Day,2022-07-09,62,1,2.99
Day,2022-07-09,75,1,2.99
Day,2022-07-09,79,1,2.99
Day,2022-07-09,99,1,2.99
Day,2022-07-09,116,1,2.99
Day,2022-07-09,125,1,2.99
Day,2022-07-09,127,1,2.99
Day,2022-07-09,128,1,2.99
Day,2022-07-09,132,1,2.99
Day,2022-07-09,133,1,2.99
Day,2022-07-09,141,1,2.99
Day,2022-07-09,169,1,2.99
Day,2022-07-09,188,1,2.99
Day,2022-07-09,192,1,2.99
Day,2022-07-09,199,1,2.99
Day,2022-07-09,200,1,2.99
Day,2022-07-09,208,1,2.99
Day,2022-07-09,214,1,2.99
Day,2022-07-09,231,1,2.99
Day,2022-07-09,236,1,2.99
Day,2022-07-09,245,1,2.99
Day,2022-07-09,248,1,2.99
Day,2022-07-09,250,1,2.99
Day,2022-07-09,251,1,2.99
Day,2022-07-09,253,1,2.99
Day,2022-07-09,256,1,2.99
Day,2022-07-09,285,1,2.99
Day,2022-07-09,304,1,2.99
Day,2022-07-09,321,1,2.99
Day,2022-07-09,330,1,2.99
Day,2022-07-09,331,1,2.99
Day,2022-07-09,337,1,2.99
Day,2022-07-09,360,1,2.99
Day,2022-07-09,361,1,2.99
Day,2022-07-09,375,1,2.99
Day,2022-07-09,427,1,2.99
Day,2022-07-09,434,1,2.99
Day,2022-07-09,440,1,2.99
Day,2022-07-09,441,1,2.99
Day,2022-07-09,445,1,2.99
Day,2022-07-09,458,1,2.99
Day,2022-07-09,468,1,2.99
Day,2022-07-09,472,1,2.99
Day,2022-07-09,484,1,2.99
Day,2022-07-09,498,1,2.99
Day,2022-07-09,503,1,2.99
Day,2022-07-09,509,1,2.99
Day,2022-07-09,560,1,2.99
Day,2022-07-09,568,1,2.99
Day,2022-07-09,585,1,2.99
Day,2022-07-09,586,1,2.99
Day,2022-07-09,594,1,2.99
Day,2022-07-10,9,1,2.99
Day,2022-07-10,10,1,2.99
Day,2022-07-10,20,1,2.99
Day,2022-07-10,22,1,2.99
Day,2022-07-10,25,1,2.99
Day,2022-07-10,38,1,2.99
Day,2022-07-10,39,1,2.99
Day,2022-07-10,52,1,2.99
Day,2022-07-10,54,1,2.99
Day,2022-07-10,79,1,2.99
Day,2022-07-10,99,1,2.99
Day,2022-07-10,101,1,2.99
Day,2022-07-10,102,1,2.99
Day,2022-07-10,124,1,2.99
Day,2022-07-10,127,1,2.99
Day,2022-07-10,137,1,2.99
Day,2022-07-10,154,1,2.99
Day,2022-07-10,167,1,2.99
Day,2022-07-10,178,1,2.99
Day,2022-07-10,182,1,2.99
Day,2022-07-10,202,1,2.99
Day,2022-07-10,204,1,2.99
Day,2022-07-10,208,1,2.99
Day,2022-07-10,229,1,2.99
Day,2022-07-10,233,1,2.99
Day,2022-07-10,251,1,2.99
Day,2022-07-10,252,1,2.99
Day,2022-07-10,273,1,2.99
Day,2022-07-10,283,1,2.99
Day,2022-07-10,290,1,2.99
Day,2022-07-10,291,1,2.99
Day,2022-07-10,299,1,2.99
Day,2022-07-10,306,1,2.99
Day,2022-07-10,308,1,2.99
Day,2022-07-10,335,1,2.99
Day,2022-07-10,347,1,2.99
Day,2022-07-10,369,1,2.99
Day,2022-07-10,385,1,2.99
Day,2022-07-10,388,1,2.99
Day,2022-07-10,411,1,2.99
Day,2022-07-10,438,1,2.99
Day,2022-07-10,449,1,2.99
Day,2022-07-10,480,1,2.99
Day,2022-07-10,481,1,2.99
Day,2022-07-10,502,1,2.99
Day,2022-07-10,523,1,2.99
Day,2022-07-10,525,1,2.99
Day,2022-07-10,538,1,2.99
Day,2022-07-10,574,1,2.99
Day,2022-07-10,590,1,2.99
Day,2022-07-10,597,1,2.99
Day,2022-07-10,599,1,2.99
Day,2022-07-11,18,1,2.99
Day,2022-07-11,39,1,2.99
Day,2022-07-11,42,1,2.99
Day,2022-07-11,54,1,2.99
Day,2022-07-11,64,1,2.99
Day,2022-07-11,67,1,2.99
Day,2022-07-11,83,1,2.99
Day,2022-07-11,114,1,2.99
Day,2022-07-11,124,1,2.99
Day,2022-07-11,134,1,2.99
Day,2022-07-11,158,1,2.99
Day,2022-07-11,222,1,2.99
Day,2022-07-11,223,1,2.99
Day,2022-07-11,245,1,2.99
Day,2022-07-11,250,1,2.99
Day,2022-07-11,260,1,2.99
Day,2022-07-11,269,1,2.99
Day,2022-07-11,271,1,2.99
Day,2022-07-11,288,1,2.99
Day,2022-07-11,313,1,2.99
Day,2022-07-11,321,1,2.99
Day,2022-07-11,322,1,2.99
Day,2022-07-11,358,1,2.99
Day,2022-07-11,367,1,2.99
Day,2022-07-11,371,1,2.99
Day,2022-07-11,389,1,2.99
Day,2022-07-11,393,1,2.99
Day,2022-07-11,396,1,2.99
Day,2022-07-11,405,1,2.99
Day,2022-07-11,406,1,2.99
Day,2022-07-11,416,1,2.99
Day,2022-07-11,425,1,2.99
Day,2022-07-11,444,1,2.99
Day,2022-07-11,448,1,2.99
Day,2022-07-11,473,1,2.99
Day,2022-07-11,476,1,2.99
Day,2022-07-11,477,1,2.99
Day,2022-07-11,480,1,2.99
Day,2022-07-11,484,1,2.99
Day,2022-07-11,490,1,2.99
Day,2022-07-11,491,1,2.99
Day,2022-07-11,492,1,2.99
Day,2022-07-11,520,1,2.99
Day,2022-07-11,553,1,2.99
Day,2022-07-11,554,1,2.99
Day,2022-07-11,563,1,2.99
Day,2022-07-11,565,1,2.99
Day,2022-07-11,566,1,2.99
Day,2022-07-11,567,1,2.99
Day,2022-07-11,572,1,2.99
Day,2022-07-11,593,1,2.99
Day,2022-07-12,12,1,2.99
Day,2022-07-12,42,1,2.99
Day,2022-07-12,74,1,2.99
Day,2022-07-12,83,1,2.99
Day,2022-07-12,89,1,2.99
Day,2022-07-12,91,1,2.99
Day,2022-07-12,111,1,2.99
Day,2022-07-12,112,1,2.99
Day,2022-07-12,150,1,2.99
Day,2022-07-12,152,1,2.99
Day,2022-07-12,166,1,2.99
Day,2022-07-12,213,1,2.99
Day,2022-07-12,233,1,2.99
Day,2022-07-12,243,1,2.99
Day,2022-07-12,248,1,2.99
Day,2022-07-12,286,1,2.99
Day,2022-07-12,306,1,2.99
Day,2022-07-12,327,1,2.99
Day,2022-07-12,337,1,2.99
Day,2022-07-12,348,1,2.99
Day,2022-07-12,368,1,2.99
Day,2022-07-12,381,1,2.99
Day,2022-07-12,391,1,2.99
Day,2022-07-12,408,1,2.99
Day,2022-07-12,409,1,2.99
Day,2022-07-12,424,1,2.99
Day,2022-07-12,425,1,2.99
Day,2022-07-12,427,1,2.99
Day,2022-07-12,472,1,2.99
Day,2022-07-12,503,1,2.99
Day,2022-07-12,506,1,2.99
Day,2022-07-12,507,1,2.99
Day,2022-07-12,518,1,2.99
Day,2022-07-12,535,1,2.99
Day,2022-07-12,550,1,2.99
Day,2022-07-12,556,1,2.99
Day,2022-07-12,559,1,2.99
Day,2022-07-12,574,1,2.99
Day,2022-07-12,575,1,2.99
Day,2022-07-12,586,1,2.99
Day,2022-07-12,593,1,2.99
Day,2022-07-12,597,1,2.99
Day,2022-07-26,98,1,2.99
Day,2022-07-26,103,1,2.99
Day,2022-07-26,185,1,2.99
Day,2022-07-26,228,1,2.99
Day,2022-07-26,284,1,2.99
Day,2022-07-26,297,1,2.99
Day,2022-07-26,334,1,2.99
Day,2022-07-26,435,1,2.99
Day,2022-07-26,443,1,2.99
Day,2022-07-26,452,1,2.99
Day,2022-07-26,487,1,2.99
Day,2022-07-26,518,1,2.99
Day,2022-07-26,560,1,2.99
Day,2022-07-26,564,1,2.99
Day,2022-07-27,1,1,2.99
Day,2022-07-27,30,1,2.99
Day,2022-07-27,45,1,2.99
Day,2022-07-27,53,1,2.99
Day,2022-07-27,56,1,2.99
Day,2022-07-27,66,1,2.99
Day,2022-07-27,86,1,2.99
Day,2022-07-27,87,1,2.99
Day,2022-07-27,93,1,2.99
Day,2022-07-27,104,1,2.99
Day,2022-07-27,105,1,2.99
Day,2022-07-27,118,1,2.99
Day,2022-07-27,122,1,2.99
Day,2022-07-27,131,1,2.99
Day,2022-07-27,134,1,2.99
Day,2022-07-27,138,1,2.99
Day,2022-07-27,156,1,2.99
Day,2022-07-27,158,1,2.99
Day,2022-07-27,161,1,2.99
Day,2022-07-27,165,1,2.99
Day,2022-07-27,166,1,2.99
Day,2022-07-27,175,1,2.99
Day,2022-07-27,180,1,2.99
Day,2022-07-27,192,1,2.99
Day,2022-07-27,195,1,2.99
Day,2022-07-27,200,1,2.99
Day,2022-07-27,202,1,2.99
Day,2022-07-27,217,1,2.99
Day,2022-07-27,219,1,2.99
Day,2022-07-27,224,1,2.99
Day,2022-07-27,259,1,2.99
Day,2022-07-27,287,1,2.99
Day,2022-07-27,290,1,2.99
Day,2022-07-27,317,1,2.99
Day,2022-07-27,326,1,2.99
Day,2022-07-27,339,1,2.99
Day,2022-07-27,340,1,2.99
Day,2022-07-27,341,1,2.99
Day,2022-07-27,356,1,2.99
Day,2022-07-27,361,1,2.99
Day,2022-07-27,363,1,2.99
Day,2022-07-27,364,1,2.99
Day,2022-07-27,381,1,2.99
Day,2022-07-27,397,1,2.99
Day,2022-07-27,405,1,2.99
Day,2022-07-27,420,1,2.99
Day,2022-07-27,424,1,2.99
Day,2022-07-27,443,1,2.99
Day,2022-07-27,445,1,2.99
Day,2022-07-27,451,1,2.99
Day,2022-07-27,456,1,2.99
Day,2022-07-27,461,1,2.99
Day,2022-07-27,465,1,2.99
Day,2022-07-27,466,1,2.99
Day,2022-07-27,477,1,2.99
Day,2022-07-27,478,1,2.99
Day,2022-07-27,480,1,2.99
Day,2022-07-27,487,1,2.99
Day,2022-07-27,492,1,2.99
Day,2022-07-27,495,1,2.99
Day,2022-07-27,496,1,2.99
Day,2022-07-27,497,1,2.99
Day,2022-07-27,510,1,2.99
Day,2022-07-27,534,1,2.99
Day,2022-07-27,537,1,2.99
Day,2022-07-27,543,1,2.99
Day,2022-07-27,567,1,2.99
Day,2022-07-27,568,1,2.99
Day,2022-07-27,579,1,2.99
Day,2022-07-27,588,1,2.99
Day,2022-07-28,9,1,2.99
Day,2022-07-28,13,1,2.99
Day,2022-07-28,18,1,2.99
Day,2022-07-28,23,1,2.99
Day,2022-07-28,32,1,2.99
Day,2022-07-28,48,1,2.99
Day,2022-07-28,66,1,2.99
Day,2022-07-28,70,1,2.99
Day,2022-07-28,141,1,2.99
Day,2022-07-28,142,1,2.99
Day,2022-07-28,159,1,2.99
Day,2022-07-28,185,1,2.99
Day,2022-07-28,193,1,2.99
Day,2022-07-28,197,1,2.99
Day,2022-07-28,211,1,2.99
Day,2022-07-28,228,1,2.99
Day,2022-07-28,241,1,2.99
Day,2022-07-28,255,1,2.99
Day,2022-07-28,258,1,2.99
Day,2022-07-28,265,1,2.99
Day,2022-07-28,269,1,2.99
Day,2022-07-28,276,1,2.99
Day,2022-07-28,279,1,2.99
Day,2022-07-28,287,1,2.99
Day,2022-07-28,306,1,2.99
Day,2022-07-28,317,1,2.99
Day,2022-07-28,319,1,2.99
Day,2022-07-28,325,1,2.99
Day,2022-07-28,330,1,2.99
Day,2022-07-28,345,1,2.99
Day,2022-07-28,349,1,2.99
Day,2022-07-28,362,1,2.99
Day,2022-07-28,369,1,2.99
Day,2022-07-28,381,1,2.99
Day,2022-07-28,387,1,2.99
Day,2022-07-28,414,1,2.99
Day,2022-07-28,421,1,2.99
Day,2022-07-28,424,1,2.99
Day,2022-07-28,437,1,2.99
Day,2022-07-28,441,1,2.99
Day,2022-07-28,479,1,2.99
Day,2022-07-28,496,1,2.99
Day,2022-07-28,501,1,2.99
Day,2022-07-28,503,1,2.99
Day,2022-07-28,534,1,2.99
Day,2022-07-28,550,1,2.99
Day,2022-07-28,567,1,2.99
Day,2022-07-28,574,1,2.99
Day,2022-07-28,581,1,2.99
Day,2022-07-28,588,1,2.99
Day,2022-07-29,1,1,2.99
Day,2022-07-29,3,1,2.99
Day,2022-07-29,5,1,2.99
Day,2022-07-29,21,1,2.99
Day,2022-07-29,29,1,2.99
Day,2022-07-29,30,1,2.99
Day,2022-07-29,36,1,2.99
Day,2022-07-29,41,1,2.99
Day,2022-07-29,79,1,2.99
Day,2022-07-29,97,1,2.99
Day,2022-07-29,117,1,2.99
Day,2022-07-29,128,1,2.99
Day,2022-07-29,147,1,2.99
Day,2022-07-29,158,1,2.99
Day,2022-07-29,176,1,2.99
Day,2022-07-29,236,1,2.99
Day,2022-07-29,250,1,2.99
Day,2022-07-29,251,1,2.99
Day,2022-07-29,253,1,2.99
Day,2022-07-29,266,1,2.99
Day,2022-07-29,273,1,2.99
Day,2022-07-29,275,1,2.99
Day,2022-07-29,277,1,2.99
Day,2022-07-29,284,1,2.99
Day,2022-07-29,311,1,2.99
Day,2022-07-29,344,1,2.99
Day,2022-07-29,358,1,2.99
Day,2022-07-29,360,1,2.99
Day,2022-07-29,369,1,2.99
Day,2022-07-29,378,1,2.99
Day,2022-07-29,405,1,2.99
Day,2022-07-29,415,1,2.99
Day,2022-07-29,417,1,2.99
Day,2022-07-29,438,1,2.99
Day,2022-07-29,455,1,2.99
Day,2022-07-29,460,1,2.99
Day,2022-07-29,463,1,2.99
Day,2022-07-29,482,1,2.99
Day,2022-07-29,501,1,2.99
Day,2022-07-29,507,1,2.99
Day,2022-07-29,518,1,2.99
Day,2022-07-29,526,1,2.99
Day,2022-07-29,529,1,2.99
Day,2022-07-29,544,1,2.99
Day,2022-07-29,547,1,2.99
Day,2022-07-29,567,1,2.99
Day,2022-07-29,575,1,2.99
Day,2022-07-29,585,1,2.99
Day,2022-07-29,593,1,2.99
Day,2022-07-30,28,1,2.99
Day,2022-07-30,30,1,2.99
Day,2022-07-30,32,1,2.99
Day,2022-07-30,55,1,2.99
Day,2022-07-30,69,1,2.99
Day,2022-07-30,73,1,2.99
Day,2022-07-30,84,1,2.99
Day,2022-07-30,90,1,2.99
Day,2022-07-30,106,1,2.99
Day,2022-07-30,119,1,2.99
Day,2022-07-30,139,1,2.99
Day,2022-07-30,145,1,2.99
Day,2022-07-30,150,1,2.99
Day,2022-07-30,154,1,2.99
Day,2022-07-30,170,1,2.99
Day,2022-07-30,187,1,2.99
Day,2022-07-30,193,1,2.99
Day,2022-07-30,206,1,2.99
Day,2022-07-30,256,1,2.99
Day,2022-07-30,265,1,2.99
Day,2022-07-30,275,1,2.99
Day,2022-07-30,288,1,2.99
Day,2022-07-30,289,1,2.99
Day,2022-07-30,293,1,2.99
Day,2022-07-30,297,1,2.99
Day,2022-07-30,299,1,2.99
Day,2022-07-30,308,1,2.99
Day,2022-07-30,309,1,2.99
Day,2022-07-30,323,1,2.99
Day,2022-07-30,342,1,2.99
Day,2022-07-30,348,1,2.99
Day,2022-07-30,375,1,2.99
Day,2022-07-30,410,1,2.99
Day,2022-07-30,416,1,2.99
Day,2022-07-30,417,1,2.99
Day,2022-07-30,423,1,2.99
Day,2022-07-30,430,1,2.99
Day,2022-07-30,469,1,2.99
Day,2022-07-30,474,1,2.99
Day,2022-07-30,501,1,2.99
Day,2022-07-30,512,1,2.99
Day,2022-07-30,523,1,2.99
Day,2022-07-30,543,1,2.99
Day,2022-07-31,1,1,2.99
Day,2022-07-31,2,1,2.99
Day,2022-07-31,14,1,2.99
Day,2022-07-31,15,1,2.99
Day,2022-07-31,73,1,2.99
Day,2022-07-31,98,1,2.99
Day,2022-07-31,109,1,2.99
Day,2022-07-31,131,1,2.99
Day,2022-07-31,149,1,2.99
Day,2022-07-31,174,1,2.99
Day,2022-07-31,192,1,2.99
Day,2022-07-31,207,1,2.99
Day,2022-07-31,220,1,2.99
Day,2022-07-31,231,1,2.99
Day,2022-07-31,232,1,2.99
Day,2022-07-31,303,1,2.99
Day,2022-07-31,310,1,2.99
Day,2022-07-31,313,1,2.99
Day,2022-07-31,340,1,2.99
Day,2022-07-31,343,1,2.99
Day,2022-07-31,353,1,2.99
Day,2022-07-31,365,1,2.99
Day,2022-07-31,366,1,2.99
Day,2022-07-31,399,1,2.99
Day,2022-07-31,404,1,2.99
Day,2022-07-31,419,1,2.99
Day,2022-07-31,427,1,2.99
Day,2022-07-31,457,1,2.99
Day,2022-07-31,463,1,2.99
Day,2022-07-31,471,1,2.99
Day,2022-07-31,486,1,2.99
Day,2022-07-31,532,1,2.99
Day,2022-07-31,537,1,2.99
Day,2022-07-31,553,1,2.99
Day,2022-08-01,6,1,2.99
Day,2022-08-01,8,1,2.99
Day,2022-08-01,24,1,2.99
Day,2022-08-01,37,1,2.99
Day,2022-08-01,40,1,2.99
Day,2022-08-01,48,1,2.99
Day,2022-08-01,62,1,2.99
Day,2022-08-01,77,1,2.99
Day,2022-08-01,79,1,2.99
Day,2022-08-01,97,1,2.99
Day,2022-08-01,128,1,2.99
Day,2022-08-01,150,1,2.99
Day,2022-08-01,191,1,2.99
Day,2022-08-01,193,1,2.99
Day,2022-08-01,200,1,2.99
Day,2022-08-01,202,1,2.99
Day,2022-08-01,211,1,2.99
Day,2022-08-01,213,1,2.99
Day,2022-08-01,225,1,2.99
Day,2022-08-01,230,1,2.99
Day,2022-08-01,246,1,2.99
Day,2022-08-01,264,1,2.99
Day,2022-08-01,267,1,2.99
Day,2022-08-01,269,1,2.99
Day,2022-08-01,272,1,2.99
Day,2022-08-01,299,1,2.99
Day,2022-08-01,312,1,2.99
Day,2022-08-01,317,1,2.99
Day,2022-08-01,324,1,2.99
Day,2022-08-01,338,1,2.99
Day,2022-08-01,348,1,2.99
Day,2022-08-01,351,1,2.99
Day,2022-08-01,360,1,2.99
Day,2022-08-01,365,1,2.99
Day,2022-08-01,374,1,2.99
Day,2022-08-01,391,1,2.99
Day,2022-08-01,398,1,2.99
Day,2022-08-01,399,1,2.99
Day,2022-08-01,404,1,2.99
Day,2022-08-01,419,1,2.99
Day,2022-08-01,423,1,2.99
Day,2022-08-01,447,1,2.99
Day,2022-08-01,450,1,2.99
Day,2022-08-01,461,1,2.99
Day,2022-08-01,462,1,2.99
Day,2022-08-01,473,1,2.99
Day,2022-08-01,521,1,2.99
Day,2022-08-01,525,1,2.99
Day,2022-08-01,561,1,2.99
Day,2022-08-01,571,1,2.99
Day,2022-08-01,595,1,2.99
Day,2022-08-02,23,1,2.99
Day,2022-08-02,24,1,2.99
Day,2022-08-02,25,1,2.99
Day,2022-08-02,28,1,2.99
Day,2022-08-02,44,1,2.99
Day,2022-08-02,61,1,2.99
Day,2022-08-02,68,1,2.99
Day,2022-08-02,112,1,2.99
Day,2022-08-02,119,1,2.99
Day,2022-08-02,139,1,2.99
Day,2022-08-02,150,1,2.99
Day,2022-08-02,156,1,2.99
Day,2022-08-02,164,1,2.99
Day,2022-08-02,165,1,2.99
Day,2022-08-02,183,1,2.99
Day,2022-08-02,188,1,2.99
Day,2022-08-02,196,1,2.99
Day,2022-08-02,199,1,2.99
Day,2022-08-02,208,1,2.99
Day,2022-08-02,217,1,2.99
Day,2022-08-02,219,1,2.99
Day,2022-08-02,256,1,2.99
Day,2022-08-02,263,1,2.99
Day,2022-08-02,270,1,2.99
Day,2022-08-02,271,1,2.99
Day,2022-08-02,272,1,2.99
Day,2022-08-02,276,1,2.99
Day,2022-08-02,282,1,2.99
Day,2022-08-02,290,1,2.99
Day,2022-08-02,310,1,2.99
Day,2022-08-02,328,1,2.99
Day,2022-08-02,337,1,2.99
Day,2022-08-02,357,1,2.99
Day,2022-08-02,377,1,2.99
Day,2022-08-02,385,1,2.99
Day,2022-08-02,386,1,2.99
Day,2022-08-02,408,1,2.99
Day,2022-08-02,411,1,2.99
Day,2022-08-02,423,1,2.99
Day,2022-08-02,424,1,2.99
Day,2022-08-02,458,1,2.99
Day,2022-08-02,463,1,2.99
Day,2022-08-02,465,1,2.99
Day,2022-08-02,467,1,2.99
Day,2022-08-02,525,1,2.99
Day,2022-08-02,545,1,2.99
Day,2022-08-02,566,1,2.99
Day,2022-08-02,568,1,2.99
Day,2022-08-02,581,1,2.99
Day,2022-08-02,586,1,2.99
Day,2022-08-02,595,1,2.99
Day,2022-08-16,23,1,2.99
Day,2022-08-16,24,1,2.99
Day,2022-08-16,34,1,2.99
Day,2022-08-16,279,1,2.99
Day,2022-08-16,280,1,2.99
Day,2022-08-16,381,1,2.99
Day,2022-08-16,431,1,2.99
Day,2022-08-16,474,1,2.99
Day,2022-08-17,2,1,2.99
Day,2022-08-17,4,1,2.99
Day,2022-08-17,10,1,2.99
Day,2022-08-17,16,1,2.99
Day,2022-08-17,29,1,2.99
Day,2022-08-17,41,1,2.99
Day,2022-08-17,45,1,2.99
Day,2022-08-17,54,1,2.99
Day,2022-08-17,75,1,2.99
Day,2022-08-17,104,1,2.99
Day,2022-08-17,108,1,2.99
Day,2022-08-17,115,1,2.99
Day,2022-08-17,117,1,2.99
Day,2022-08-17,151,1,2.99
Day,2022-08-17,161,1,2.99
Day,2022-08-17,173,1,2.99
Day,2022-08-17,187,1,2.99
Day,2022-08-17,203,1,2.99
Day,2022-08-17,206,1,2.99
Day,2022-08-17,215,1,2.99
Day,2022-08-17,218,1,2.99
Day,2022-08-17,293,1,2.99
Day,2022-08-17,315,1,2.99
Day,2022-08-17,320,1,2.99
Day,2022-08-17,330,1,2.99
Day,2022-08-17,332,1,2.99
Day,2022-08-17,336,1,2.99
Day,2022-08-17,341,1,2.99
Day,2022-08-17,343,1,2.99
Day,2022-08-17,345,1,2.99
Day,2022-08-17,381,1,2.99
Day,2022-08-17,383,1,2.99
Day,2022-08-17,385,1,2.99
Day,2022-08-17,401,1,2.99
Day,2022-08-17,408,1,2.99
Day,2022-08-17,433,1,2.99
Day,2022-08-17,439,1,2.99
Day,2022-08-17,451,1,2.99
Day,2022-08-17,458,1,2.99
Day,2022-08-17,461,1,2.99
Day,2022-08-17,474,1,2.99
Day,2022-08-17,478,1,2.99
Day,2022-08-17,490,1,2.99
Day,2022-08-17,504,1,2.99
Day,2022-08-17,505,1,2.99
Day,2022-08-17,529,1,2.99
Day,2022-08-17,531,1,2.99
Day,2022-08-17,543,1,2.99
Day,2022-08-17,544,1,2.99
Day,2022-08-17,551,1,2.99
Day,2022-08-17,564,1,2.99
Day,2022-08-17,581,1,2.99
Day,2022-08-18,5,1,2.99
Day,2022-08-18,6,1,2.99
Day,2022-08-18,8,1,2.99
Day,2022-08-18,10,1,2.99
Day,2022-08-18,14,1,2.99
Day,2022-08-18,24,1,2.99
Day,2022-08-18,53,1,2.99
Day,2022-08-18,68,1,2.99
Day,2022-08-18,80,1,2.99
Day,2022-08-18,86,1,2.99
Day,2022-08-18,90,1,2.99
Day,2022-08-18,94,1,2.99
Day,2022-08-18,116,1,2.99
Day,2022-08-18,118,1,2.99
Day,2022-08-18,125,1,2.99
Day,2022-08-18,128,1,2.99
Day,2022-08-18,135,1,2.99
Day,2022-08-18,138,1,2.99
Day,2022-08-18,141,1,2.99
Day,2022-08-18,143,1,2.99
Day,2022-08-18,144,1,2.99
Day,2022-08-18,146,1,2.99
Day,2022-08-18,152,1,2.99
Day,2022-08-18,178,1,2.99
Day,2022-08-18,218,1,2.99
Day,2022-08-18,222,1,2.99
Day,2022-08-18,243,1,2.99
Day,2022-08-18,312,1,2.99
Day,2022-08-18,317,1,2.99
Day,2022-08-18,323,1,2.99
Day,2022-08-18,324,1,2.99
Day,2022-08-18,338,1,2.99
Day,2022-08-18,348,1,2.99
Day,2022-08-18,374,1,2.99
Day,2022-08-18,378,1,2.99
Day,2022-08-18,390,1,2.99
Day,2022-08-18,398,1,2.99
Day,2022-08-18,400,1,2.99
Day,2022-08-18,413,1,2.99
Day,2022-08-18,415,1,2.99
Day,2022-08-18,429,1,2.99
Day,2022-08-18,444,1,2.99
Day,2022-08-18,448,1,2.99
Day,2022-08-18,453,1,2.99
Day,2022-08-18,523,1,2.99
Day,2022-08-18,546,1,2.99
Day,2022-08-18,561,1,2.99
Day,2022-08-18,574,1,2.99
Day,2022-08-18,580,1,2.99
Day,2022-08-18,593,1,2.99
Day,2022-08-18,598,1,2.99
Day,2022-08-19,2,1,2.99
Day,2022-08-19,7,1,2.99
Day,2022-08-19,79,1,2.99
Day,2022-08-19,84,1,2.99
Day,2022-08-19,106,1,2.99
Day,2022-08-19,111,1,2.99
Day,2022-08-19,122,1,2.99
Day,2022-08-19,138,1,2.99
Day,2022-08-19,163,1,2.99
Day,2022-08-19,178,1,2.99
Day,2022-08-19,180,1,2.99
Day,2022-08-19,221,1,2.99
Day,2022-08-19,232,1,2.99
Day,2022-08-19,243,1,2.99
Day,2022-08-19,262,1,2.99
Day,2022-08-19,272,1,2.99
Day,2022-08-19,282,1,2.99
Day,2022-08-19,283,1,2.99
Day,2022-08-19,287,1,2.99
Day,2022-08-19,297,1,2.99
Day,2022-08-19,302,1,2.99
Day,2022-08-19,306,1,2.99
Day,2022-08-19,326,1,2.99
Day,2022-08-19,358,1,2.99
Day,2022-08-19,359,1,2.99
Day,2022-08-19,374,1,2.99
Day,2022-08-19,386,1,2.99
Day,2022-08-19,400,1,2.99
Day,2022-08-19,407,1,2.99
Day,2022-08-19,444,1,2.99
Day,2022-08-19,455,1,2.99
Day,2022-08-19,458,1,2.99
Day,2022-08-19,463,1,2.99
Day,2022-08-19,478,1,2.99
Day,2022-08-19,483,1,2.99
Day,2022-08-19,485,1,2.99
Day,2022-08-19,498,1,2.99
Day,2022-08-19,503,1,2.99
Day,2022-08-19,519,1,2.99
Day,2022-08-19,523,1,2.99
Day,2022-08-19,539,1,2.99
Day,2022-08-19,552,1,2.99
Day,2022-08-19,563,1,2.99
Day,2022-08-19,567,1,2.99
Day,2022-08-19,573,1,2.99
Day,2022-08-19,580,1,2.99
Day,2022-08-19,584,1,2.99
Day,2022-08-20,3,1,2.99
Day,2022-08-20,10,1,2.99
Day,2022-08-20,22,1,2.99
Day,2022-08-20,34,1,2.99
Day,2022-08-20,66,1,2.99
Day,2022-08-20,88,1,2.99
Day,2022-08-20,89,1,2.99
Day,2022-08-20,108,1,2.99
Day,2022-08-20,110,1,2.99
Day,2022-08-20,120,1,2.99
Day,2022-08-20,123,1,2.99
Day,2022-08-20,127,1,2.99
Day,2022-08-20,133,1,2.99
Day,2022-08-20,144,1,2.99
Day,2022-08-20,204,1,2.99
Day,2022-08-20,205,1,2.99
Day,2022-08-20,222,1,2.99
Day,2022-08-20,232,1,2.99
Day,2022-08-20,269,1,2.99
Day,2022-08-20,272,1,2.99
Day,2022-08-20,281,1,2.99
Day,2022-08-20,282,1,2.99
Day,2022-08-20,290,1,2.99
Day,2022-08-20,292,1,2.99
Day,2022-08-20,301,1,2.99
Day,2022-08-20,302,1,2.99
Day,2022-08-20,308,1,2.99
Day,2022-08-20,315,1,2.99
Day,2022-08-20,332,1,2.99
Day,2022-08-20,334,1,2.99
Day,2022-08-20,365,1,2.99
Day,2022-08-20,384,1,2.99
Day,2022-08-20,391,1,2.99
Day,2022-08-20,426,1,2.99
Day,2022-08-20,432,1,2.99
Day,2022-08-20,440,1,2.99
Day,2022-08-20,443,1,2.99
Day,2022-08-20,479,1,2.99
Day,2022-08-20,491,1,2.99
Day,2022-08-20,503,1,2.99
Day,2022-08-20,521,1,2.99
Day,2022-08-20,550,1,2.99
Day,2022-08-20,553,1,2.99
Day,2022-08-20,579,1,2.99
Day,2022-08-20,580,1,2.99
Day,2022-08-20,586,1,2.99
Day,2022-08-21,20,1,2.99
Day,2022-08-21,23,1,2.99
Day,2022-08-21,28,1,2.99
Day,2022-08-21,37,1,2.99
Day,2022-08-21,55,1,2.99
Day,2022-08-21,76,1,2.99
Day,2022-08-21,87,1,2.99
Day,2022-08-21,106,1,2.99
Day,2022-08-21,125,1,2.99
Day,2022-08-21,127,1,2.99
Day,2022-08-21,134,1,2.99
Day,2022-08-21,141,1,2.99
Day,2022-08-21,144,1,2.99
Day,2022-08-21,146,1,2.99
Day,2022-08-21,170,1,2.99
Day,2022-08-21,173,1,2.99
Day,2022-08-21,185,1,2.99
Day,2022-08-21,188,1,2.99
Day,2022-08-21,193,1,2.99
Day,2022-08-21,201,1,2.99
Day,2022-08-21,222,1,2.99
Day,2022-08-21,230,1,2.99
Day,2022-08-21,233,1,2.99
Day,2022-08-21,240,1,2.99
Day,2022-08-21,266,1,2.99
Day,2022-08-21,273,1,2.99
Day,2022-08-21,315,1,2.99
Day,2022-08-21,316,1,2.99
Day,2022-08-21,318,1,2.99
Day,2022-08-21,323,1,2.99
Day,2022-08-21,333,1,2.99
Day,2022-08-21,336,1,2.99
Day,2022-08-21,338,1,2.99
Day,2022-08-21,363,1,2.99
Day,2022-08-21,371,1,2.99
Day,2022-08-21,384,1,2.99
Day,2022-08-21,400,1,2.99
Day,2022-08-21,413,1,2.99
Day,2022-08-21,466,1,2.99
Day,2022-08-21,475,1,2.99
Day,2022-08-21,492,1,2.99
Day,2022-08-21,519,1,2.99
Day,2022-08-21,522,1,2.99
Day,2022-08-21,528,1,2.99
Day,2022-08-21,556,1,2.99
Day,2022-08-22,4,1,2.99
Day,2022-08-22,19,1,2.99
Day,2022-08-22,26,1,2.99
Day,2022-08-22,40,1,2.99
Day,2022-08-22,42,1,2.99
Day,2022-08-22,44,1,2.99
Day,2022-08-22,77,1,2.99
Day,2022-08-22,101,1,2.99
Day,2022-08-22,110,1,2.99
Day,2022-08-22,116,1,2.99
Day,2022-08-22,118,1,2.99
Day,2022-08-22,125,1,2.99
Day,2022-08-22,140,1,2.99
Day,2022-08-22,175,1,2.99
Day,2022-08-22,181,1,2.99
Day,2022-08-22,201,1,2.99
Day,2022-08-22,209,1,2.99
Day,2022-08-22,233,1,2.99
Day,2022-08-22,253,1,2.99
Day,2022-08-22,265,1,2.99
Day,2022-08-22,271,1,2.99
Day,2022-08-22,275,1,2.99
Day,2022-08-22,296,1,2.99
Day,2022-08-22,300,1,2.99
Day,2022-08-22,305,1,2.99
Day,2022-08-22,320,1,2.99
Day,2022-08-22,344,1,2.99
Day,2022-08-22,360,1,2.99
Day,2022-08-22,362,1,2.99
Day,2022-08-22,375,1,2.99
Day,2022-08-22,378,1,2.99
Day,2022-08-22,411,1,2.99
Day,2022-08-22,417,1,2.99
Day,2022-08-22,426,1,2.99
Day,2022-08-22,442,1,2.99
Day,2022-08-22,447,1,2.99
Day,2022-08-22,477,1,2.99
Day,2022-08-22,480,1,2.99
Day,2022-08-22,507,1,2.99
Day,2022-08-22,514,1,2.99
Day,2022-08-22,519,1,2.99
Day,2022-08-22,523,1,2.99
Day,2022-08-22,527,1,2.99
Day,2022-08-22,537,1,2.99
Day,2022-08-22,539,1,2.99
Day,2022-08-22,562,1,2.99
Day,2022-08-22,575,1,2.99
Day,2022-08-22,590,1,2.99
Day,2022-08-22,597,1,2.99
Day,2022-08-23,3,1,2.99
Day,2022-08-23,20,1,2.99
Day,2022-08-23,28,1,2.99
Day,2022-08-23,47,1,2.99
Day,2022-08-23,69,1,2.99
Day,2022-08-23,78,1,2.99
Day,2022-08-23,89,1,2.99
Day,2022-08-23,109,1,2.99
Day,2022-08-23,121,1,2.99
Day,2022-08-23,134,1,2.99
Day,2022-08-23,135,1,2.99
Day,2022-08-23,140,1,2.99
Day,2022-08-23,141,1,2.99
Day,2022-08-23,154,1,2.99
Day,2022-08-23,168,1,2.99
Day,2022-08-23,192,1,2.99
Day,2022-08-23,214,1,2.99
Day,2022-08-23,232,1,2.99
Day,2022-08-23,246,1,2.99
Day,2022-08-23,269,1,2.99
Day,2022-08-23,283,1,2.99
Day,2022-08-23,287,1,2.99
Day,2022-08-23,316,1,2.99
Day,2022-08-23,331,1,2.99
Day,2022-08-23,336,1,2.99
Day,2022-08-23,355,1,2.99
Day,2022-08-23,357,1,2.99
Day,2022-08-23,366,1,2.99
Day,2022-08-23,372,1,2.99
Day,2022-08-23,413,1,2.99
Day,2022-08-23,460,1,2.99
Day,2022-08-23,467,1,2.99
Day,2022-08-23,477,1,2.99
Day,2022-08-23,487,1,2.99
Day,2022-08-23,488,1,2.99
Day,2022-08-23,495,1,2.99
Day,2022-08-23,496,1,2.99
Day,2022-08-23,509,1,2.99
Day,2022-08-23,552,1,2.99
Day,2022-08-23,556,1,2.99
Day,2022-08-23,565,1,2.99
Month,2022-02-01,21,1,2.99
Month,2022-02-01,23,1,2.99
Month,2022-02-01,28,1,2.99
Month,2022-02-01,41,1,2.99
Month,2022-02-01,73,1,2.99
Month,2022-02-01,80,1,2.99
Month,2022-02-01,111,1,2.99
Month,2022-02-01,115,1,2.99
Month,2022-02-01,181,1,2.99
Month,2022-02-01,186,1,2.99
Month,2022-02-01,188,1,2.99
Month,2022-02-01,193,1,2.99
Month,2022-02-01,199,1,2.99
Month,2022-02-01,200,1,2.99
Month,2022-02-01,213,1,2.99
Month,2022-02-01,214,1,2.99
Month,2022-02-01,245,1,2.99
Month,2022-02-01,264,1,2.99
Month,2022-02-01,296,1,2.99
Month,2022-02-01,315,1,2.99
Month,2022-02-01,324,1,2.99
Month,2022-02-01,327,1,2.99
Month,2022-02-01,330,1,2.99
Month,2022-02-01,349,1,2.99
Month,2022-02-01,352,1,2.99
Month,2022-02-01,374,1,2.99
Month,2022-02-01,410,1,2.99
Month,2022-02-01,417,1,2.99
Month,2022-02-01,422,1,2.99
Month,2022-02-01,431,1,2.99
Month,2022-02-01,493,1,2.99
Month,2022-02-01,496,1,2.99
Month,2022-02-01,525,1,2.99
Month,2022-02-01,527,1,2.99
Month,2022-02-01,530,1,2.99
Month,2022-02-01,533,1,2.99
Month,2022-02-01,534,1,2.99
Month,2022-02-01,550,1,2.99
Month,2022-02-01,568,1,2.99
Month,2022-02-01,582,1,2.99
Month,2022-02-01,590,1,2.99
Month,2022-05-01,27,1,2.99
Month,2022-05-01,33,1,2.99
Month,2022-05-01,45,1,2.99
Month,2022-05-01,88,1,2.99
Month,2022-05-01,111,1,2.99
Month,2022-05-01,123,1,2.99
Month,2022-05-01,136,1,2.99
Month,2022-05-01,137,1,2.99
Month,2022-05-01,141,1,2.99
Month,2022-05-01,155,1,2.99
Month,2022-05-01,180,1,2.99
Month,2022-05-01,210,1,2.99
Month,2022-05-01,223,1,2.99
Month,2022-05-01,275,1,2.99
Month,2022-05-01,290,1,2.99
Month,2022-05-01,305,1,2.99
Month,2022-05-01,328,1,2.99
Month,2022-05-01,352,1,2.99
Month,2022-05-01,419,1,2.99
Month,2022-05-01,431,1,2.99
Month,2022-05-01,459,1,2.99
Month,2022-05-01,466,1,2.99
Month,2022-05-01,470,1,2.99
Month,2022-05-01,471,1,2.99
Month,2022-05-01,477,1,2.99
Month,2022-05-01,485,1,2.99
Month,2022-05-01,492,1,2.99
Month,2022-05-01,499,1,2.99
Month,2022-05-01,518,1,2.99
Month,2022-05-01,529,1,2.99
Month,2022-05-01,532,1,2.99
Month,2022-05-01,560,1,2.99
Month,2022-05-01,573,1,2.99
Month,2022-05-01,597,1,2.99
Month,2022-06-01,2,1,2.99
Month,2022-06-01,22,1,2.99
Month,2022-06-01,126,1,2.99
Month,2022-06-01,136,1,2.99
Month,2022-06-01,271,1,2.99
Month,2022-06-01,302,1,2.99
Month,2022-06-01,315,1,2.99
Month,2022-06-01,412,1,2.99
Month,2022-06-01,419,1,2.99
Month,2022-06-01,443,1,2.99
Month,2022-06-01,494,1,2.99
Month,2022-06-01,496,1,2.99
Month,2022-06-01,525,1,2.99
Month,2022-06-01,531,1,2.99
Month,2022-06-01,545,1,2.99
Month,2022-06-01,549,1,2.99
Month,2022-06-01,564,1,2.99
Month,2022-06-01,598,1,2.99
Month,2022-08-01,318,1,2.99
Day,2022-06-16,37,3,10.97
Day,2022-06-17,380,3,10.97
Day,2022-06-18,233,3,10.97
Day,2022-06-19,68,3,10.97
Day,2022-06-19,510,3,10.97
Day,2022-07-06,330,3,10.97
Day,2022-07-06,394,3,10.97
Day,2022-07-06,576,3,10.97
Day,2022-07-07,345,3,10.97
Day,2022-07-07,467,3,10.97
Day,2022-07-07,581,3,10.97
Day,2022-07-09,72,3,10.97
Day,2022-07-09,173,3,10.97
Day,2022-07-09,219,3,10.97
Day,2022-07-09,295,3,10.97
Day,2022-07-09,409,3,10.97
Day,2022-07-09,485,3,10.97
Day,2022-07-10,74,3,10.97
Day,2022-07-10,301,3,10.97
Day,2022-07-11,355,3,10.97
Day,2022-07-12,204,3,10.97
Day,2022-07-27,157,3,10.97
Day,2022-07-27,236,3,10.97
Day,2022-07-27,289,3,10.97
Day,2022-07-27,530,3,10.97
Day,2022-07-28,41,3,10.97
Day,2022-07-28,42,3,10.97
Day,2022-07-29,42,3,10.97
Day,2022-07-29,125,3,10.97
Day,2022-07-29,302,3,10.97
Day,2022-07-29,309,3,10.97
Day,2022-07-29,558,3,10.97
Day,2022-07-29,594,3,10.97
Day,2022-07-30,580,3,10.97
Day,2022-07-31,39,3,10.97
Day,2022-07-31,58,3,10.97
Day,2022-07-31,151,3,10.97
Day,2022-07-31,225,3,10.97
Day,2022-07-31,396,3,10.97
Day,2022-07-31,478,3,10.97
Day,2022-08-01,141,3,10.97
Day,2022-08-01,346,3,10.97
Day,2022-08-01,577,3,10.97
Day,2022-08-02,73,3,10.97
Day,2022-08-02,389,3,10.97
Day,2022-08-02,561,3,10.97
Day,2022-08-02,584,3,10.97
Day,2022-08-17,163,3,10.97
Day,2022-08-17,230,3,10.97
Day,2022-08-18,9,3,10.97
Day,2022-08-19,40,3,10.97
Day,2022-08-19,91,3,10.97
Day,2022-08-19,127,3,10.97
Day,2022-08-19,157,3,10.97
Day,2022-08-19,220,3,10.97
Day,2022-08-19,565,3,10.97
Day,2022-08-19,597,3,10.97
Day,2022-08-20,67,3,10.97
Day,2022-08-20,450,3,10.97
Day,2022-08-21,521,3,10.97
Day,2022-08-22,1,3,10.97
Day,2022-08-22,347,3,10.97
Day,2022-08-22,380,3,10.97
Day,2022-08-22,450,3,10.97
Day,2022-08-23,167,3,10.97
Day,2022-08-23,172,3,10.97
Day,2022-08-23,351,3,10.97
Day,2022-08-23,577,3,10.97
Month,2022-05-01,9,3,10.97
Month,2022-05-01,17,3,10.97
Month,2022-05-01,46,3,10.97
Month,2022-05-01,72,3,10.97
Month,2022-05-01,79,3,10.97
Month,2022-05-01,150,3,10.97
Month,2022-05-01,167,3,10.97
Month,2022-05-01,240,3,10.97
Month,2022-05-01,253,3,10.97
Month,2022-05-01,484,3,10.97
Month,2022-05-01,556,3,10.97
Month,2022-05-01,589,3,10.97
Month,2022-06-01,37,3,10.97
Month,2022-06-01,59,3,10.97
Month,2022-06-01,115,3,10.97
Month,2022-06-01,118,3,10.97
Month,2022-06-01,160,3,10.97
Month,2022-06-01,214,3,10.97
Month,2022-06-01,238,3,10.97
Month,2022-06-01,317,3,10.97
Month,2022-06-01,334,3,10.97
Month,2022-06-01,408,3,10.97
Month,2022-06-01,536,3,10.97
Month,2022-06-01,575,3,10.97
Month,2022-08-01,498,3,10.97
Day,2022-05-24,222,1,6.99
Day,2022-05-24,334,1,6.99
Day,2022-05-25,246,1,6.99
Day,2022-05-25,267,1,6.99
Day,2022-05-25,286,1,6.99
Day,2022-05-25,317,1,6.99
Day,2022-05-25,427,1,6.99
Day,2022-05-25,468,1,6.99
Day,2022-05-26,19,1,6.99
Day,2022-05-26,133,1,6.99
Day,2022-05-26,277,1,6.99
Day,2022-05-26,282,1,6.99
Day,2022-05-26,309,1,6.99
Day,2022-05-26,371,1,6.99
Day,2022-05-26,400,1,6.99
Day,2022-05-26,409,1,6.99
Day,2022-05-26,543,1,6.99
Day,2022-05-26,548,1,6.99
Day,2022-05-27,20,1,6.99
Day,2022-05-27,35,1,6.99
Day,2022-05-27,93,1,6.99
Day,2022-05-27,176,1,6.99
Day,2022-05-27,272,1,6.99
Day,2022-05-27,288,1,6.99
Day,2022-05-27,337,1,6.99
Day,2022-05-27,546,1,6.99
Day,2022-05-27,565,1,6.99
Day,2022-05-28,56,1,6.99
Day,2022-05-28,119,1,6.99
Day,2022-05-28,172,1,6.99
Day,2022-05-28,181,1,6.99
Day,2022-05-28,201,1,6.99
Day,2022-05-28,261,1,6.99
Day,2022-05-28,269,1,6.99
Day,2022-05-28,306,1,6.99
Day,2022-05-28,311,1,6.99
Day,2022-05-28,327,1,6.99
Day,2022-05-28,461,1,6.99
Day,2022-05-28,595,1,6.99
Day,2022-05-29,105,1,6.99
Day,2022-05-29,179,1,6.99
Day,2022-05-29,207,1,6.99
Day,2022-05-29,259,1,6.99
Day,2022-05-29,399,1,6.99
Day,2022-05-29,483,1,6.99
Day,2022-05-30,8,1,6.99
Day,2022-05-30,11,1,6.99
Day,2022-05-30,156,1,6.99
Day,2022-05-30,307,1,6.99
Day,2022-05-30,332,1,6.99
Day,2022-05-30,366,1,6.99
Day,2022-05-30,520,1,6.99
Day,2022-05-30,536,1,6.99
Day,2022-05-31,284,1,6.99
Day,2022-05-31,311,1,6.99
Day,2022-05-31,353,1,6.99
Day,2022-06-14,512,1,6.99
Day,2022-06-14,592,1,6.99
Day,2022-06-15,11,1,6.99
Day,2022-06-15,216,1,6.99
Day,2022-06-15,244,1,6.99
Day,2022-06-15,273,1,6.99
Day,2022-06-15,370,1,6.99
Day,2022-06-15,373,1,6.99
Day,2022-06-15,388,1,6.99
Day,2022-06-15,392,1,6.99
Day,2022-06-15,498,1,6.99
Day,2022-06-15,550,1,6.99
Day,2022-06-15,569,1,6.99
Day,2022-06-16,25,1,6.99
Day,2022-06-16,56,1,6.99
Day,2022-06-16,76,1,6.99
Day,2022-06-16,111,1,6.99
Day,2022-06-16,253,1,6.99
Day,2022-06-16,365,1,6.99
Day,2022-06-16,393,1,6.99
Day,2022-06-16,472,1,6.99
Day,2022-06-16,477,1,6.99
Day,2022-06-16,523,1,6.99
Day,2022-06-16,578,1,6.99
Day,2022-06-17,3,1,6.99
Day,2022-06-17,149,1,6.99
Day,2022-06-17,158,1,6.99
Day,2022-06-17,200,1,6.99
Day,2022-06-17,217,1,6.99
Day,2022-06-17,327,1,6.99
Day,2022-06-17,328,1,6.99
Day,2022-06-17,333,1,6.99
Day,2022-06-17,398,1,6.99
Day,2022-06-17,451,1,6.99
Day,2022-06-17,520,1,6.99
Day,2022-06-17,556,1,6.99
Day,2022-06-18,47,1,6.99
Day,2022-06-18,54,1,6.99
Day,2022-06-18,109,1,6.99
Day,2022-06-18,137,1,6.99
Day,2022-06-18,140,1,6.99
Day,2022-06-18,147,1,6.99
Day,2022-06-18,193,1,6.99
Day,2022-06-18,201,1,6.99
Day,2022-06-18,236,1,6.99
Day,2022-06-18,251,1,6.99
Day,2022-06-18,269,1,6.99
Day,2022-06-18,317,1,6.99
Day,2022-06-18,343,1,6.99
Day,2022-06-18,360,1,6.99
Day,2022-06-18,554,1,6.99
Day,2022-06-18,594,1,6.99
Day,2022-06-19,90,1,6.99
Day,2022-06-19,178,1,6.99
Day,2022-06-19,213,1,6.99
Day,2022-06-19,222,1,6.99
Day,2022-06-19,284,1,6.99
Day,2022-06-19,306,1,6.99
Day,2022-06-19,354,1,6.99
Day,2022-06-19,479,1,6.99
Day,2022-06-19,500,1,6.99
Day,2022-06-19,533,1,6.99
Day,2022-06-19,541,1,6.99
Day,2022-06-20,75,1,6.99
Day,2022-06-20,78,1,6.99
Day,2022-06-20,130,1,6.99
Day,2022-06-20,276,1,6.99
Day,2022-06-20,311,1,6.99
Day,2022-06-20,339,1,6.99
Day,2022-06-20,504,1,6.99
Day,2022-06-20,526,1,6.99
Day,2022-06-20,553,1,6.99
Day,2022-06-20,599,1,6.99
Day,2022-06-21,100,1,6.99
Day,2022-06-21,115,1,6.99
Day,2022-06-21,171,1,6.99
Day,2022-06-21,211,1,6.99
Day,2022-06-21,353,1,6.99
Day,2022-06-21,425,1,6.99
Day,2022-06-21,439,1,6.99
Day,2022-06-21,451,1,6.99
Day,2022-06-21,467,1,6.99
Day,2022-06-21,526,1,6.99
Day,2022-06-21,556,1,6.99
Day,2022-06-21,574,1,6.99
Day,2022-06-21,576,1,6.99
Day,2022-06-21,584,1,6.99
Day,2022-07-05,369,1,6.99
Day,2022-07-05,553,1,6.99
Day,2022-07-05,586,1,6.99
Day,2022-07-06,99,1,6.99
Day,2022-07-06,107,1,6.99
Day,2022-07-06,181,1,6.99
Day,2022-07-06,182,1,6.99
Day,2022-07-06,264,1,6.99
Day,2022-07-06,285,1,6.99
Day,2022-07-06,306,1,6.99
Day,2022-07-06,323,1,6.99
Day,2022-07-06,356,1,6.99
Day,2022-07-06,375,1,6.99
Day,2022-07-06,386,1,6.99
Day,2022-07-06,396,1,6.99
Day,2022-07-06,472,1,6.99
Day,2022-07-06,503,1,6.99
Day,2022-07-06,525,1,6.99
Day,2022-07-06,575,1,6.99
Day,2022-07-07,31,1,6.99
Day,2022-07-07,84,1,6.99
Day,2022-07-07,102,1,6.99
Day,2022-07-07,104,1,6.99
Day,2022-07-07,150,1,6.99
Day,2022-07-07,166,1,6.99
Day,2022-07-07,247,1,6.99
Day,2022-07-07,257,1,6.99
Day,2022-07-07,304,1,6.99
Day,2022-07-07,389,1,6.99
Day,2022-07-07,394,1,6.99
Day,2022-07-07,515,1,6.99
Day,2022-07-07,526,1,6.99
Day,2022-07-07,552,1,6.99
Day,2022-07-08,82,1,6.99
Day,2022-07-08,84,1,6.99
Day,2022-07-08,146,1,6.99
Day,2022-07-08,184,1,6.99
Day,2022-07-08,193,1,6.99
Day,2022-07-08,218,1,6.99
Day,2022-07-08,334,1,6.99
Day,2022-07-08,347,1,6.99
Day,2022-07-08,385,1,6.99
Day,2022-07-08,444,1,6.99
Day,2022-07-08,447,1,6.99
Day,2022-07-08,470,1,6.99
Day,2022-07-08,505,1,6.99
Day,2022-07-08,591,1,6.99
Day,2022-07-09,22,1,6.99
Day,2022-07-09,48,1,6.99
Day,2022-07-09,108,1,6.99
Day,2022-07-09,122,1,6.99
Day,2022-07-09,161,1,6.99
Day,2022-07-09,212,1,6.99
Day,2022-07-09,247,1,6.99
Day,2022-07-09,257,1,6.99
Day,2022-07-09,267,1,6.99
Day,2022-07-09,284,1,6.99
Day,2022-07-09,301,1,6.99
Day,2022-07-09,315,1,6.99
Day,2022-07-09,453,1,6.99
Day,2022-07-09,455,1,6.99
Day,2022-07-09,464,1,6.99
Day,2022-07-09,491,1,6.99
Day,2022-07-09,504,1,6.99
Day,2022-07-09,512,1,6.99
Day,2022-07-09,522,1,6.99
Day,2022-07-10,282,1,6.99
Day,2022-07-10,469,1,6.99
Day,2022-07-10,503,1,6.99
Day,2022-07-10,580,1,6.99
Day,2022-07-11,11,1,6.99
Day,2022-07-11,82,1,6.99
Day,2022-07-11,132,1,6.99
Day,2022-07-11,179,1,6.99
Day,2022-07-11,208,1,6.99
Day,2022-07-11,251,1,6.99
Day,2022-07-11,427,1,6.99
Day,2022-07-11,466,1,6.99
Day,2022-07-11,467,1,6.99
Day,2022-07-11,562,1,6.99
Day,2022-07-11,595,1,6.99
Day,2022-07-12,69,1,6.99
Day,2022-07-12,82,1,6.99
Day,2022-07-12,109,1,6.99
Day,2022-07-12,156,1,6.99
Day,2022-07-12,292,1,6.99
Day,2022-07-12,301,1,6.99
Day,2022-07-12,319,1,6.99
Day,2022-07-12,429,1,6.99
Day,2022-07-12,484,1,6.99
Day,2022-07-12,583,1,6.99
Day,2022-07-12,585,1,6.99
Day,2022-07-12,594,1,6.99
Day,2022-07-12,595,1,6.99
Day,2022-07-26,107,1,6.99
Day,2022-07-26,296,1,6.99
Day,2022-07-26,429,1,6.99
Day,2022-07-26,463,1,6.99
Day,2022-07-27,36,1,6.99
Day,2022-07-27,74,1,6.99
Day,2022-07-27,124,1,6.99
Day,2022-07-27,164,1,6.99
Day,2022-07-27,294,1,6.99
Day,2022-07-27,343,1,6.99
Day,2022-07-27,345,1,6.99
Day,2022-07-27,459,1,6.99
Day,2022-07-27,460,1,6.99
Day,2022-07-28,65,1,6.99
Day,2022-07-28,76,1,6.99
Day,2022-07-28,149,1,6.99
Day,2022-07-28,184,1,6.99
Day,2022-07-28,282,1,6.99
Day,2022-07-28,286,1,6.99
Day,2022-07-28,311,1,6.99
Day,2022-07-28,324,1,6.99
Day,2022-07-28,346,1,6.99
Day,2022-07-28,452,1,6.99
Day,2022-07-28,482,1,6.99
Day,2022-07-28,512,1,6.99
Day,2022-07-28,531,1,6.99
Day,2022-07-28,572,1,6.99
Day,2022-07-29,15,1,6.99
Day,2022-07-29,35,1,6.99
Day,2022-07-29,48,1,6.99
Day,2022-07-29,55,1,6.99
Day,2022-07-29,69,1,6.99
Day,2022-07-29,75,1,6.99
Day,2022-07-29,96,1,6.99
Day,2022-07-29,133,1,6.99
Day,2022-07-29,239,1,6.99
Day,2022-07-29,307,1,6.99
Day,2022-07-29,321,1,6.99
Day,2022-07-29,329,1,6.99
Day,2022-07-29,481,1,6.99
Day,2022-07-29,500,1,6.99
Day,2022-07-29,522,1,6.99
Day,2022-07-29,524,1,6.99
Day,2022-07-29,577,1,6.99
Day,2022-07-30,95,1,6.99
Day,2022-07-30,113,1,6.99
Day,2022-07-30,116,1,6.99
Day,2022-07-30,120,1,6.99
Day,2022-07-30,126,1,6.99
Day,2022-07-30,135,1,6.99
Day,2022-07-30,156,1,6.99
Day,2022-07-30,176,1,6.99
Day,2022-07-30,195,1,6.99
Day,2022-07-30,209,1,6.99
Day,2022-07-30,218,1,6.99
Day,2022-07-30,241,1,6.99
Day,2022-07-30,255,1,6.99
Day,2022-07-30,257,1,6.99
Day,2022-07-30,262,1,6.99
Day,2022-07-30,286,1,6.99
Day,2022-07-30,287,1,6.99
Day,2022-07-30,311,1,6.99
Day,2022-07-30,476,1,6.99
Day,2022-07-30,599,1,6.99
Day,2022-07-31,35,1,6.99
Day,2022-07-31,42,1,6.99
Day,2022-07-31,59,1,6.99
Day,2022-07-31,61,1,6.99
Day,2022-07-31,101,1,6.99
Day,2022-07-31,200,1,6.99
Day,2022-07-31,242,1,6.99
Day,2022-07-31,316,1,6.99
Day,2022-07-31,329,1,6.99
Day,2022-07-31,331,1,6.99
Day,2022-07-31,356,1,6.99
Day,2022-07-31,368,1,6.99
Day,2022-07-31,374,1,6.99
Day,2022-07-31,472,1,6.99
Day,2022-07-31,482,1,6.99
Day,2022-07-31,523,1,6.99
Day,2022-07-31,592,1,6.99
Day,2022-08-01,28,1,6.99
Day,2022-08-01,30,1,6.99
Day,2022-08-01,38,1,6.99
Day,2022-08-01,63,1,6.99
Day,2022-08-01,140,1,6.99
Day,2022-08-01,148,1,6.99
Day,2022-08-01,152,1,6.99
Day,2022-08-01,156,1,6.99
Day,2022-08-01,232,1,6.99
Day,2022-08-01,244,1,6.99
Day,2022-08-01,275,1,6.99
Day,2022-08-01,298,1,6.99
Day,2022-08-01,354,1,6.99
Day,2022-08-01,363,1,6.99
Day,2022-08-01,422,1,6.99
Day,2022-08-01,556,1,6.99
Day,2022-08-01,562,1,6.99
Day,2022-08-02,11,1,6.99
Day,2022-08-02,58,1,6.99
Day,2022-08-02,88,1,6.99
Day,2022-08-02,143,1,6.99
Day,2022-08-02,178,1,6.99
Day,2022-08-02,189,1,6.99
Day,2022-08-02,279,1,6.99
Day,2022-08-02,360,1,6.99
Day,2022-08-02,422,1,6.99
Day,2022-08-02,431,1,6.99
Day,2022-08-02,483,1,6.99
Day,2022-08-02,498,1,6.99
Day,2022-08-02,536,1,6.99
Day,2022-08-16,172,1,6.99
Day,2022-08-16,257,1,6.99
Day,2022-08-16,482,1,6.99
Day,2022-08-16,584,1,6.99
Day,2022-08-17,109,1,6.99
Day,2022-08-17,143,1,6.99
Day,2022-08-17,150,1,6.99
Day,2022-08-17,177,1,6.99
Day,2022-08-17,267,1,6.99
Day,2022-08-17,290,1,6.99
Day,2022-08-17,309,1,6.99
Day,2022-08-17,410,1,6.99
Day,2022-08-17,416,1,6.99
Day,2022-08-17,419,1,6.99
Day,2022-08-17,472,1,6.99
Day,2022-08-17,507,1,6.99
Day,2022-08-17,511,1,6.99
Day,2022-08-17,579,1,6.99
Day,2022-08-18,50,1,6.99
Day,2022-08-18,65,1,6.99
Day,2022-08-18,130,1,6.99
Day,2022-08-18,204,1,6.99
Day,2022-08-18,240,1,6.99
Day,2022-08-18,259,1,6.99
Day,2022-08-18,261,1,6.99
Day,2022-08-18,283,1,6.99
Day,2022-08-18,329,1,6.99
Day,2022-08-18,337,1,6.99
Day,2022-08-18,358,1,6.99
Day,2022-08-18,431,1,6.99
Day,2022-08-18,432,1,6.99
Day,2022-08-18,433,1,6.99
Day,2022-08-18,440,1,6.99
Day,2022-08-18,463,1,6.99
Day,2022-08-18,522,1,6.99
Day,2022-08-18,527,1,6.99
Day,2022-08-18,587,1,6.99
Day,2022-08-19,6,1,6.99
Day,2022-08-19,114,1,6.99
Day,2022-08-19,118,1,6.99
Day,2022-08-19,119,1,6.99
Day,2022-08-19,125,1,6.99
Day,2022-08-19,160,1,6.99
Day,2022-08-19,186,1,6.99
Day,2022-08-19,263,1,6.99
Day,2022-08-19,307,1,6.99
Day,2022-08-19,308,1,6.99
Day,2022-08-19,337,1,6.99
Day,2022-08-19,362,1,6.99
Day,2022-08-19,380,1,6.99
Day,2022-08-20,16,1,6.99
Day,2022-08-20,82,1,6.99
Day,2022-08-20,107,1,6.99
Day,2022-08-20,321,1,6.99
Day,2022-08-20,356,1,6.99
Day,2022-08-20,522,1,6.99
Day,2022-08-20,589,1,6.99
Day,2022-08-20,593,1,6.99
Day,2022-08-21,22,1,6.99
Day,2022-08-21,40,1,6.99
Day,2022-08-21,45,1,6.99
Day,2022-08-21,145,1,6.99
Day,2022-08-21,200,1,6.99
Day,2022-08-21,209,1,6.99
Day,2022-08-21,213,1,6.99
Day,2022-08-21,246,1,6.99
Day,2022-08-21,287,1,6.99
Day,2022-08-21,293,1,6.99
Day,2022-08-21,351,1,6.99
Day,2022-08-21,365,1,6.99
Day,2022-08-21,380,1,6.99
Day,2022-08-21,397,1,6.99
Day,2022-08-21,407,1,6.99
Day,2022-08-21,412,1,6.99
Day,2022-08-21,423,1,6.99
Day,2022-08-21,426,1,6.99
Day,2022-08-21,527,1,6.99
Day,2022-08-22,61,1,6.99
Day,2022-08-22,120,1,6.99
Day,2022-08-22,235,1,6.99
Day,2022-08-22,249,1,6.99
Day,2022-08-22,258,1,6.99
Day,2022-08-22,366,1,6.99
Day,2022-08-22,414,1,6.99
Day,2022-08-22,464,1,6.99
Day,2022-08-22,524,1,6.99
Day,2022-08-22,538,1,6.99
Day,2022-08-22,555,1,6.99
Day,2022-08-22,560,1,6.99
Day,2022-08-23,133,1,6.99
Day,2022-08-23,146,1,6.99
Day,2022-08-23,245,1,6.99
Day,2022-08-23,270,1,6.99
Day,2022-08-23,273,1,6.99
Day,2022-08-23,305,1,6.99
Day,2022-08-23,312,1,6.99
Day,2022-08-23,313,1,6.99
Day,2022-08-23,315,1,6.99
Day,2022-08-23,341,1,6.99
Day,2022-08-23,383,1,6.99
Day,2022-08-23,385,1,6.99
Day,2022-08-23,474,1,6.99
Day,2022-08-23,522,1,6.99
Day,2022-08-23,528,1,6.99
Day,2022-08-23,596,1,6.99
Month,2022-05-01,8,1,6.99
Month,2022-05-01,11,1,6.99
Month,2022-05-01,181,1,6.99
Month,2022-05-01,277,1,6.99
Month,2022-05-01,286,1,6.99
Month,2022-05-01,317,1,6.99
Month,2022-05-01,327,1,6.99
Month,2022-05-01,353,1,6.99
Month,2022-05-01,366,1,6.99
Month,2022-05-01,409,1,6.99
Month,2022-05-01,427,1,6.99
Month,2022-05-01,461,1,6.99
Month,2022-05-01,483,1,6.99
Month,2022-05-01,520,1,6.99
Month,2022-05-01,595,1,6.99
Month,2022-06-01,370,1,6.99
Month,2022-06-01,425,1,6.99
Day,2022-05-24,269,1,1.99
Day,2022-05-25,49,1,1.99
Day,2022-05-25,86,1,1.99
Day,2022-05-25,266,1,1.99
Day,2022-05-25,282,1,1.99
Day,2022-05-25,503,1,1.99
Day,2022-05-26,29,1,1.99
Day,2022-05-26,162,1,1.99
Day,2022-05-26,270,1,1.99
Day,2022-05-26,354,1,1.99
Day,2022-05-27,3,1,1.99
Day,2022-05-27,77,1,1.99
Day,2022-05-27,464,1,1.99
Day,2022-05-27,543,1,1.99
Day,2022-05-28,20,1,1.99
Day,2022-05-28,76,1,1.99
Day,2022-05-28,102,1,1.99
Day,2022-05-28,166,1,1.99
Day,2022-05-28,186,1,1.99
Day,2022-05-28,294,1,1.99
Day,2022-05-28,400,1,1.99
Day,2022-05-28,463,1,1.99
Day,2022-05-28,501,1,1.99
Day,2022-05-28,516,1,1.99
Day,2022-05-29,60,1,1.99
Day,2022-05-29,69,1,1.99
Day,2022-05-29,244,1,1.99
Day,2022-05-29,401,1,1.99
Day,2022-05-29,402,1,1.99
Day,2022-05-29,596,1,1.99
Day,2022-05-30,192,1,1.99
Day,2022-05-30,411,1,1.99
Day,2022-05-30,469,1,1.99
Day,2022-05-31,164,1,1.99
Day,2022-05-31,196,1,1.99
Day,2022-05-31,204,1,1.99
Day,2022-05-31,316,1,1.99
Day,2022-05-31,351,1,1.99
Day,2022-05-31,547,1,1.99
Day,2022-06-14,546,1,1.99
Day,2022-06-15,95,1,1.99
Day,2022-06-15,142,1,1.99
Day,2022-06-15,155,1,1.99
Day,2022-06-15,246,1,1.99
Day,2022-06-15,253,1,1.99
Day,2022-06-15,365,1,1.99
Day,2022-06-15,366,1,1.99
Day,2022-06-15,455,1,1.99
Day,2022-06-15,516,1,1.99
Day,2022-06-15,524,1,1.99
Day,2022-06-15,529,1,1.99
Day,2022-06-15,548,1,1.99
Day,2022-06-16,85,1,1.99
Day,2022-06-16,135,1,1.99
Day,2022-06-16,146,1,1.99
Day,2022-06-16,320,1,1.99
Day,2022-06-16,357,1,1.99
Day,2022-06-16,359,1,1.99
Day,2022-06-16,374,1,1.99
Day,2022-06-16,455,1,1.99
Day,2022-06-16,560,1,1.99
Day,2022-06-16,596,1,1.99
Day,2022-06-17,178,1,1.99
Day,2022-06-17,249,1,1.99
Day,2022-06-17,374,1,1.99
Day,2022-06-17,381,1,1.99
Day,2022-06-17,393,1,1.99
Day,2022-06-17,427,1,1.99
Day,2022-06-18,76,1,1.99
Day,2022-06-18,124,1,1.99
Day,2022-06-18,273,1,1.99
Day,2022-06-18,295,1,1.99
Day,2022-06-18,558,1,1.99
Day,2022-06-18,599,1,1.99
Day,2022-06-19,295,1,1.99
Day,2022-06-19,451,1,1.99
Day,2022-06-19,504,1,1.99
Day,2022-06-19,513,1,1.99
Day,2022-06-19,596,1,1.99
Day,2022-06-20,27,1,1.99
Day,2022-06-20,32,1,1.99
Day,2022-06-20,74,1,1.99
Day,2022-06-20,150,1,1.99
Day,2022-06-20,172,1,1.99
Day,2022-06-20,262,1,1.99
Day,2022-06-20,397,1,1.99
Day,2022-06-20,573,1,1.99
Day,2022-06-20,597,1,1.99
Day,2022-06-21,174,1,1.99
Day,2022-06-21,263,1,1.99
Day,2022-06-21,268,1,1.99
Day,2022-06-21,499,1,1.99
Day,2022-06-21,555,1,1.99
Day,2022-06-21,559,1,1.99
Day,2022-06-21,594,1,1.99
Day,2022-07-05,102,1,1.99
Day,2022-07-05,111,1,1.99
Day,2022-07-05,295,1,1.99
Day,2022-07-06,43,1,1.99
Day,2022-07-06,52,1,1.99
Day,2022-07-06,271,1,1.99
Day,2022-07-06,374,1,1.99
Day,2022-07-06,487,1,1.99
Day,2022-07-07,163,1,1.99
Day,2022-07-07,330,1,1.99
Day,2022-07-07,580,1,1.99
Day,2022-07-08,115,1,1.99
Day,2022-07-08,174,1,1.99
Day,2022-07-08,242,1,1.99
Day,2022-07-08,323,1,1.99
Day,2022-07-08,365,1,1.99
Day,2022-07-08,371,1,1.99
Day,2022-07-09,40,1,1.99
Day,2022-07-09,54,1,1.99
Day,2022-07-09,58,1,1.99
Day,2022-07-09,78,1,1.99
Day,2022-07-09,104,1,1.99
Day,2022-07-09,120,1,1.99
Day,2022-07-09,155,1,1.99
Day,2022-07-09,175,1,1.99
Day,2022-07-09,183,1,1.99
Day,2022-07-09,287,1,1.99
Day,2022-07-09,299,1,1.99
Day,2022-07-09,396,1,1.99
Day,2022-07-09,551,1,1.99
Day,2022-07-09,559,1,1.99
Day,2022-07-10,29,1,1.99
Day,2022-07-10,118,1,1.99
Day,2022-07-10,350,1,1.99
Day,2022-07-10,360,1,1.99
Day,2022-07-10,378,1,1.99
Day,2022-07-10,405,1,1.99
Day,2022-07-10,422,1,1.99
Day,2022-07-10,501,1,1.99
Day,2022-07-11,148,1,1.99
Day,2022-07-11,228,1,1.99
Day,2022-07-11,347,1,1.99
Day,2022-07-11,378,1,1.99
Day,2022-07-11,404,1,1.99
Day,2022-07-12,17,1,1.99
Day,2022-07-12,80,1,1.99
Day,2022-07-12,118,1,1.99
Day,2022-07-12,163,1,1.99
Day,2022-07-12,208,1,1.99
Day,2022-07-12,210,1,1.99
Day,2022-07-12,219,1,1.99
Day,2022-07-12,268,1,1.99
Day,2022-07-12,423,1,1.99
Day,2022-07-12,510,1,1.99
Day,2022-07-12,525,1,1.99
Day,2022-07-26,21,1,1.99
Day,2022-07-26,132,1,1.99
Day,2022-07-26,527,1,1.99
Day,2022-07-27,24,1,1.99
Day,2022-07-27,78,1,1.99
Day,2022-07-27,215,1,1.99
Day,2022-07-27,265,1,1.99
Day,2022-07-27,327,1,1.99
Day,2022-07-27,457,1,1.99
Day,2022-07-27,521,1,1.99
Day,2022-07-27,559,1,1.99
Day,2022-07-28,27,1,1.99
Day,2022-07-28,92,1,1.99
Day,2022-07-28,132,1,1.99
Day,2022-07-28,154,1,1.99
Day,2022-07-28,290,1,1.99
Day,2022-07-28,316,1,1.99
Day,2022-07-28,327,1,1.99
Day,2022-07-28,328,1,1.99
Day,2022-07-28,494,1,1.99
Day,2022-07-28,559,1,1.99
Day,2022-07-29,8,1,1.99
Day,2022-07-29,67,1,1.99
Day,2022-07-29,104,1,1.99
Day,2022-07-29,107,1,1.99
Day,2022-07-29,120,1,1.99
Day,2022-07-29,134,1,1.99
Day,2022-07-29,208,1,1.99
Day,2022-07-29,267,1,1.99
Day,2022-07-29,355,1,1.99
Day,2022-07-29,366,1,1.99
Day,2022-07-29,384,1,1.99
Day,2022-07-29,559,1,1.99
Day,2022-07-30,39,1,1.99
Day,2022-07-30,138,1,1.99
Day,2022-07-30,177,1,1.99
Day,2022-07-30,254,1,1.99
Day,2022-07-30,282,1,1.99
Day,2022-07-30,349,1,1.99
Day,2022-07-31,83,1,1.99
Day,2022-07-31,118,1,1.99
Day,2022-07-31,186,1,1.99
Day,2022-07-31,222,1,1.99
Day,2022-07-31,397,1,1.99
Day,2022-07-31,398,1,1.99
Day,2022-07-31,444,1,1.99
Day,2022-07-31,453,1,1.99
Day,2022-07-31,546,1,1.99
Day,2022-08-01,102,1,1.99
Day,2022-08-01,122,1,1.99
Day,2022-08-01,261,1,1.99
Day,2022-08-01,380,1,1.99
Day,2022-08-01,406,1,1.99
Day,2022-08-01,426,1,1.99
Day,2022-08-01,439,1,1.99
Day,2022-08-01,441,1,1.99
Day,2022-08-01,480,1,1.99
Day,2022-08-01,523,1,1.99
Day,2022-08-02,20,1,1.99
Day,2022-08-02,55,1,1.99
Day,2022-08-02,241,1,1.99
Day,2022-08-02,275,1,1.99
Day,2022-08-02,293,1,1.99
Day,2022-08-02,415,1,1.99
Day,2022-08-02,441,1,1.99
Day,2022-08-02,460,1,1.99
Day,2022-08-02,464,1,1.99
Day,2022-08-02,556,1,1.99
Day,2022-08-02,559,1,1.99
Day,2022-08-16,370,1,1.99
Day,2022-08-17,60,1,1.99
Day,2022-08-17,153,1,1.99
Day,2022-08-17,158,1,1.99
Day,2022-08-17,197,1,1.99
Day,2022-08-17,257,1,1.99
Day,2022-08-17,289,1,1.99
Day,2022-08-17,525,1,1.99
Day,2022-08-18,38,1,1.99
Day,2022-08-18,77,1,1.99
Day,2022-08-18,226,1,1.99
Day,2022-08-18,359,1,1.99
Day,2022-08-18,504,1,1.99
Day,2022-08-18,516,1,1.99
Day,2022-08-18,558,1,1.99
Day,2022-08-18,563,1,1.99
Day,2022-08-18,572,1,1.99
Day,2022-08-19,4,1,1.99
Day,2022-08-19,5,1,1.99
Day,2022-08-19,101,1,1.99
Day,2022-08-19,158,1,1.99
Day,2022-08-19,159,1,1.99
Day,2022-08-19,431,1,1.99
Day,2022-08-19,572,1,1.99
Day,2022-08-20,270,1,1.99
Day,2022-08-20,355,1,1.99
Day,2022-08-20,393,1,1.99
Day,2022-08-20,427,1,1.99
Day,2022-08-20,588,1,1.99
Day,2022-08-21,86,1,1.99
Day,2022-08-21,94,1,1.99
Day,2022-08-21,98,1,1.99
Day,2022-08-21,156,1,1.99
Day,2022-08-21,162,1,1.99
Day,2022-08-21,176,1,1.99
Day,2022-08-21,281,1,1.99
Day,2022-08-21,514,1,1.99
Day,2022-08-22,68,1,1.99
Day,2022-08-22,102,1,1.99
Day,2022-08-22,129,1,1.99
Day,2022-08-22,144,1,1.99
Day,2022-08-22,165,1,1.99
Day,2022-08-22,383,1,1.99
Day,2022-08-22,416,1,1.99
Day,2022-08-22,437,1,1.99
Day,2022-08-22,534,1,1.99
Day,2022-08-22,543,1,1.99
Day,2022-08-22,584,1,1.99
Day,2022-08-23,4,1,1.99
Day,2022-08-23,61,1,1.99
Day,2022-08-23,142,1,1.99
Day,2022-08-23,153,1,1.99
Day,2022-08-23,166,1,1.99
Day,2022-08-23,207,1,1.99
Day,2022-08-23,224,1,1.99
Day,2022-08-23,237,1,1.99
Day,2022-08-23,359,1,1.99
Day,2022-08-23,454,1,1.99
Day,2022-08-23,455,1,1.99
Day,2022-08-23,471,1,1.99
Day,2022-08-23,541,1,1.99
Day,2022-08-23,543,1,1.99
Month,2022-05-01,29,1,1.99
Month,2022-05-01,86,1,1.99
Month,2022-05-01,164,1,1.99
Month,2022-05-01,166,1,1.99
Month,2022-05-01,192,1,1.99
Month,2022-05-01,294,1,1.99
Month,2022-05-01,351,1,1.99
Month,2022-05-01,402,1,1.99
Month,2022-05-01,463,1,1.99
Month,2022-06-01,124,1,1.99
Month,2022-06-01,555,1,1.99